instance,method,seed,value,time,evaluations,feasible,gen_to_best,final_diversity
OR10x100-0.25_1.dat,GA,0,22862.0,1.961485529998754,19700,True,12,0.02182
OR10x100-0.25_1.dat,GA,1,22833.0,2.1831018079974456,19700,True,26,0.016996
OR10x100-0.25_1.dat,GA,2,22803.0,2.6175209140019433,19700,True,9,0.021916
OR10x100-0.25_1.dat,GA,3,22973.0,1.7970860450004693,19700,True,11,0.034412000000000005
OR10x100-0.25_1.dat,GA,4,23050.0,2.21867537900107,19700,True,41,0.023824000000000005
OR10x100-0.25_1.dat,GA,5,22798.0,2.5725594720024674,19700,True,92,0.035031999999999994
OR10x100-0.25_1.dat,GA,6,23057.0,2.4013970810010505,19700,True,10,0.025680000000000005
OR10x100-0.25_1.dat,GA,7,22915.0,1.7953506869998819,19700,True,15,0.020588000000000006
OR10x100-0.25_1.dat,GA,8,22998.0,2.510571816997981,19700,True,130,0.030088000000000007
OR10x100-0.25_1.dat,GA,9,22810.0,2.623268661998736,19700,True,78,0.029015999999999997
OR10x100-0.25_1.dat,GA-FIX-UX+BF3,0,22960.0,2.287595523001073,19700,True,21,0.076616
OR10x100-0.25_1.dat,GA-FIX-UX+BF3,1,22960.0,2.45928158300012,19700,True,62,0.07248800000000002
OR10x100-0.25_1.dat,GA-FIX-UX+BF3,2,22960.0,2.460442449999391,19700,True,28,0.08377600000000002
OR10x100-0.25_1.dat,GA-FIX-UX+BF3,3,23050.0,2.0170157569991716,19700,True,19,0.07970000000000002
OR10x100-0.25_1.dat,GA-FIX-UX+BF3,4,23006.0,2.258997314998851,19700,True,134,0.12241200000000002
OR10x100-0.25_1.dat,GA-FIX-UX+BF3,5,23057.0,2.0548230620006507,19700,True,118,0.10948400000000003
OR10x100-0.25_1.dat,GA-FIX-UX+BF3,6,23006.0,2.2322324460001255,19700,True,173,0.1589
OR10x100-0.25_1.dat,GA-FIX-UX+BF3,7,22942.0,2.179429063999123,19700,True,26,0.09590400000000003
OR10x100-0.25_1.dat,GA-FIX-UX+BF3,8,22942.0,2.0714263250010845,19700,True,25,0.09290000000000002
OR10x100-0.25_1.dat,GA-FIX-UX+BF3,9,22850.0,1.94884592499875,19700,True,4,0.06584800000000002
OR10x100-0.25_1.dat,GA-QL,0,23001.0,2.474333951002336,19700,True,24,0.08007600000000002
OR10x100-0.25_1.dat,GA-QL,1,22960.0,3.18150664699715,19700,True,76,0.05008400000000002
OR10x100-0.25_1.dat,GA-QL,2,23025.0,2.317475503998139,19700,True,48,0.06989600000000001
OR10x100-0.25_1.dat,GA-QL,3,22960.0,2.9711982640001224,19700,True,42,0.049472000000000016
OR10x100-0.25_1.dat,GA-QL,4,22857.0,2.6812707809986023,19700,True,16,0.028440000000000003
OR10x100-0.25_1.dat,GA-QL,5,22867.0,2.101228578998416,19700,True,11,0.06255200000000001
OR10x100-0.25_1.dat,GA-QL,6,22910.0,2.6927448620008363,19700,True,31,0.04455200000000001
OR10x100-0.25_1.dat,GA-QL,7,22865.0,2.6850352250003198,19700,True,21,0.06892000000000001
OR10x100-0.25_1.dat,GA-QL,8,22957.0,2.167877646999841,19700,True,199,0.09236000000000003
OR10x100-0.25_1.dat,GA-QL,9,22910.0,2.9483795199994347,19700,True,23,0.030364000000000006
OR10x100-0.25_1.dat,GA-QL-T,0,22957.0,2.5094180640007835,19700,True,13,0.09422800000000003
OR10x100-0.25_1.dat,GA-QL-T,1,22942.0,2.3133104909975373,19700,True,160,0.06951200000000002
OR10x100-0.25_1.dat,GA-QL-T,2,22895.0,3.106694179998158,19700,True,10,0.06227600000000002
OR10x100-0.25_1.dat,GA-QL-T,3,22973.0,2.935543745999894,19700,True,31,0.04133200000000002
OR10x100-0.25_1.dat,GA-QL-T,4,22903.0,2.4418062629993074,19700,True,187,0.055800000000000016
OR10x100-0.25_1.dat,GA-QL-T,5,22977.0,2.5553906399982225,19700,True,64,0.09904800000000004
OR10x100-0.25_1.dat,GA-QL-T,6,22910.0,2.704667600002722,19700,True,31,0.037012
OR10x100-0.25_1.dat,GA-QL-T,7,22995.0,1.9557214450032916,19700,True,11,0.07176800000000001
OR10x100-0.25_1.dat,GA-QL-T,8,22997.0,2.3459884629992303,19700,True,111,0.10372800000000001
OR10x100-0.25_1.dat,GA-QL-T,9,22940.0,2.485241340000357,19700,True,130,0.07584400000000001
OR10x100-0.25_1.dat,GA-RAND,0,23050.0,2.514517338000587,19700,True,18,0.03619200000000001
OR10x100-0.25_1.dat,GA-RAND,1,22910.0,2.661710767999466,19700,True,21,0.04282400000000001
OR10x100-0.25_1.dat,GA-RAND,2,22985.0,2.1713326380013314,19700,True,16,0.06542400000000001
OR10x100-0.25_1.dat,GA-RAND,3,22995.0,2.7378693310020026,19700,True,190,0.0762
OR10x100-0.25_1.dat,GA-RAND,4,22895.0,2.302347832999658,19700,True,17,0.051856000000000006
OR10x100-0.25_1.dat,GA-RAND,5,22976.0,3.052241192999645,19700,True,17,0.067548
OR10x100-0.25_1.dat,GA-RAND,6,22895.0,2.5194956660016032,19700,True,17,0.029592
OR10x100-0.25_1.dat,GA-RAND,7,22960.0,2.9681344739983615,19700,True,23,0.06487200000000001
OR10x100-0.25_1.dat,GA-RAND,8,22944.0,2.062850291997165,19700,True,143,0.10896400000000002
OR10x100-0.25_1.dat,GA-RAND,9,23050.0,2.280862708998029,19700,True,59,0.041488000000000004
OR10x100-0.25_1.dat,GA-UCB,0,23050.0,2.537315839999792,19700,True,22,0.025908
OR10x100-0.25_1.dat,GA-UCB,1,22928.0,1.9368373199977214,19700,True,13,0.023660000000000004
OR10x100-0.25_1.dat,GA-UCB,2,22986.0,3.2427645540010417,19700,True,150,0.03776000000000001
OR10x100-0.25_1.dat,GA-UCB,3,22960.0,2.1760866660006286,19700,True,34,0.07270800000000002
OR10x100-0.25_1.dat,GA-UCB,4,23057.0,2.596642668999266,19700,True,63,0.07816000000000002
OR10x100-0.25_1.dat,GA-UCB,5,22995.0,2.6381617370025197,19700,True,31,0.037888000000000005
OR10x100-0.25_1.dat,GA-UCB,6,22986.0,2.4217295950002153,19700,True,19,0.036164
OR10x100-0.25_1.dat,GA-UCB,7,22955.0,2.666266224001447,19700,True,194,0.11665600000000004
OR10x100-0.25_1.dat,GA-UCB,8,22942.0,2.8066628980013775,19700,True,17,0.02944800000000001
OR10x100-0.25_1.dat,GA-UCB,9,22880.0,2.5165201099989645,19700,True,12,0.05164000000000001
OR10x100-0.25_10.dat,GA,0,22702.0,1.5959294989988848,19700,True,8,0.014656000000000008
OR10x100-0.25_10.dat,GA,1,22452.0,1.8614719950019207,19700,True,8,0.0054960000000000035
OR10x100-0.25_10.dat,GA,2,22479.0,1.726544842000294,19700,True,15,0.010120000000000007
OR10x100-0.25_10.dat,GA,3,22702.0,1.811123977000534,19700,True,9,0.01562
OR10x100-0.25_10.dat,GA,4,22606.0,1.6527011520011001,19700,True,16,0.015412000000000002
OR10x100-0.25_10.dat,GA,5,22476.0,2.0805395759998646,19700,True,111,0.022872000000000003
OR10x100-0.25_10.dat,GA,6,22440.0,1.7802532310015522,19700,True,53,0.025500000000000002
OR10x100-0.25_10.dat,GA,7,22702.0,1.825849040000321,19700,True,60,0.017391999999999998
OR10x100-0.25_10.dat,GA,8,22551.0,1.9075045740028145,19700,True,108,0.019292000000000007
OR10x100-0.25_10.dat,GA,9,22702.0,2.5589591739990283,19700,True,16,0.019680000000000003
OR10x100-0.25_10.dat,GA-FIX-UX+BF3,0,22499.0,2.7289187669994135,19700,True,54,0.07219200000000002
OR10x100-0.25_10.dat,GA-FIX-UX+BF3,1,22702.0,2.8090479749989754,19700,True,78,0.05006400000000001
OR10x100-0.25_10.dat,GA-FIX-UX+BF3,2,22702.0,2.633620593998785,19700,True,10,0.044564000000000006
OR10x100-0.25_10.dat,GA-FIX-UX+BF3,3,22606.0,2.1551043350009422,19700,True,15,0.045416000000000026
OR10x100-0.25_10.dat,GA-FIX-UX+BF3,4,22702.0,2.845722537000256,19700,True,16,0.058936000000000016
OR10x100-0.25_10.dat,GA-FIX-UX+BF3,5,22702.0,3.250075089999882,19700,True,47,0.03674400000000001
OR10x100-0.25_10.dat,GA-FIX-UX+BF3,6,22524.0,3.057195313998818,19700,True,30,0.050804
OR10x100-0.25_10.dat,GA-FIX-UX+BF3,7,22702.0,3.2719908229992143,19700,True,31,0.043440000000000006
OR10x100-0.25_10.dat,GA-FIX-UX+BF3,8,22702.0,2.2309798930000397,19700,True,12,0.04012000000000002
OR10x100-0.25_10.dat,GA-FIX-UX+BF3,9,22569.0,2.173318499000743,19700,True,10,0.04767600000000001
OR10x100-0.25_10.dat,GA-QL,0,22702.0,2.7991868249991967,19700,True,13,0.04854000000000001
OR10x100-0.25_10.dat,GA-QL,1,22519.0,2.65283921900118,19700,True,17,0.055492000000000014
OR10x100-0.25_10.dat,GA-QL,2,22434.0,2.0124045829979877,19700,True,9,0.011504000000000007
OR10x100-0.25_10.dat,GA-QL,3,22551.0,1.9395143049987382,19700,True,57,0.008868000000000004
OR10x100-0.25_10.dat,GA-QL,4,22501.0,3.362359260998346,19700,True,17,0.011752000000000007
OR10x100-0.25_10.dat,GA-QL,5,22452.0,2.500068069999543,19700,True,10,0.03574400000000002
OR10x100-0.25_10.dat,GA-QL,6,22420.0,2.710119534000114,19700,True,160,0.031592
OR10x100-0.25_10.dat,GA-QL,7,22551.0,2.5804121600012877,19700,True,114,0.04216800000000001
OR10x100-0.25_10.dat,GA-QL,8,22606.0,1.9186445279992768,19700,True,20,0.008900000000000005
OR10x100-0.25_10.dat,GA-QL,9,22551.0,2.8092882060009288,19700,True,174,0.02961600000000001
OR10x100-0.25_10.dat,GA-QL-T,0,22568.0,2.488080892002472,19700,True,8,0.032636000000000005
OR10x100-0.25_10.dat,GA-QL-T,1,22537.0,3.0972559150031884,19700,True,79,0.022524000000000002
OR10x100-0.25_10.dat,GA-QL-T,2,22501.0,2.5525817559973802,19700,True,13,0.038236000000000006
OR10x100-0.25_10.dat,GA-QL-T,3,22606.0,2.15793058700001,19700,True,8,0.05383200000000002
OR10x100-0.25_10.dat,GA-QL-T,4,22524.0,1.8779228080020403,19700,True,14,0.05533600000000001
OR10x100-0.25_10.dat,GA-QL-T,5,22501.0,2.636026870997739,19700,True,5,0.007760000000000005
OR10x100-0.25_10.dat,GA-QL-T,6,22537.0,3.1603272879983706,19700,True,41,0.04026800000000001
OR10x100-0.25_10.dat,GA-QL-T,7,22702.0,2.4513170509999327,19700,True,114,0.010064000000000003
OR10x100-0.25_10.dat,GA-QL-T,8,22569.0,1.9395674810002674,19700,True,9,0.015628000000000003
OR10x100-0.25_10.dat,GA-QL-T,9,22551.0,2.930125531001977,19700,True,59,0.01862
OR10x100-0.25_10.dat,GA-RAND,0,22702.0,2.1946575379988644,19700,True,39,0.011004000000000007
OR10x100-0.25_10.dat,GA-RAND,1,22501.0,1.9656978589991922,19700,True,4,0.009224000000000005
OR10x100-0.25_10.dat,GA-RAND,2,22702.0,2.7026148949989874,19700,True,17,0.04692800000000002
OR10x100-0.25_10.dat,GA-RAND,3,22606.0,2.230329334997805,19700,True,6,0.018844000000000003
OR10x100-0.25_10.dat,GA-RAND,4,22698.0,2.6709790659988357,19700,True,92,0.016808000000000003
OR10x100-0.25_10.dat,GA-RAND,5,22698.0,2.8248561800028256,19700,True,194,0.053079999999999995
OR10x100-0.25_10.dat,GA-RAND,6,22551.0,2.7568735709974135,19700,True,22,0.012376000000000007
OR10x100-0.25_10.dat,GA-RAND,7,22440.0,2.4393156029982492,19700,True,9,0.024468
OR10x100-0.25_10.dat,GA-RAND,8,22569.0,2.827635678000661,19700,True,16,0.021756000000000008
OR10x100-0.25_10.dat,GA-RAND,9,22698.0,1.9565327809978044,19700,True,69,0.014092000000000004
OR10x100-0.25_10.dat,GA-UCB,0,22606.0,3.0535658779990626,19700,True,36,0.024212000000000008
OR10x100-0.25_10.dat,GA-UCB,1,22522.0,2.10142326300047,19700,True,107,0.02445200000000001
OR10x100-0.25_10.dat,GA-UCB,2,22551.0,3.633766201000981,19700,True,8,0.045176
OR10x100-0.25_10.dat,GA-UCB,3,22501.0,3.470945828998083,19700,True,8,0.022552000000000003
OR10x100-0.25_10.dat,GA-UCB,4,22606.0,2.27927628299949,19700,True,18,0.009344000000000005
OR10x100-0.25_10.dat,GA-UCB,5,22501.0,1.9262125300010666,19700,True,8,0.042796000000000015
OR10x100-0.25_10.dat,GA-UCB,6,22606.0,3.3340005929967447,19700,True,8,0.010404000000000002
OR10x100-0.25_10.dat,GA-UCB,7,22501.0,2.6818591769988416,19700,True,7,0.006588000000000004
OR10x100-0.25_10.dat,GA-UCB,8,22569.0,2.8596257399985916,19700,True,17,0.012412000000000001
OR10x100-0.25_10.dat,GA-UCB,9,22551.0,2.2504218879985274,19700,True,61,0.021624000000000008
OR10x100-0.25_2.dat,GA,0,22552.0,2.943960998996772,19700,True,13,0.006968000000000003
OR10x100-0.25_2.dat,GA,1,22552.0,2.672055476003152,19700,True,13,0.010428000000000007
OR10x100-0.25_2.dat,GA,2,22558.0,1.8569103209993045,19700,True,6,0.010776000000000003
OR10x100-0.25_2.dat,GA,3,22678.0,2.4081485319984495,19700,True,16,0.020292000000000004
OR10x100-0.25_2.dat,GA,4,22629.0,1.9070776129992737,19700,True,84,0.013840000000000005
OR10x100-0.25_2.dat,GA,5,22546.0,1.8992897269999958,19700,True,63,0.033464
OR10x100-0.25_2.dat,GA,6,22576.0,2.4223559950005438,19700,True,185,0.022224
OR10x100-0.25_2.dat,GA,7,22675.0,2.218425234001188,19700,True,11,0.020100000000000003
OR10x100-0.25_2.dat,GA,8,22611.0,2.4381215470020834,19700,True,10,0.008884000000000005
OR10x100-0.25_2.dat,GA,9,22508.0,2.3784013199983747,19700,True,8,0.020515999999999996
OR10x100-0.25_2.dat,GA-FIX-UX+BF3,0,22552.0,1.3418143250019057,19700,True,11,0.03412400000000001
OR10x100-0.25_2.dat,GA-FIX-UX+BF3,1,22678.0,1.9798984179979016,19700,True,149,0.05418000000000001
OR10x100-0.25_2.dat,GA-FIX-UX+BF3,2,22675.0,1.970837633998599,19700,True,15,0.05764000000000001
OR10x100-0.25_2.dat,GA-FIX-UX+BF3,3,22629.0,1.9814135990018258,19700,True,51,0.08391600000000002
OR10x100-0.25_2.dat,GA-FIX-UX+BF3,4,22634.0,1.8454466910006886,19700,True,9,0.129448
OR10x100-0.25_2.dat,GA-FIX-UX+BF3,5,22661.0,1.3501030270017509,19700,True,146,0.04831200000000001
OR10x100-0.25_2.dat,GA-FIX-UX+BF3,6,22678.0,2.1032039060009993,19700,True,106,0.05526800000000001
OR10x100-0.25_2.dat,GA-FIX-UX+BF3,7,22675.0,1.8847644779998518,19700,True,11,0.064184
OR10x100-0.25_2.dat,GA-FIX-UX+BF3,8,22678.0,2.0389788769971346,19700,True,58,0.05884
OR10x100-0.25_2.dat,GA-FIX-UX+BF3,9,22600.0,2.011706895998941,19700,True,103,0.10906800000000003
OR10x100-0.25_2.dat,GA-QL,0,22678.0,2.628375328000402,19700,True,9,0.025172
OR10x100-0.25_2.dat,GA-QL,1,22706.0,2.5480286220008566,19700,True,15,0.03276800000000001
OR10x100-0.25_2.dat,GA-QL,2,22678.0,2.2992558820005797,19700,True,92,0.03162
OR10x100-0.25_2.dat,GA-QL,3,22743.0,2.1009368319973873,19700,True,24,0.017176000000000004
OR10x100-0.25_2.dat,GA-QL,4,22672.0,2.2652172170019185,19700,True,12,0.06883600000000002
OR10x100-0.25_2.dat,GA-QL,5,22699.0,1.8799944659986068,19700,True,35,0.03316
OR10x100-0.25_2.dat,GA-QL,6,22563.0,1.5495062769987271,19700,True,65,0.06493600000000002
OR10x100-0.25_2.dat,GA-QL,7,22675.0,1.830233437998686,19700,True,37,0.03699600000000001
OR10x100-0.25_2.dat,GA-QL,8,22675.0,1.8501612410000234,19700,True,9,0.06336800000000002
OR10x100-0.25_2.dat,GA-QL,9,22649.0,1.4962702190023265,19700,True,8,0.027143999999999998
OR10x100-0.25_2.dat,GA-QL-T,0,22731.0,1.6784628009991138,19700,True,21,0.05120400000000002
OR10x100-0.25_2.dat,GA-QL-T,1,22611.0,1.9228884520016436,19700,True,17,0.004300000000000002
OR10x100-0.25_2.dat,GA-QL-T,2,22582.0,1.7295512929995311,19700,True,58,0.06203200000000002
OR10x100-0.25_2.dat,GA-QL-T,3,22552.0,1.6404615840001497,19700,True,12,0.009400000000000006
OR10x100-0.25_2.dat,GA-QL-T,4,22680.0,1.6795545729983132,19700,True,18,0.04784800000000001
OR10x100-0.25_2.dat,GA-QL-T,5,22582.0,1.610188251001091,19700,True,8,0.019544000000000002
OR10x100-0.25_2.dat,GA-QL-T,6,22552.0,1.8582537729998876,19700,True,11,0.013428000000000004
OR10x100-0.25_2.dat,GA-QL-T,7,22678.0,1.8203505130004487,19700,True,163,0.02581600000000001
OR10x100-0.25_2.dat,GA-QL-T,8,22582.0,1.9348216889993637,19700,True,9,0.017772000000000007
OR10x100-0.25_2.dat,GA-QL-T,9,22678.0,1.8288083160005044,19700,True,9,0.026632
OR10x100-0.25_2.dat,GA-RAND,0,22687.0,2.154447592998622,19700,True,193,0.069448
OR10x100-0.25_2.dat,GA-RAND,1,22687.0,1.9243221690012433,19700,True,15,0.022728
OR10x100-0.25_2.dat,GA-RAND,2,22731.0,2.0698234609990322,19700,True,19,0.047804
OR10x100-0.25_2.dat,GA-RAND,3,22552.0,3.1366113030017004,19700,True,13,0.006588000000000005
OR10x100-0.25_2.dat,GA-RAND,4,22629.0,2.8103460740021546,19700,True,28,0.024484000000000002
OR10x100-0.25_2.dat,GA-RAND,5,22563.0,3.274508621998393,19700,True,92,0.06775600000000001
OR10x100-0.25_2.dat,GA-RAND,6,22739.0,3.281350982000731,19700,True,90,0.027348000000000004
OR10x100-0.25_2.dat,GA-RAND,7,22552.0,2.6208514680001826,19700,True,11,0.02109200000000001
OR10x100-0.25_2.dat,GA-RAND,8,22630.0,1.9096032109991938,19700,True,12,0.019600000000000003
OR10x100-0.25_2.dat,GA-RAND,9,22678.0,2.0681304080026166,19700,True,15,0.019024000000000006
OR10x100-0.25_2.dat,GA-UCB,0,22680.0,2.6059239890018944,19700,True,11,0.07788800000000001
OR10x100-0.25_2.dat,GA-UCB,1,22566.0,2.3380602139986877,19700,True,10,0.031728000000000006
OR10x100-0.25_2.dat,GA-UCB,2,22678.0,2.261208936000912,19700,True,13,0.06471200000000002
OR10x100-0.25_2.dat,GA-UCB,3,22678.0,2.6018200400030764,19700,True,12,0.036384
OR10x100-0.25_2.dat,GA-UCB,4,22650.0,2.3641050810001616,19700,True,75,0.040868
OR10x100-0.25_2.dat,GA-UCB,5,22611.0,2.657339614997909,19700,True,8,0.05379600000000001
OR10x100-0.25_2.dat,GA-UCB,6,22575.0,2.8071617919995333,19700,True,7,0.015248
OR10x100-0.25_2.dat,GA-UCB,7,22552.0,1.9481738280010177,19700,True,10,0.02064800000000001
OR10x100-0.25_2.dat,GA-UCB,8,22684.0,2.0914236979988345,19700,True,34,0.06724800000000002
OR10x100-0.25_2.dat,GA-UCB,9,22678.0,2.6753114070015727,19700,True,10,0.016516000000000003
OR10x100-0.25_3.dat,GA,0,21949.0,1.574399724999239,19700,True,68,0.017196000000000006
OR10x100-0.25_3.dat,GA,1,21850.0,1.5188000970010762,19700,True,6,0.026844000000000007
OR10x100-0.25_3.dat,GA,2,22006.0,1.259062045999599,19700,True,10,0.028100000000000003
OR10x100-0.25_3.dat,GA,3,21960.0,1.528334006001387,19700,True,9,0.043352
OR10x100-0.25_3.dat,GA,4,21877.0,1.6972426920001453,19700,True,9,0.020655999999999997
OR10x100-0.25_3.dat,GA,5,21994.0,1.4998111029999563,19700,True,15,0.019536
OR10x100-0.25_3.dat,GA,6,21891.0,1.2201474309986224,19700,True,17,0.022620000000000005
OR10x100-0.25_3.dat,GA,7,22066.0,1.578786238002067,19700,True,147,0.032608
OR10x100-0.25_3.dat,GA,8,21917.0,1.6322011379998003,19700,True,196,0.053056
OR10x100-0.25_3.dat,GA,9,22064.0,1.4722362159991462,19700,True,43,0.020628
OR10x100-0.25_3.dat,GA-FIX-UX+BF3,0,22064.0,1.9899451679993945,19700,True,30,0.07502800000000001
OR10x100-0.25_3.dat,GA-FIX-UX+BF3,1,21994.0,1.8740199259991641,19700,True,27,0.08984400000000001
OR10x100-0.25_3.dat,GA-FIX-UX+BF3,2,22064.0,1.3044148150002002,19700,True,19,0.07174400000000002
OR10x100-0.25_3.dat,GA-FIX-UX+BF3,3,21993.0,1.8581984030024614,19700,True,139,0.10823600000000003
OR10x100-0.25_3.dat,GA-FIX-UX+BF3,4,21994.0,1.9517271730001085,19700,True,12,0.081524
OR10x100-0.25_3.dat,GA-FIX-UX+BF3,5,22131.0,2.018636153999978,19700,True,141,0.06800800000000003
OR10x100-0.25_3.dat,GA-FIX-UX+BF3,6,21994.0,1.9898973829986062,19700,True,22,0.09863600000000002
OR10x100-0.25_3.dat,GA-FIX-UX+BF3,7,21994.0,1.9988252260009176,19700,True,13,0.11473200000000001
OR10x100-0.25_3.dat,GA-FIX-UX+BF3,8,21994.0,1.3370523580015288,19700,True,25,0.10216800000000002
OR10x100-0.25_3.dat,GA-FIX-UX+BF3,9,21994.0,1.9516576679998252,19700,True,91,0.10003200000000004
OR10x100-0.25_3.dat,GA-QL,0,22064.0,1.649953601998277,19700,True,22,0.018059999999999996
OR10x100-0.25_3.dat,GA-QL,1,21990.0,1.8764548500003002,19700,True,100,0.08414800000000001
OR10x100-0.25_3.dat,GA-QL,2,21994.0,1.8405882269980793,19700,True,53,0.05309200000000001
OR10x100-0.25_3.dat,GA-QL,3,22064.0,1.685173128000315,19700,True,23,0.020472
OR10x100-0.25_3.dat,GA-QL,4,21994.0,1.1492739179993805,19700,True,14,0.07397200000000001
OR10x100-0.25_3.dat,GA-QL,5,22006.0,1.854075045001082,19700,True,12,0.07851200000000001
OR10x100-0.25_3.dat,GA-QL,6,21855.0,1.669362116001139,19700,True,13,0.041392000000000005
OR10x100-0.25_3.dat,GA-QL,7,21994.0,1.7960631690002629,19700,True,10,0.047648
OR10x100-0.25_3.dat,GA-QL,8,21949.0,1.8205755070011946,19700,True,18,0.02704800000000001
OR10x100-0.25_3.dat,GA-QL,9,21908.0,1.8464844769987394,19700,True,13,0.06603200000000001
OR10x100-0.25_3.dat,GA-QL-T,0,22081.0,1.7534892439980467,19700,True,15,0.078892
OR10x100-0.25_3.dat,GA-QL-T,1,21949.0,1.794548631998623,19700,True,41,0.023472000000000007
OR10x100-0.25_3.dat,GA-QL-T,2,21994.0,1.9194974530000763,19700,True,15,0.08343600000000002
OR10x100-0.25_3.dat,GA-QL-T,3,21836.0,1.2811447940002836,19700,True,14,0.06260400000000002
OR10x100-0.25_3.dat,GA-QL-T,4,22064.0,1.8963641700029257,19700,True,38,0.07083600000000002
OR10x100-0.25_3.dat,GA-QL-T,5,21994.0,1.8540790020015265,19700,True,37,0.073088
OR10x100-0.25_3.dat,GA-QL-T,6,21994.0,1.856075775998761,19700,True,97,0.10642800000000001
OR10x100-0.25_3.dat,GA-QL-T,7,21949.0,1.8575703790011175,19700,True,16,0.056872000000000006
OR10x100-0.25_3.dat,GA-QL-T,8,21994.0,1.4729925739993632,19700,True,9,0.06971200000000001
OR10x100-0.25_3.dat,GA-QL-T,9,21994.0,1.536000708998472,19700,True,53,0.07516400000000001
OR10x100-0.25_3.dat,GA-RAND,0,21962.0,1.804348450001271,19700,True,56,0.038008
OR10x100-0.25_3.dat,GA-RAND,1,22013.0,1.9107724749992485,19700,True,16,0.031396
OR10x100-0.25_3.dat,GA-RAND,2,21994.0,1.8770283880003262,19700,True,13,0.07160800000000002
OR10x100-0.25_3.dat,GA-RAND,3,21994.0,1.2282682900004147,19700,True,36,0.024344
OR10x100-0.25_3.dat,GA-RAND,4,21994.0,1.8813002259994391,19700,True,88,0.04327200000000001
OR10x100-0.25_3.dat,GA-RAND,5,22006.0,1.733410124998045,19700,True,6,0.046396000000000014
OR10x100-0.25_3.dat,GA-RAND,6,22019.0,1.761897118001798,19700,True,63,0.020572000000000003
OR10x100-0.25_3.dat,GA-RAND,7,21994.0,1.8247777839969785,19700,True,40,0.08230000000000003
OR10x100-0.25_3.dat,GA-RAND,8,22065.0,1.598529292998137,19700,True,146,0.05809200000000001
OR10x100-0.25_3.dat,GA-RAND,9,21993.0,1.8496984970006451,19700,True,54,0.04668000000000001
OR10x100-0.25_3.dat,GA-UCB,0,21994.0,1.625914965999982,19700,True,109,0.05818800000000001
OR10x100-0.25_3.dat,GA-UCB,1,21949.0,1.5908970950004004,19700,True,18,0.014316000000000004
OR10x100-0.25_3.dat,GA-UCB,2,22131.0,1.6803723480006738,19700,True,25,0.020620000000000003
OR10x100-0.25_3.dat,GA-UCB,3,21935.0,1.6449772060004761,19700,True,15,0.03404
OR10x100-0.25_3.dat,GA-UCB,4,21994.0,1.8032696079972084,19700,True,12,0.064656
OR10x100-0.25_3.dat,GA-UCB,5,21994.0,1.8312568860019383,19700,True,29,0.040572
OR10x100-0.25_3.dat,GA-UCB,6,22064.0,1.7468575399980182,19700,True,26,0.033424
OR10x100-0.25_3.dat,GA-UCB,7,21994.0,1.8550316170003498,19700,True,19,0.06966000000000001
OR10x100-0.25_3.dat,GA-UCB,8,21994.0,1.3959434970020084,19700,True,31,0.057064000000000004
OR10x100-0.25_3.dat,GA-UCB,9,21889.0,1.846959529997548,19700,True,72,0.05968400000000001
OR10x100-0.25_4.dat,GA,0,22625.0,1.6543798909988254,19700,True,92,0.036064000000000006
OR10x100-0.25_4.dat,GA,1,22358.0,1.6865230639996298,19700,True,12,0.041456
OR10x100-0.25_4.dat,GA,2,22430.0,1.5614614070000243,19700,True,16,0.036492
OR10x100-0.25_4.dat,GA,3,22551.0,1.5907574519987975,19700,True,15,0.038412
OR10x100-0.25_4.dat,GA,4,22562.0,1.4901336990005802,19700,True,167,0.03465200000000001
OR10x100-0.25_4.dat,GA,5,22570.0,1.1155371050008398,19700,True,150,0.030232000000000005
OR10x100-0.25_4.dat,GA,6,22616.0,1.6811219819974212,19700,True,88,0.042596000000000016
OR10x100-0.25_4.dat,GA,7,22554.0,1.6808283339996706,19700,True,15,0.038836
OR10x100-0.25_4.dat,GA,8,22640.0,1.3681881670017901,19700,True,39,0.036616
OR10x100-0.25_4.dat,GA,9,22644.0,1.6081263280029816,19700,True,99,0.02596000000000001
OR10x100-0.25_4.dat,GA-FIX-UX+BF3,0,22626.0,1.9590116170002148,19700,True,100,0.20187600000000003
OR10x100-0.25_4.dat,GA-FIX-UX+BF3,1,22648.0,2.1686467920008,19700,True,82,0.10715600000000002
OR10x100-0.25_4.dat,GA-FIX-UX+BF3,2,22572.0,1.963230638000823,19700,True,75,0.19764800000000002
OR10x100-0.25_4.dat,GA-FIX-UX+BF3,3,22626.0,2.159736518002319,19700,True,200,0.163788
OR10x100-0.25_4.dat,GA-FIX-UX+BF3,4,22611.0,2.106560554999305,19700,True,105,0.181068
OR10x100-0.25_4.dat,GA-FIX-UX+BF3,5,22581.0,2.4672963689990866,19700,True,37,0.181392
OR10x100-0.25_4.dat,GA-FIX-UX+BF3,6,22471.0,2.3911124750011368,19700,True,70,0.11980800000000004
OR10x100-0.25_4.dat,GA-FIX-UX+BF3,7,22694.0,2.588573713997903,19700,True,70,0.18321600000000005
OR10x100-0.25_4.dat,GA-FIX-UX+BF3,8,22611.0,2.81043020099969,19700,True,129,0.16638000000000003
OR10x100-0.25_4.dat,GA-FIX-UX+BF3,9,22601.0,3.1622377399980905,19700,True,59,0.17201200000000003
OR10x100-0.25_4.dat,GA-QL,0,22613.0,1.9118320109992055,19700,True,52,0.056476000000000005
OR10x100-0.25_4.dat,GA-QL,1,22562.0,1.6830367999973532,19700,True,153,0.03848
OR10x100-0.25_4.dat,GA-QL,2,22626.0,1.480025007000222,19700,True,27,0.06490400000000002
OR10x100-0.25_4.dat,GA-QL,3,22412.0,1.6098656950016448,19700,True,63,0.05284400000000001
OR10x100-0.25_4.dat,GA-QL,4,22617.0,1.7269148849991325,19700,True,22,0.034736
OR10x100-0.25_4.dat,GA-QL,5,22694.0,1.8416111370024737,19700,True,80,0.05353600000000001
OR10x100-0.25_4.dat,GA-QL,6,22717.0,1.8830266020013369,19700,True,13,0.032692
OR10x100-0.25_4.dat,GA-QL,7,22552.0,1.7686619960004464,19700,True,129,0.08896400000000002
OR10x100-0.25_4.dat,GA-QL,8,22648.0,1.9139948230003938,19700,True,155,0.06668000000000002
OR10x100-0.25_4.dat,GA-QL,9,22471.0,1.9009823099986534,19700,True,16,0.049608
OR10x100-0.25_4.dat,GA-QL-T,0,22617.0,1.435077314999944,19700,True,89,0.08537600000000001
OR10x100-0.25_4.dat,GA-QL-T,1,22606.0,1.856490615002258,19700,True,147,0.09569600000000002
OR10x100-0.25_4.dat,GA-QL-T,2,22567.0,1.9590836459974525,19700,True,17,0.06958000000000002
OR10x100-0.25_4.dat,GA-QL-T,3,22500.0,2.0024486839974998,19700,True,197,0.06364
OR10x100-0.25_4.dat,GA-QL-T,4,22600.0,1.7876528759989014,19700,True,34,0.10203600000000002
OR10x100-0.25_4.dat,GA-QL-T,5,22523.0,1.971883556998364,19700,True,22,0.04312000000000001
OR10x100-0.25_4.dat,GA-QL-T,6,22648.0,1.7662343629999668,19700,True,22,0.04664000000000001
OR10x100-0.25_4.dat,GA-QL-T,7,22592.0,1.8668589420012722,19700,True,39,0.05108400000000001
OR10x100-0.25_4.dat,GA-QL-T,8,22640.0,1.9162566039995,19700,True,53,0.10865200000000003
OR10x100-0.25_4.dat,GA-QL-T,9,22497.0,1.9432709400025487,19700,True,37,0.05517600000000002
OR10x100-0.25_4.dat,GA-RAND,0,22550.0,1.3019665319989144,19700,True,63,0.04198800000000001
OR10x100-0.25_4.dat,GA-RAND,1,22640.0,1.6687495600017428,19700,True,118,0.061448000000000016
OR10x100-0.25_4.dat,GA-RAND,2,22562.0,1.8599702209976385,19700,True,78,0.09645600000000001
OR10x100-0.25_4.dat,GA-RAND,3,22648.0,1.773163478999777,19700,True,20,0.032148
OR10x100-0.25_4.dat,GA-RAND,4,22572.0,1.8417523329990217,19700,True,14,0.12603200000000003
OR10x100-0.25_4.dat,GA-RAND,5,22606.0,1.7746283849992324,19700,True,27,0.06564800000000001
OR10x100-0.25_4.dat,GA-RAND,6,22616.0,1.759199301002809,19700,True,163,0.03736800000000001
OR10x100-0.25_4.dat,GA-RAND,7,22633.0,1.8061221509997267,19700,True,33,0.10328400000000004
OR10x100-0.25_4.dat,GA-RAND,8,22620.0,1.1273973620009201,19700,True,92,0.172828
OR10x100-0.25_4.dat,GA-RAND,9,22562.0,1.897921318999579,19700,True,38,0.051900000000000016
OR10x100-0.25_4.dat,GA-UCB,0,22617.0,1.3471660989998782,19700,True,54,0.046456
OR10x100-0.25_4.dat,GA-UCB,1,22654.0,1.654827729002136,19700,True,11,0.097656
OR10x100-0.25_4.dat,GA-UCB,2,22717.0,1.9102549300005194,19700,True,169,0.07338800000000001
OR10x100-0.25_4.dat,GA-UCB,3,22471.0,1.8590043549993425,19700,True,21,0.10014400000000002
OR10x100-0.25_4.dat,GA-UCB,4,22497.0,1.8304690709992428,19700,True,6,0.07754000000000003
OR10x100-0.25_4.dat,GA-UCB,5,22554.0,1.7482630699996662,19700,True,200,0.11536800000000001
OR10x100-0.25_4.dat,GA-UCB,6,22616.0,1.8373531289980747,19700,True,93,0.053259999999999995
OR10x100-0.25_4.dat,GA-UCB,7,22640.0,1.0861397810003837,19700,True,131,0.07667200000000002
OR10x100-0.25_4.dat,GA-UCB,8,22660.0,1.7436869310004113,19700,True,71,0.044252000000000014
OR10x100-0.25_4.dat,GA-UCB,9,22562.0,1.8161164920020383,19700,True,90,0.061020000000000005
OR10x100-0.25_5.dat,GA,0,22470.0,2.2628135090017167,19700,True,32,0.011383999999999998
OR10x100-0.25_5.dat,GA,1,22466.0,2.8515566999994917,19700,True,24,0.022931999999999998
OR10x100-0.25_5.dat,GA,2,22473.0,2.8360309660019993,19700,True,12,0.019784000000000003
OR10x100-0.25_5.dat,GA,3,22522.0,2.127438681000058,19700,True,74,0.024964
OR10x100-0.25_5.dat,GA,4,22404.0,1.8071503690007376,19700,True,9,0.019204000000000006
OR10x100-0.25_5.dat,GA,5,22468.0,2.068345531999512,19700,True,16,0.019084000000000004
OR10x100-0.25_5.dat,GA,6,22465.0,3.235385287000099,19700,True,79,0.027972000000000007
OR10x100-0.25_5.dat,GA,7,22654.0,2.300805244998628,19700,True,24,0.017116000000000003
OR10x100-0.25_5.dat,GA,8,22654.0,2.439539324001089,19700,True,128,0.009928000000000001
OR10x100-0.25_5.dat,GA,9,22399.0,2.4617720210007974,19700,True,28,0.008964000000000005
OR10x100-0.25_5.dat,GA-FIX-UX+BF3,0,22547.0,1.5806723079986114,19700,True,13,0.11002800000000003
OR10x100-0.25_5.dat,GA-FIX-UX+BF3,1,22465.0,2.0363033469984657,19700,True,126,0.09414000000000003
OR10x100-0.25_5.dat,GA-FIX-UX+BF3,2,22654.0,2.1533943789982004,19700,True,36,0.064764
OR10x100-0.25_5.dat,GA-FIX-UX+BF3,3,22440.0,2.031387024999276,19700,True,15,0.05588800000000002
OR10x100-0.25_5.dat,GA-FIX-UX+BF3,4,22542.0,1.9451014820006094,19700,True,48,0.10948400000000001
OR10x100-0.25_5.dat,GA-FIX-UX+BF3,5,22542.0,1.9333991569983482,19700,True,20,0.074828
OR10x100-0.25_5.dat,GA-FIX-UX+BF3,6,22697.0,1.8734463159998995,19700,True,59,0.11954000000000002
OR10x100-0.25_5.dat,GA-FIX-UX+BF3,7,22654.0,1.8685619839998253,19700,True,192,0.15920800000000004
OR10x100-0.25_5.dat,GA-FIX-UX+BF3,8,22440.0,2.097131503000128,19700,True,15,0.04368800000000001
OR10x100-0.25_5.dat,GA-FIX-UX+BF3,9,22458.0,1.6990462979993026,19700,True,152,0.07706800000000003
OR10x100-0.25_5.dat,GA-QL,0,22588.0,2.6921090299983916,19700,True,22,0.01703200000000001
OR10x100-0.25_5.dat,GA-QL,1,22542.0,2.5663838269974804,19700,True,50,0.033396
OR10x100-0.25_5.dat,GA-QL,2,22654.0,2.1955271830011043,19700,True,45,0.028460000000000006
OR10x100-0.25_5.dat,GA-QL,3,22525.0,2.3160430300013104,19700,True,128,0.02336
OR10x100-0.25_5.dat,GA-QL,4,22544.0,2.337711104002665,19700,True,22,0.025868000000000002
OR10x100-0.25_5.dat,GA-QL,5,22601.0,2.5775648390008428,19700,True,165,0.10404800000000002
OR10x100-0.25_5.dat,GA-QL,6,22444.0,2.5442295849970833,19700,True,23,0.069428
OR10x100-0.25_5.dat,GA-QL,7,22542.0,1.965254692997405,19700,True,154,0.043600000000000014
OR10x100-0.25_5.dat,GA-QL,8,22464.0,2.708541765998234,19700,True,14,0.02681600000000001
OR10x100-0.25_5.dat,GA-QL,9,22654.0,1.9637687939975876,19700,True,8,0.02714400000000001
OR10x100-0.25_5.dat,GA-QL-T,0,22542.0,2.4892306350011495,19700,True,22,0.09695600000000003
OR10x100-0.25_5.dat,GA-QL-T,1,22408.0,2.617057504998229,19700,True,114,0.033428000000000006
OR10x100-0.25_5.dat,GA-QL-T,2,22588.0,2.6495082850015024,19700,True,167,0.065788
OR10x100-0.25_5.dat,GA-QL-T,3,22473.0,1.9684338609986298,19700,True,9,0.039268000000000004
OR10x100-0.25_5.dat,GA-QL-T,4,22440.0,2.2648517550005636,19700,True,14,0.02666800000000001
OR10x100-0.25_5.dat,GA-QL-T,5,22654.0,2.04633470400222,19700,True,25,0.054188
OR10x100-0.25_5.dat,GA-QL-T,6,22590.0,1.8632261909988301,19700,True,28,0.019836000000000003
OR10x100-0.25_5.dat,GA-QL-T,7,22542.0,1.6887135569995735,19700,True,20,0.06845200000000001
OR10x100-0.25_5.dat,GA-QL-T,8,22421.0,1.8469095719992765,19700,True,11,0.033100000000000004
OR10x100-0.25_5.dat,GA-QL-T,9,22544.0,1.8707932399993297,19700,True,8,0.06815600000000001
OR10x100-0.25_5.dat,GA-RAND,0,22542.0,2.5982175649987767,19700,True,18,0.026212000000000003
OR10x100-0.25_5.dat,GA-RAND,1,22590.0,2.682735034999496,19700,True,39,0.030964000000000002
OR10x100-0.25_5.dat,GA-RAND,2,22654.0,2.374621355000272,19700,True,38,0.06036800000000001
OR10x100-0.25_5.dat,GA-RAND,3,22464.0,2.030651561002742,19700,True,10,0.019432
OR10x100-0.25_5.dat,GA-RAND,4,22490.0,2.057419179000135,19700,True,103,0.02558800000000001
OR10x100-0.25_5.dat,GA-RAND,5,22528.0,1.8414112800019211,19700,True,38,0.034508000000000004
OR10x100-0.25_5.dat,GA-RAND,6,22654.0,1.9670099109971488,19700,True,10,0.018316000000000002
OR10x100-0.25_5.dat,GA-RAND,7,22624.0,2.1955667179972806,19700,True,161,0.04774400000000001
OR10x100-0.25_5.dat,GA-RAND,8,22541.0,2.2633472080015054,19700,True,136,0.05594800000000001
OR10x100-0.25_5.dat,GA-RAND,9,22408.0,2.201373921998311,19700,True,29,0.041256
OR10x100-0.25_5.dat,GA-UCB,0,22590.0,2.4639421700012463,19700,True,120,0.05919200000000001
OR10x100-0.25_5.dat,GA-UCB,1,22528.0,1.9736957009990874,19700,True,173,0.047400000000000005
OR10x100-0.25_5.dat,GA-UCB,2,22473.0,2.219710131001193,19700,True,11,0.054676
OR10x100-0.25_5.dat,GA-UCB,3,22512.0,2.4197198520014354,19700,True,11,0.029944000000000005
OR10x100-0.25_5.dat,GA-UCB,4,22460.0,2.223048468000343,19700,True,9,0.034780000000000005
OR10x100-0.25_5.dat,GA-UCB,5,22528.0,3.06252028200106,19700,True,10,0.04878000000000001
OR10x100-0.25_5.dat,GA-UCB,6,22654.0,2.225133881001966,19700,True,9,0.027076000000000003
OR10x100-0.25_5.dat,GA-UCB,7,22601.0,2.432924721000745,19700,True,79,0.034624
OR10x100-0.25_5.dat,GA-UCB,8,22654.0,2.8097599350003293,19700,True,60,0.04256
OR10x100-0.25_5.dat,GA-UCB,9,22499.0,2.389886615997966,19700,True,161,0.022387999999999998
OR10x100-0.25_6.dat,GA,0,22568.0,1.2216898389997368,19700,True,26,0.025508000000000003
OR10x100-0.25_6.dat,GA,1,22489.0,1.695387493000453,19700,True,100,0.033304
OR10x100-0.25_6.dat,GA,2,22551.0,1.7241961069994431,19700,True,21,0.030836000000000006
OR10x100-0.25_6.dat,GA,3,22300.0,1.6608527889984543,19700,True,37,0.052864
OR10x100-0.25_6.dat,GA,4,22507.0,1.5592669750003552,19700,True,12,0.023744000000000005
OR10x100-0.25_6.dat,GA,5,22591.0,1.5268684879993089,19700,True,19,0.04412800000000001
OR10x100-0.25_6.dat,GA,6,22517.0,1.520131441000558,19700,True,72,0.040108
OR10x100-0.25_6.dat,GA,7,22626.0,1.5518247729996801,19700,True,9,0.03438400000000001
OR10x100-0.25_6.dat,GA,8,22540.0,1.686915679001686,19700,True,14,0.02276
OR10x100-0.25_6.dat,GA,9,22582.0,1.675568040998769,19700,True,5,0.013120000000000007
OR10x100-0.25_6.dat,GA-FIX-UX+BF3,0,22582.0,2.0228683489985997,19700,True,22,0.04637600000000001
OR10x100-0.25_6.dat,GA-FIX-UX+BF3,1,22614.0,1.522033940997062,19700,True,137,0.12003600000000002
OR10x100-0.25_6.dat,GA-FIX-UX+BF3,2,22582.0,2.006295246999798,19700,True,56,0.053412000000000015
OR10x100-0.25_6.dat,GA-FIX-UX+BF3,3,22588.0,2.123754086002009,19700,True,86,0.077476
OR10x100-0.25_6.dat,GA-FIX-UX+BF3,4,22626.0,2.0531227080027747,19700,True,44,0.067308
OR10x100-0.25_6.dat,GA-FIX-UX+BF3,5,22582.0,2.134795428999496,19700,True,10,0.05296800000000001
OR10x100-0.25_6.dat,GA-FIX-UX+BF3,6,22582.0,2.176977735998662,19700,True,28,0.07218400000000001
OR10x100-0.25_6.dat,GA-FIX-UX+BF3,7,22582.0,2.1435107979996246,19700,True,29,0.05372000000000002
OR10x100-0.25_6.dat,GA-FIX-UX+BF3,8,22432.0,2.016519614000572,19700,True,21,0.07134000000000001
OR10x100-0.25_6.dat,GA-FIX-UX+BF3,9,22582.0,1.8330536680005025,19700,True,16,0.06204
OR10x100-0.25_6.dat,GA-QL,0,22582.0,1.5613736010018329,19700,True,73,0.042692000000000015
OR10x100-0.25_6.dat,GA-QL,1,22544.0,1.6877796750013658,19700,True,35,0.027568000000000006
OR10x100-0.25_6.dat,GA-QL,2,22486.0,1.3653827320013079,19700,True,17,0.06063600000000001
OR10x100-0.25_6.dat,GA-QL,3,22582.0,1.8436876230007329,19700,True,160,0.059196000000000006
OR10x100-0.25_6.dat,GA-QL,4,22555.0,1.6322127579987864,19700,True,58,0.046588000000000004
OR10x100-0.25_6.dat,GA-QL,5,22644.0,1.851212988000043,19700,True,99,0.053732000000000016
OR10x100-0.25_6.dat,GA-QL,6,22582.0,1.8492973879983765,19700,True,17,0.0074360000000000025
OR10x100-0.25_6.dat,GA-QL,7,22582.0,1.879181016000075,19700,True,13,0.029048000000000004
OR10x100-0.25_6.dat,GA-QL,8,22620.0,1.8412676389998524,19700,True,30,0.03425200000000001
OR10x100-0.25_6.dat,GA-QL,9,22582.0,1.678420260999701,19700,True,13,0.05652399999999999
OR10x100-0.25_6.dat,GA-QL-T,0,22620.0,1.3855141820022254,19700,True,133,0.04810800000000001
OR10x100-0.25_6.dat,GA-QL-T,1,22591.0,1.7818609030000516,19700,True,50,0.092632
OR10x100-0.25_6.dat,GA-QL-T,2,22591.0,1.910772346000158,19700,True,31,0.08370400000000001
OR10x100-0.25_6.dat,GA-QL-T,3,22582.0,1.8329222459979064,19700,True,19,0.018116000000000004
OR10x100-0.25_6.dat,GA-QL-T,4,22582.0,1.7264214040005754,19700,True,29,0.011916000000000006
OR10x100-0.25_6.dat,GA-QL-T,5,22626.0,1.4958612019981956,19700,True,50,0.07624000000000002
OR10x100-0.25_6.dat,GA-QL-T,6,22554.0,1.864933321998251,19700,True,27,0.018612000000000004
OR10x100-0.25_6.dat,GA-QL-T,7,22598.0,1.8417189470019366,19700,True,34,0.040216
OR10x100-0.25_6.dat,GA-QL-T,8,22582.0,1.8230609669990372,19700,True,129,0.008908000000000004
OR10x100-0.25_6.dat,GA-QL-T,9,22582.0,1.786803635997785,19700,True,18,0.019136000000000004
OR10x100-0.25_6.dat,GA-RAND,0,22588.0,1.3539826369997172,19700,True,59,0.050372
OR10x100-0.25_6.dat,GA-RAND,1,22582.0,1.8528797199978726,19700,True,40,0.038732
OR10x100-0.25_6.dat,GA-RAND,2,22582.0,1.592294034002407,19700,True,20,0.04862400000000001
OR10x100-0.25_6.dat,GA-RAND,3,22429.0,1.8693549319978047,19700,True,11,0.031268000000000004
OR10x100-0.25_6.dat,GA-RAND,4,22591.0,1.7932152329995006,19700,True,172,0.06414000000000002
OR10x100-0.25_6.dat,GA-RAND,5,22598.0,1.8002327480025997,19700,True,27,0.050552000000000014
OR10x100-0.25_6.dat,GA-RAND,6,22547.0,1.1547060749981028,19700,True,16,0.039436000000000006
OR10x100-0.25_6.dat,GA-RAND,7,22425.0,1.8680148019993794,19700,True,182,0.09096800000000002
OR10x100-0.25_6.dat,GA-RAND,8,22582.0,1.8737573669968697,19700,True,19,0.027040000000000005
OR10x100-0.25_6.dat,GA-RAND,9,22626.0,1.719106181000825,19700,True,52,0.06104000000000001
OR10x100-0.25_6.dat,GA-UCB,0,22600.0,1.8362880180029606,19700,True,20,0.10204800000000003
OR10x100-0.25_6.dat,GA-UCB,1,22620.0,1.1625627230023383,19700,True,77,0.050780000000000006
OR10x100-0.25_6.dat,GA-UCB,2,22582.0,1.876197031000629,19700,True,131,0.08548800000000002
OR10x100-0.25_6.dat,GA-UCB,3,22582.0,1.6299334279974573,19700,True,99,0.012676000000000005
OR10x100-0.25_6.dat,GA-UCB,4,22582.0,1.8853199479999603,19700,True,34,0.020972
OR10x100-0.25_6.dat,GA-UCB,5,22591.0,1.7486536700016586,19700,True,26,0.05836000000000001
OR10x100-0.25_6.dat,GA-UCB,6,22554.0,1.5754151720029768,19700,True,52,0.08698800000000004
OR10x100-0.25_6.dat,GA-UCB,7,22540.0,1.79851911500009,19700,True,23,0.08924400000000002
OR10x100-0.25_6.dat,GA-UCB,8,22675.0,1.8436048260009557,19700,True,74,0.06886800000000001
OR10x100-0.25_6.dat,GA-UCB,9,22582.0,1.8816452690007281,19700,True,55,0.021292
OR10x100-0.25_7.dat,GA,0,21697.0,1.7128686610012664,19700,True,21,0.014287999999999997
OR10x100-0.25_7.dat,GA,1,21679.0,1.554809170000226,19700,True,6,0.010784000000000005
OR10x100-0.25_7.dat,GA,2,21586.0,1.7378314759989735,19700,True,177,0.008180000000000003
OR10x100-0.25_7.dat,GA,3,21640.0,1.8265370610024547,19700,True,73,0.018584
OR10x100-0.25_7.dat,GA,4,21730.0,1.7741995830001542,19700,True,10,0.018236000000000002
OR10x100-0.25_7.dat,GA,5,21666.0,1.4167358980012068,19700,True,24,0.025696000000000007
OR10x100-0.25_7.dat,GA,6,21610.0,1.681303510998987,19700,True,25,0.033388
OR10x100-0.25_7.dat,GA,7,21610.0,1.467974953000521,19700,True,7,0.022252
OR10x100-0.25_7.dat,GA,8,21655.0,1.6804938079985732,19700,True,83,0.017992
OR10x100-0.25_7.dat,GA,9,21706.0,1.7549330969995935,19700,True,53,0.013672
OR10x100-0.25_7.dat,GA-FIX-UX+BF3,0,21701.0,1.2373764500007383,19700,True,32,0.06199600000000001
OR10x100-0.25_7.dat,GA-FIX-UX+BF3,1,21701.0,1.8752861649991246,19700,True,52,0.04481200000000001
OR10x100-0.25_7.dat,GA-FIX-UX+BF3,2,21739.0,2.0510471449997567,19700,True,73,0.09942400000000001
OR10x100-0.25_7.dat,GA-FIX-UX+BF3,3,21875.0,2.0045650840002054,19700,True,7,0.06104800000000001
OR10x100-0.25_7.dat,GA-FIX-UX+BF3,4,21755.0,1.9564321520010708,19700,True,44,0.07602400000000001
OR10x100-0.25_7.dat,GA-FIX-UX+BF3,5,21701.0,1.270478746999288,19700,True,27,0.046236000000000006
OR10x100-0.25_7.dat,GA-FIX-UX+BF3,6,21709.0,1.894017898997845,19700,True,189,0.08614800000000003
OR10x100-0.25_7.dat,GA-FIX-UX+BF3,7,21686.0,1.9908549450010469,19700,True,31,0.07387600000000001
OR10x100-0.25_7.dat,GA-FIX-UX+BF3,8,21739.0,1.9927099759988778,19700,True,38,0.08719200000000002
OR10x100-0.25_7.dat,GA-FIX-UX+BF3,9,21875.0,1.6976162760001898,19700,True,17,0.05740000000000002
OR10x100-0.25_7.dat,GA-QL,0,21739.0,1.8017158420007036,19700,True,37,0.043656
OR10x100-0.25_7.dat,GA-QL,1,21710.0,1.661721544998727,19700,True,79,0.04988000000000001
OR10x100-0.25_7.dat,GA-QL,2,21701.0,1.5083505870024965,19700,True,18,0.05469200000000002
OR10x100-0.25_7.dat,GA-QL,3,21792.0,1.6053757629997563,19700,True,17,0.04985600000000002
OR10x100-0.25_7.dat,GA-QL,4,21688.0,1.7838544669975818,19700,True,9,0.027304000000000012
OR10x100-0.25_7.dat,GA-QL,5,21744.0,1.8040534350002417,19700,True,61,0.07545200000000002
OR10x100-0.25_7.dat,GA-QL,6,21739.0,1.9400601899978938,19700,True,82,0.03538800000000001
OR10x100-0.25_7.dat,GA-QL,7,21799.0,1.4787936930006254,19700,True,27,0.033036
OR10x100-0.25_7.dat,GA-QL,8,21755.0,1.7606202070019208,19700,True,28,0.03848800000000001
OR10x100-0.25_7.dat,GA-QL,9,21799.0,1.8365335250018688,19700,True,11,0.024496000000000004
OR10x100-0.25_7.dat,GA-QL-T,0,21701.0,1.380605320999166,19700,True,22,0.061032
OR10x100-0.25_7.dat,GA-QL-T,1,21674.0,1.9083781629997247,19700,True,9,0.018647999999999998
OR10x100-0.25_7.dat,GA-QL-T,2,21856.0,1.605985160000273,19700,True,8,0.06212400000000001
OR10x100-0.25_7.dat,GA-QL-T,3,21799.0,1.7617871180009388,19700,True,126,0.06166000000000001
OR10x100-0.25_7.dat,GA-QL-T,4,21701.0,1.9252792389997921,19700,True,33,0.06478
OR10x100-0.25_7.dat,GA-QL-T,5,21755.0,1.5925634870000067,19700,True,112,0.06120000000000001
OR10x100-0.25_7.dat,GA-QL-T,6,21701.0,1.8486131739991833,19700,True,15,0.021456000000000003
OR10x100-0.25_7.dat,GA-QL-T,7,21875.0,1.9075025420024758,19700,True,23,0.05637600000000001
OR10x100-0.25_7.dat,GA-QL-T,8,21792.0,1.7342792679992272,19700,True,30,0.062360000000000006
OR10x100-0.25_7.dat,GA-QL-T,9,21739.0,1.8180453929999203,19700,True,30,0.03274
OR10x100-0.25_7.dat,GA-RAND,0,21710.0,1.5439039560005767,19700,True,26,0.030624
OR10x100-0.25_7.dat,GA-RAND,1,21701.0,1.9650704679988849,19700,True,7,0.020132000000000004
OR10x100-0.25_7.dat,GA-RAND,2,21653.0,1.9735636549994524,19700,True,8,0.05822400000000002
OR10x100-0.25_7.dat,GA-RAND,3,21739.0,1.8207511229993543,19700,True,18,0.032916
OR10x100-0.25_7.dat,GA-RAND,4,21706.0,1.7352250840012857,19700,True,12,0.02218400000000001
OR10x100-0.25_7.dat,GA-RAND,5,21776.0,1.8690577009983826,19700,True,134,0.029016000000000007
OR10x100-0.25_7.dat,GA-RAND,6,21729.0,1.8334140719998686,19700,True,72,0.023400000000000008
OR10x100-0.25_7.dat,GA-RAND,7,21686.0,1.8583190230019682,19700,True,12,0.032224
OR10x100-0.25_7.dat,GA-RAND,8,21821.0,1.7283353240018187,19700,True,16,0.04185600000000001
OR10x100-0.25_7.dat,GA-RAND,9,21755.0,1.181227173001389,19700,True,23,0.034140000000000004
OR10x100-0.25_7.dat,GA-UCB,0,21875.0,1.8712878879996424,19700,True,9,0.04331200000000001
OR10x100-0.25_7.dat,GA-UCB,1,21744.0,1.7953564910021669,19700,True,44,0.046048
OR10x100-0.25_7.dat,GA-UCB,2,21701.0,1.345167631003278,19700,True,39,0.06254
OR10x100-0.25_7.dat,GA-UCB,3,21739.0,1.8109829390014056,19700,True,21,0.059032000000000015
OR10x100-0.25_7.dat,GA-UCB,4,21624.0,1.820551359000092,19700,True,9,0.07985600000000001
OR10x100-0.25_7.dat,GA-UCB,5,21792.0,1.8053318050006055,19700,True,116,0.06315600000000002
OR10x100-0.25_7.dat,GA-UCB,6,21677.0,1.705253662999894,19700,True,82,0.05545600000000001
OR10x100-0.25_7.dat,GA-UCB,7,21875.0,1.086997695001628,19700,True,9,0.04678000000000001
OR10x100-0.25_7.dat,GA-UCB,8,21755.0,1.7621859639984905,19700,True,124,0.023544000000000006
OR10x100-0.25_7.dat,GA-UCB,9,21821.0,1.8256621010004892,19700,True,11,0.07533600000000001
OR10x100-0.25_8.dat,GA,0,22463.0,1.5953751939996437,19700,True,28,0.016008
OR10x100-0.25_8.dat,GA,1,22415.0,1.0498396070033778,19700,True,183,0.022908000000000005
OR10x100-0.25_8.dat,GA,2,22392.0,1.6692635390027135,19700,True,22,0.026872000000000004
OR10x100-0.25_8.dat,GA,3,22448.0,1.4665715839983022,19700,True,73,0.029064000000000006
OR10x100-0.25_8.dat,GA,4,22392.0,1.6102702689968282,19700,True,10,0.014948000000000003
OR10x100-0.25_8.dat,GA,5,22433.0,1.527952026001003,19700,True,25,0.007048000000000003
OR10x100-0.25_8.dat,GA,6,22542.0,1.5888659550000739,19700,True,69,0.009708000000000005
OR10x100-0.25_8.dat,GA,7,22410.0,1.7630420809982752,19700,True,65,0.030019999999999995
OR10x100-0.25_8.dat,GA,8,22428.0,1.5188382009982888,19700,True,143,0.027412000000000002
OR10x100-0.25_8.dat,GA,9,22542.0,1.6647290139990218,19700,True,106,0.009312000000000004
OR10x100-0.25_8.dat,GA-FIX-UX+BF3,0,22542.0,1.9461060789981275,19700,True,48,0.04629200000000002
OR10x100-0.25_8.dat,GA-FIX-UX+BF3,1,22463.0,1.7666144830000121,19700,True,75,0.08253200000000001
OR10x100-0.25_8.dat,GA-FIX-UX+BF3,2,22542.0,1.9578657659985765,19700,True,11,0.05371600000000001
OR10x100-0.25_8.dat,GA-FIX-UX+BF3,3,22542.0,1.7689520659987465,19700,True,41,0.04898
OR10x100-0.25_8.dat,GA-FIX-UX+BF3,4,22463.0,1.4265706999976828,19700,True,31,0.07452400000000002
OR10x100-0.25_8.dat,GA-FIX-UX+BF3,5,22542.0,1.95764445900204,19700,True,8,0.05572400000000001
OR10x100-0.25_8.dat,GA-FIX-UX+BF3,6,22542.0,1.9562678780021088,19700,True,13,0.04257600000000001
OR10x100-0.25_8.dat,GA-FIX-UX+BF3,7,22542.0,1.6798122949985554,19700,True,14,0.039268000000000004
OR10x100-0.25_8.dat,GA-FIX-UX+BF3,8,22542.0,1.3374288120030542,19700,True,10,0.05583200000000002
OR10x100-0.25_8.dat,GA-FIX-UX+BF3,9,22416.0,1.948825580002449,19700,True,58,0.080072
OR10x100-0.25_8.dat,GA-QL,0,22542.0,1.7299564399982046,19700,True,11,0.016712
OR10x100-0.25_8.dat,GA-QL,1,22391.0,1.8277122920007969,19700,True,9,0.05391600000000001
OR10x100-0.25_8.dat,GA-QL,2,22542.0,1.6641257609990134,19700,True,25,0.009352000000000004
OR10x100-0.25_8.dat,GA-QL,3,22551.0,1.8251380770016112,19700,True,13,0.014744000000000009
OR10x100-0.25_8.dat,GA-QL,4,22463.0,1.138472491002176,19700,True,17,0.06334800000000002
OR10x100-0.25_8.dat,GA-QL,5,22635.0,1.7882486660018913,19700,True,27,0.06144800000000001
OR10x100-0.25_8.dat,GA-QL,6,22463.0,1.796295463998831,19700,True,15,0.032932
OR10x100-0.25_8.dat,GA-QL,7,22542.0,1.813405598000827,19700,True,11,0.012320000000000006
OR10x100-0.25_8.dat,GA-QL,8,22542.0,1.8435244090032938,19700,True,14,0.018500000000000003
OR10x100-0.25_8.dat,GA-QL,9,22542.0,1.8131223170021258,19700,True,11,0.017608000000000002
OR10x100-0.25_8.dat,GA-QL-T,0,22477.0,1.1258679310012667,19700,True,10,0.06336800000000001
OR10x100-0.25_8.dat,GA-QL-T,1,22542.0,1.8702541219972773,19700,True,23,0.05416400000000001
OR10x100-0.25_8.dat,GA-QL-T,2,22542.0,1.1012654149999435,19700,True,9,0.022204000000000005
OR10x100-0.25_8.dat,GA-QL-T,3,22463.0,1.8265116309994482,19700,True,48,0.04630800000000001
OR10x100-0.25_8.dat,GA-QL-T,4,22542.0,1.8066460400004871,19700,True,10,0.027568000000000006
OR10x100-0.25_8.dat,GA-QL-T,5,22542.0,1.84470113000134,19700,True,29,0.05153200000000001
OR10x100-0.25_8.dat,GA-QL-T,6,22542.0,1.8817509199980123,19700,True,22,0.041608000000000006
OR10x100-0.25_8.dat,GA-QL-T,7,22463.0,1.8703041260014288,19700,True,54,0.07879600000000002
OR10x100-0.25_8.dat,GA-QL-T,8,22542.0,1.0815756720003264,19700,True,33,0.03466
OR10x100-0.25_8.dat,GA-QL-T,9,22542.0,1.847092555002746,19700,True,18,0.014860000000000002
OR10x100-0.25_8.dat,GA-RAND,0,22410.0,1.471727413001645,19700,True,32,0.027280000000000006
OR10x100-0.25_8.dat,GA-RAND,1,22542.0,1.2857187170011457,19700,True,12,0.022544000000000005
OR10x100-0.25_8.dat,GA-RAND,2,22542.0,1.795618189000379,19700,True,11,0.043772000000000005
OR10x100-0.25_8.dat,GA-RAND,3,22463.0,1.7666104870004347,19700,True,56,0.025512000000000007
OR10x100-0.25_8.dat,GA-RAND,4,22356.0,1.846333503999631,19700,True,8,0.018800000000000004
OR10x100-0.25_8.dat,GA-RAND,5,22542.0,1.4528777190025721,19700,True,10,0.016596000000000003
OR10x100-0.25_8.dat,GA-RAND,6,22542.0,1.6988270309993823,19700,True,9,0.010784000000000007
OR10x100-0.25_8.dat,GA-RAND,7,22542.0,1.4531102149994695,19700,True,8,0.02740800000000001
OR10x100-0.25_8.dat,GA-RAND,8,22410.0,1.9206917150004301,19700,True,27,0.04253200000000001
OR10x100-0.25_8.dat,GA-RAND,9,22542.0,1.781400889998622,19700,True,7,0.025244000000000003
OR10x100-0.25_8.dat,GA-UCB,0,22390.0,1.206548512000154,19700,True,128,0.07942000000000002
OR10x100-0.25_8.dat,GA-UCB,1,22542.0,1.7979626409978664,19700,True,10,0.018216000000000003
OR10x100-0.25_8.dat,GA-UCB,2,22477.0,1.8063842570009,19700,True,11,0.017800000000000007
OR10x100-0.25_8.dat,GA-UCB,3,22551.0,1.7801981550001074,19700,True,14,0.013824000000000005
OR10x100-0.25_8.dat,GA-UCB,4,22329.0,1.7999602999989293,19700,True,9,0.028944
OR10x100-0.25_8.dat,GA-UCB,5,22452.0,1.8586405829992145,19700,True,12,0.049312000000000016
OR10x100-0.25_8.dat,GA-UCB,6,22542.0,1.1325724509988504,19700,True,74,0.009796000000000006
OR10x100-0.25_8.dat,GA-UCB,7,22477.0,1.5884836210025242,19700,True,10,0.030084000000000003
OR10x100-0.25_8.dat,GA-UCB,8,22542.0,1.79966928399881,19700,True,18,0.012804000000000006
OR10x100-0.25_8.dat,GA-UCB,9,22356.0,1.843272475998674,19700,True,8,0.023088000000000008
OR10x100-0.25_9.dat,GA,0,22385.0,1.713399333999405,19700,True,16,0.01734800000000001
OR10x100-0.25_9.dat,GA,1,22283.0,1.6413948730005359,19700,True,80,0.015264000000000002
OR10x100-0.25_9.dat,GA,2,22331.0,1.6586907609998889,19700,True,15,0.021072
OR10x100-0.25_9.dat,GA,3,22252.0,1.6586313539992261,19700,True,29,0.02094800000000001
OR10x100-0.25_9.dat,GA,4,22272.0,0.9833308320012293,19700,True,9,0.025372
OR10x100-0.25_9.dat,GA,5,22208.0,1.6820878660000744,19700,True,188,0.020592000000000003
OR10x100-0.25_9.dat,GA,6,22315.0,1.5618241720003425,19700,True,54,0.018104000000000002
OR10x100-0.25_9.dat,GA,7,22283.0,1.279598477001855,19700,True,26,0.011956000000000005
OR10x100-0.25_9.dat,GA,8,22153.0,1.5045975069988344,19700,True,153,0.011188000000000007
OR10x100-0.25_9.dat,GA,9,22272.0,1.6429822819991386,19700,True,173,0.003952000000000002
OR10x100-0.25_9.dat,GA-FIX-UX+BF3,0,22389.0,1.9523123350008973,19700,True,123,0.057624000000000015
OR10x100-0.25_9.dat,GA-FIX-UX+BF3,1,22327.0,1.1663745869991544,19700,True,116,0.07962000000000001
OR10x100-0.25_9.dat,GA-FIX-UX+BF3,2,22389.0,1.9986259680008516,19700,True,46,0.06497200000000002
OR10x100-0.25_9.dat,GA-FIX-UX+BF3,3,22313.0,2.0302553649999027,19700,True,26,0.05909200000000002
OR10x100-0.25_9.dat,GA-FIX-UX+BF3,4,22389.0,1.986061002000497,19700,True,184,0.044700000000000024
OR10x100-0.25_9.dat,GA-FIX-UX+BF3,5,22379.0,1.9328158179996535,19700,True,100,0.07380800000000001
OR10x100-0.25_9.dat,GA-FIX-UX+BF3,6,22315.0,1.3886667030019453,19700,True,104,0.07186400000000001
OR10x100-0.25_9.dat,GA-FIX-UX+BF3,7,22342.0,2.0974851499995566,19700,True,10,0.1225
OR10x100-0.25_9.dat,GA-FIX-UX+BF3,8,22418.0,1.3850346910003282,19700,True,98,0.072384
OR10x100-0.25_9.dat,GA-FIX-UX+BF3,9,22385.0,1.948215258998971,19700,True,32,0.058816000000000014
OR10x100-0.25_9.dat,GA-QL,0,22320.0,1.8323526490021322,19700,True,120,0.012408000000000004
OR10x100-0.25_9.dat,GA-QL,1,22379.0,1.8010238349997962,19700,True,17,0.05046400000000001
OR10x100-0.25_9.dat,GA-QL,2,22293.0,1.56249476299854,19700,True,95,0.05272000000000002
OR10x100-0.25_9.dat,GA-QL,3,22313.0,1.4484864299993205,19700,True,45,0.07332000000000002
OR10x100-0.25_9.dat,GA-QL,4,22325.0,1.8367571700000553,19700,True,21,0.025636000000000006
OR10x100-0.25_9.dat,GA-QL,5,22331.0,1.8528850839975348,19700,True,7,0.06564400000000001
OR10x100-0.25_9.dat,GA-QL,6,22422.0,1.7928928789988277,19700,True,21,0.027488000000000002
OR10x100-0.25_9.dat,GA-QL,7,22349.0,1.8515151559986407,19700,True,24,0.07372000000000001
OR10x100-0.25_9.dat,GA-QL,8,22318.0,1.8556446479997248,19700,True,20,0.041988000000000004
OR10x100-0.25_9.dat,GA-QL,9,22385.0,1.07715413799815,19700,True,33,0.05392000000000001
OR10x100-0.25_9.dat,GA-QL-T,0,22218.0,1.8419837930014182,19700,True,15,0.07197600000000001
OR10x100-0.25_9.dat,GA-QL-T,1,22379.0,1.7694774189985765,19700,True,10,0.05610800000000002
OR10x100-0.25_9.dat,GA-QL-T,2,22307.0,1.4193713130007382,19700,True,162,0.104952
OR10x100-0.25_9.dat,GA-QL-T,3,22224.0,1.821305907000351,19700,True,10,0.019052
OR10x100-0.25_9.dat,GA-QL-T,4,22353.0,1.8937754369981121,19700,True,159,0.05552000000000001
OR10x100-0.25_9.dat,GA-QL-T,5,22389.0,1.6409088309992512,19700,True,64,0.05659600000000002
OR10x100-0.25_9.dat,GA-QL-T,6,22381.0,1.8443077289994108,19700,True,39,0.019783999999999996
OR10x100-0.25_9.dat,GA-QL-T,7,22385.0,1.0717739249994338,19700,True,16,0.049412000000000005
OR10x100-0.25_9.dat,GA-QL-T,8,22204.0,1.8540148829997634,19700,True,15,0.032072
OR10x100-0.25_9.dat,GA-QL-T,9,22283.0,1.8467858689982677,19700,True,24,0.04624800000000001
OR10x100-0.25_9.dat,GA-RAND,0,22320.0,1.6415438340009132,19700,True,10,0.013216000000000007
OR10x100-0.25_9.dat,GA-RAND,1,22349.0,1.8544247270001506,19700,True,122,0.019844
OR10x100-0.25_9.dat,GA-RAND,2,22385.0,1.527258651000011,19700,True,200,0.04870800000000001
OR10x100-0.25_9.dat,GA-RAND,3,22331.0,1.8875630059992545,19700,True,118,0.03270000000000001
OR10x100-0.25_9.dat,GA-RAND,4,22418.0,1.7435290129978966,19700,True,28,0.02911200000000001
OR10x100-0.25_9.dat,GA-RAND,5,22353.0,1.7750941310005146,19700,True,86,0.053924000000000014
OR10x100-0.25_9.dat,GA-RAND,6,22327.0,1.5105419980027364,19700,True,32,0.012684000000000004
OR10x100-0.25_9.dat,GA-RAND,7,22385.0,1.771564924998529,19700,True,26,0.018556000000000003
OR10x100-0.25_9.dat,GA-RAND,8,22349.0,1.821438177001255,19700,True,25,0.028340000000000004
OR10x100-0.25_9.dat,GA-RAND,9,22389.0,1.1016220489982516,19700,True,21,0.046348000000000014
OR10x100-0.25_9.dat,GA-UCB,0,22385.0,1.6554413760022726,19700,True,15,0.02589200000000001
OR10x100-0.25_9.dat,GA-UCB,1,22393.0,1.8459871830018528,19700,True,8,0.04974400000000001
OR10x100-0.25_9.dat,GA-UCB,2,22349.0,1.8018938009990961,19700,True,136,0.056772
OR10x100-0.25_9.dat,GA-UCB,3,22342.0,1.8639478779987257,19700,True,10,0.07409600000000001
OR10x100-0.25_9.dat,GA-UCB,4,22379.0,1.781666144997871,19700,True,24,0.056080000000000005
OR10x100-0.25_9.dat,GA-UCB,5,22379.0,1.3036257679996197,19700,True,27,0.08506400000000003
OR10x100-0.25_9.dat,GA-UCB,6,22379.0,1.7914573050002218,19700,True,132,0.056980000000000024
OR10x100-0.25_9.dat,GA-UCB,7,22338.0,1.0982785310006875,19700,True,101,0.048076000000000015
OR10x100-0.25_9.dat,GA-UCB,8,22422.0,1.822498876001191,19700,True,33,0.029124000000000008
OR10x100-0.25_9.dat,GA-UCB,9,22349.0,1.786805050996918,19700,True,16,0.014572
OR5x100-0.25_1.dat,GA,0,24343.0,1.654204929000116,19700,True,8,0.024372
OR5x100-0.25_1.dat,GA,1,24343.0,1.6661369840003317,19700,True,10,0.036348000000000005
OR5x100-0.25_1.dat,GA,2,24343.0,1.6701038089995563,19700,True,15,0.029600000000000005
OR5x100-0.25_1.dat,GA,3,24282.0,1.4596021299985296,19700,True,39,0.022068000000000004
OR5x100-0.25_1.dat,GA,4,24314.0,1.6991063859968563,19700,True,46,0.030068
OR5x100-0.25_1.dat,GA,5,24314.0,1.7564027049993456,19700,True,39,0.024140000000000005
OR5x100-0.25_1.dat,GA,6,24243.0,1.5868841100018471,19700,True,169,0.017564000000000003
OR5x100-0.25_1.dat,GA,7,24214.0,1.601673089000542,19700,True,12,0.023516
OR5x100-0.25_1.dat,GA,8,24259.0,1.5381916410005942,19700,True,57,0.030548000000000002
OR5x100-0.25_1.dat,GA,9,24282.0,1.506821023998782,19700,True,46,0.024964000000000004
OR5x100-0.25_1.dat,GA-FIX-UX+BF3,0,24314.0,1.8498732900006871,19700,True,66,0.12682000000000002
OR5x100-0.25_1.dat,GA-FIX-UX+BF3,1,24343.0,1.7694817400006286,19700,True,6,0.107436
OR5x100-0.25_1.dat,GA-FIX-UX+BF3,2,24329.0,1.88177381299829,19700,True,17,0.054756000000000006
OR5x100-0.25_1.dat,GA-FIX-UX+BF3,3,24381.0,1.0628267930005677,19700,True,13,0.08527600000000002
OR5x100-0.25_1.dat,GA-FIX-UX+BF3,4,24329.0,1.8577265380008612,19700,True,24,0.07701200000000002
OR5x100-0.25_1.dat,GA-FIX-UX+BF3,5,24343.0,1.858690277000278,19700,True,31,0.11414800000000001
OR5x100-0.25_1.dat,GA-FIX-UX+BF3,6,24381.0,1.8294185529994138,19700,True,23,0.07791600000000001
OR5x100-0.25_1.dat,GA-FIX-UX+BF3,7,24329.0,1.0180136570015748,19700,True,9,0.04881200000000001
OR5x100-0.25_1.dat,GA-FIX-UX+BF3,8,24304.0,1.8354819089981902,19700,True,151,0.10820800000000003
OR5x100-0.25_1.dat,GA-FIX-UX+BF3,9,24329.0,1.823551461999159,19700,True,19,0.06260800000000001
OR5x100-0.25_1.dat,GA-QL,0,24315.0,1.7260477099989657,19700,True,149,0.03969200000000001
OR5x100-0.25_1.dat,GA-QL,1,24326.0,1.8654798040006426,19700,True,15,0.034188
OR5x100-0.25_1.dat,GA-QL,2,24381.0,2.0614373429998523,19700,True,26,0.06075600000000001
OR5x100-0.25_1.dat,GA-QL,3,24343.0,2.040594248999696,19700,True,13,0.07734800000000001
OR5x100-0.25_1.dat,GA-QL,4,24329.0,2.1230294540000614,19700,True,12,0.03570000000000001
OR5x100-0.25_1.dat,GA-QL,5,24343.0,1.715021093001269,19700,True,31,0.05002000000000001
OR5x100-0.25_1.dat,GA-QL,6,24329.0,1.6898360039995168,19700,True,12,0.054988
OR5x100-0.25_1.dat,GA-QL,7,24343.0,1.761962565997237,19700,True,86,0.067108
OR5x100-0.25_1.dat,GA-QL,8,24343.0,2.04455222499746,19700,True,24,0.06276800000000002
OR5x100-0.25_1.dat,GA-QL,9,24329.0,1.7831436289998237,19700,True,15,0.03880000000000001
OR5x100-0.25_1.dat,GA-QL-T,0,24282.0,1.9387215890019434,19700,True,39,0.041488000000000004
OR5x100-0.25_1.dat,GA-QL-T,1,24329.0,1.8591895130011835,19700,True,16,0.03608000000000001
OR5x100-0.25_1.dat,GA-QL-T,2,24343.0,1.7361715579972952,19700,True,16,0.07208400000000001
OR5x100-0.25_1.dat,GA-QL-T,3,24244.0,1.7407261129992548,19700,True,32,0.05902000000000002
OR5x100-0.25_1.dat,GA-QL-T,4,24329.0,1.8621944689984957,19700,True,15,0.04572800000000001
OR5x100-0.25_1.dat,GA-QL-T,5,24329.0,1.8253564360020391,19700,True,112,0.057528
OR5x100-0.25_1.dat,GA-QL-T,6,24329.0,1.7111583270016126,19700,True,18,0.060580000000000016
OR5x100-0.25_1.dat,GA-QL-T,7,24343.0,1.832988160997047,19700,True,46,0.08262400000000002
OR5x100-0.25_1.dat,GA-QL-T,8,24373.0,1.7208309240013477,19700,True,20,0.10672800000000002
OR5x100-0.25_1.dat,GA-QL-T,9,24315.0,1.7402120799997647,19700,True,98,0.04346000000000001
OR5x100-0.25_1.dat,GA-RAND,0,24329.0,1.6881560490000993,19700,True,14,0.012860000000000009
OR5x100-0.25_1.dat,GA-RAND,1,24343.0,1.7883750170003623,19700,True,15,0.06369600000000002
OR5x100-0.25_1.dat,GA-RAND,2,24282.0,1.762120084000344,19700,True,28,0.06766000000000003
OR5x100-0.25_1.dat,GA-RAND,3,24343.0,1.8053929109992168,19700,True,38,0.041564000000000004
OR5x100-0.25_1.dat,GA-RAND,4,24329.0,1.6130411990016,19700,True,12,0.034996000000000006
OR5x100-0.25_1.dat,GA-RAND,5,24381.0,1.7047375709989865,19700,True,18,0.030532000000000007
OR5x100-0.25_1.dat,GA-RAND,6,24329.0,1.8185597760020755,19700,True,16,0.011956000000000001
OR5x100-0.25_1.dat,GA-RAND,7,24329.0,1.756961107999814,19700,True,18,0.038888
OR5x100-0.25_1.dat,GA-RAND,8,24343.0,1.6934571870006039,19700,True,12,0.04260400000000002
OR5x100-0.25_1.dat,GA-RAND,9,24282.0,1.6850638760006404,19700,True,15,0.032080000000000004
OR5x100-0.25_1.dat,GA-UCB,0,24343.0,1.8537186559988186,19700,True,20,0.06812000000000001
OR5x100-0.25_1.dat,GA-UCB,1,24314.0,1.6489582279973547,19700,True,26,0.08199200000000002
OR5x100-0.25_1.dat,GA-UCB,2,24327.0,1.824087878998398,19700,True,46,0.046804000000000005
OR5x100-0.25_1.dat,GA-UCB,3,24373.0,1.694962048997695,19700,True,23,0.040128000000000004
OR5x100-0.25_1.dat,GA-UCB,4,24329.0,1.8793580800011114,19700,True,14,0.036328000000000006
OR5x100-0.25_1.dat,GA-UCB,5,24298.0,1.6950013149980805,19700,True,7,0.04097200000000001
OR5x100-0.25_1.dat,GA-UCB,6,24330.0,1.6880472260017996,19700,True,100,0.05911200000000001
OR5x100-0.25_1.dat,GA-UCB,7,24329.0,1.805586966998817,19700,True,31,0.039048000000000006
OR5x100-0.25_1.dat,GA-UCB,8,24314.0,1.7260034950013505,19700,True,106,0.07188400000000002
OR5x100-0.25_1.dat,GA-UCB,9,24329.0,1.8249185439999565,19700,True,8,0.05250400000000001
OR5x100-0.25_10.dat,GA,0,24299.0,1.5809103419996973,19700,True,57,0.008552000000000006
OR5x100-0.25_10.dat,GA,1,24360.0,0.9014880289978464,19700,True,7,0.013452000000000006
OR5x100-0.25_10.dat,GA,2,24342.0,1.5448170299969206,19700,True,35,0.009384000000000005
OR5x100-0.25_10.dat,GA,3,24342.0,1.4656475609990594,19700,True,77,0.006652000000000003
OR5x100-0.25_10.dat,GA,4,24348.0,1.5377571520002675,19700,True,69,0.017936
OR5x100-0.25_10.dat,GA,5,24264.0,1.5112059519997274,19700,True,6,0.003928000000000002
OR5x100-0.25_10.dat,GA,6,24299.0,1.0223413099993195,19700,True,9,0.009336000000000006
OR5x100-0.25_10.dat,GA,7,24360.0,1.4742487729999993,19700,True,7,0.011592000000000007
OR5x100-0.25_10.dat,GA,8,24299.0,1.5944671260003815,19700,True,37,0.009248000000000004
OR5x100-0.25_10.dat,GA,9,24283.0,1.5649011509995034,19700,True,20,0.008964000000000005
OR5x100-0.25_10.dat,GA-FIX-UX+BF3,0,24342.0,1.9314250750030624,19700,True,38,0.034004000000000006
OR5x100-0.25_10.dat,GA-FIX-UX+BF3,1,24299.0,1.0793524399996386,19700,True,8,0.04294400000000001
OR5x100-0.25_10.dat,GA-FIX-UX+BF3,2,24342.0,1.9023499920003815,19700,True,6,0.04933600000000001
OR5x100-0.25_10.dat,GA-FIX-UX+BF3,3,24299.0,1.910399177999352,19700,True,28,0.044024
OR5x100-0.25_10.dat,GA-FIX-UX+BF3,4,24360.0,1.9581059789998108,19700,True,34,0.05066000000000002
OR5x100-0.25_10.dat,GA-FIX-UX+BF3,5,24299.0,1.9421036910025578,19700,True,21,0.04178000000000002
OR5x100-0.25_10.dat,GA-FIX-UX+BF3,6,24342.0,1.9339879090002796,19700,True,8,0.04310000000000001
OR5x100-0.25_10.dat,GA-FIX-UX+BF3,7,24360.0,1.8332410289986,19700,True,79,0.04049200000000001
OR5x100-0.25_10.dat,GA-FIX-UX+BF3,8,24299.0,2.007505301000492,19700,True,7,0.04004000000000001
OR5x100-0.25_10.dat,GA-FIX-UX+BF3,9,24342.0,1.97650258199792,19700,True,54,0.033116000000000013
OR5x100-0.25_10.dat,GA-QL,0,24299.0,1.7612512050000078,19700,True,98,0.020012000000000002
OR5x100-0.25_10.dat,GA-QL,1,24411.0,1.7683042280004884,19700,True,11,0.019552
OR5x100-0.25_10.dat,GA-QL,2,24342.0,1.0548923919996014,19700,True,39,0.037776000000000004
OR5x100-0.25_10.dat,GA-QL,3,24299.0,1.7634320340002887,19700,True,17,0.007372000000000005
OR5x100-0.25_10.dat,GA-QL,4,24342.0,1.76100182799928,19700,True,21,0.006312000000000003
OR5x100-0.25_10.dat,GA-QL,5,24299.0,1.2579747529998713,19700,True,12,0.04500400000000001
OR5x100-0.25_10.dat,GA-QL,6,24299.0,1.6884961530013243,19700,True,59,0.021896000000000006
OR5x100-0.25_10.dat,GA-QL,7,24299.0,1.6795825669978512,19700,True,11,0.010856000000000008
OR5x100-0.25_10.dat,GA-QL,8,24299.0,1.6486571679997724,19700,True,6,0.03701600000000001
OR5x100-0.25_10.dat,GA-QL,9,24342.0,1.7161280120017182,19700,True,10,0.04207600000000001
OR5x100-0.25_10.dat,GA-QL-T,0,24342.0,1.5261792840028647,19700,True,50,0.015012000000000008
OR5x100-0.25_10.dat,GA-QL-T,1,24411.0,1.5538357770019502,19700,True,14,0.06234400000000002
OR5x100-0.25_10.dat,GA-QL-T,2,24342.0,1.8077932850028446,19700,True,22,0.03601600000000001
OR5x100-0.25_10.dat,GA-QL-T,3,24299.0,1.320598369999061,19700,True,30,0.03522000000000001
OR5x100-0.25_10.dat,GA-QL-T,4,24299.0,1.8143937560016639,19700,True,25,0.04814800000000002
OR5x100-0.25_10.dat,GA-QL-T,5,24299.0,1.3401810330033186,19700,True,9,0.014260000000000004
OR5x100-0.25_10.dat,GA-QL-T,6,24299.0,1.786372807000589,19700,True,116,0.014108
OR5x100-0.25_10.dat,GA-QL-T,7,24299.0,1.6623962029989343,19700,True,12,0.0066200000000000035
OR5x100-0.25_10.dat,GA-QL-T,8,24342.0,1.7482365269970614,19700,True,6,0.03306400000000001
OR5x100-0.25_10.dat,GA-QL-T,9,24299.0,1.828636275997269,19700,True,37,0.051644000000000016
OR5x100-0.25_10.dat,GA-RAND,0,24342.0,1.5040258070002892,19700,True,10,0.006676000000000003
OR5x100-0.25_10.dat,GA-RAND,1,24299.0,1.7064140930015128,19700,True,91,0.012272000000000003
OR5x100-0.25_10.dat,GA-RAND,2,24269.0,0.9309877009982301,19700,True,20,0.047704000000000024
OR5x100-0.25_10.dat,GA-RAND,3,24360.0,1.7036225789997843,19700,True,147,0.012376000000000005
OR5x100-0.25_10.dat,GA-RAND,4,24299.0,1.6783431000003475,19700,True,65,0.022204000000000005
OR5x100-0.25_10.dat,GA-RAND,5,24299.0,1.437005727999349,19700,True,22,0.018764000000000006
OR5x100-0.25_10.dat,GA-RAND,6,24299.0,1.0582026009979018,19700,True,9,0.007808000000000005
OR5x100-0.25_10.dat,GA-RAND,7,24360.0,1.7418454089965962,19700,True,198,0.046700000000000005
OR5x100-0.25_10.dat,GA-RAND,8,24342.0,1.8295125229997211,19700,True,6,0.023204000000000006
OR5x100-0.25_10.dat,GA-RAND,9,24411.0,1.3629703980004706,19700,True,12,0.03194000000000001
OR5x100-0.25_10.dat,GA-UCB,0,24299.0,1.4994781610002974,19700,True,6,0.008988000000000006
OR5x100-0.25_10.dat,GA-UCB,1,24342.0,1.4108411599991086,19700,True,37,0.019372000000000004
OR5x100-0.25_10.dat,GA-UCB,2,24360.0,1.6713903130003018,19700,True,73,0.044092
OR5x100-0.25_10.dat,GA-UCB,3,24342.0,1.6517835539998487,19700,True,9,0.018708000000000006
OR5x100-0.25_10.dat,GA-UCB,4,24299.0,1.6618598620007106,19700,True,15,0.018676000000000005
OR5x100-0.25_10.dat,GA-UCB,5,24342.0,1.7785821510005917,19700,True,33,0.016312000000000007
OR5x100-0.25_10.dat,GA-UCB,6,24342.0,1.7660841679971782,19700,True,78,0.010452000000000003
OR5x100-0.25_10.dat,GA-UCB,7,24360.0,1.7521074020005472,19700,True,8,0.030264000000000006
OR5x100-0.25_10.dat,GA-UCB,8,24299.0,1.0747254739981145,19700,True,6,0.012200000000000003
OR5x100-0.25_10.dat,GA-UCB,9,24342.0,1.7062240590021247,19700,True,90,0.011672000000000007
OR5x100-0.25_2.dat,GA,0,24089.0,1.168524979002541,19700,True,6,0.007784000000000002
OR5x100-0.25_2.dat,GA,1,24193.0,1.580384683002194,19700,True,4,0.006604000000000003
OR5x100-0.25_2.dat,GA,2,24258.0,1.2614645829999063,19700,True,5,0.006676000000000003
OR5x100-0.25_2.dat,GA,3,24225.0,1.2287397969994345,19700,True,9,0.014580000000000003
OR5x100-0.25_2.dat,GA,4,24225.0,1.5854330969996226,19700,True,70,0.010236
OR5x100-0.25_2.dat,GA,5,24145.0,1.5498315160002676,19700,True,48,0.027287999999999996
OR5x100-0.25_2.dat,GA,6,24274.0,1.6308038579991262,19700,True,119,0.007324000000000004
OR5x100-0.25_2.dat,GA,7,24230.0,1.3673959129992,19700,True,47,0.011507999999999997
OR5x100-0.25_2.dat,GA,8,24258.0,1.5651472770005057,19700,True,60,0.005060000000000002
OR5x100-0.25_2.dat,GA,9,24149.0,0.9869384419980634,19700,True,84,0.016267999999999998
OR5x100-0.25_2.dat,GA-FIX-UX+BF3,0,24225.0,1.345055911999225,19700,True,39,0.03249600000000001
OR5x100-0.25_2.dat,GA-FIX-UX+BF3,1,24258.0,1.2546244170007412,19700,True,5,0.030496000000000013
OR5x100-0.25_2.dat,GA-FIX-UX+BF3,2,24274.0,1.9268870980013162,19700,True,17,0.04103600000000002
OR5x100-0.25_2.dat,GA-FIX-UX+BF3,3,24225.0,1.8887358689971734,19700,True,15,0.04057200000000001
OR5x100-0.25_2.dat,GA-FIX-UX+BF3,4,24225.0,2.0237910020005074,19700,True,6,0.05046400000000001
OR5x100-0.25_2.dat,GA-FIX-UX+BF3,5,24225.0,1.9462236860017583,19700,True,5,0.035440000000000006
OR5x100-0.25_2.dat,GA-FIX-UX+BF3,6,24225.0,1.5934644659973856,19700,True,7,0.033804000000000015
OR5x100-0.25_2.dat,GA-FIX-UX+BF3,7,24225.0,1.956626465998852,19700,True,6,0.03476400000000001
OR5x100-0.25_2.dat,GA-FIX-UX+BF3,8,24274.0,1.9589322020001418,19700,True,16,0.04004000000000001
OR5x100-0.25_2.dat,GA-FIX-UX+BF3,9,24274.0,1.8773245669981407,19700,True,11,0.022700000000000012
OR5x100-0.25_2.dat,GA-QL,0,24225.0,1.711257700000715,19700,True,13,0.026816000000000003
OR5x100-0.25_2.dat,GA-QL,1,24230.0,1.7545856539982196,19700,True,13,0.012603999999999999
OR5x100-0.25_2.dat,GA-QL,2,24149.0,1.076362916999642,19700,True,7,0.024096000000000006
OR5x100-0.25_2.dat,GA-QL,3,24225.0,1.7496039039979223,19700,True,39,0.034376000000000004
OR5x100-0.25_2.dat,GA-QL,4,24149.0,1.7523529999998573,19700,True,6,0.04137600000000001
OR5x100-0.25_2.dat,GA-QL,5,24184.0,1.7695768249977846,19700,True,125,0.026699999999999998
OR5x100-0.25_2.dat,GA-QL,6,24225.0,1.754595390000759,19700,True,58,0.016228000000000003
OR5x100-0.25_2.dat,GA-QL,7,24274.0,0.993861802999163,19700,True,7,0.025504000000000016
OR5x100-0.25_2.dat,GA-QL,8,24274.0,1.7319828030013014,19700,True,11,0.008108000000000004
OR5x100-0.25_2.dat,GA-QL,9,24184.0,1.7508237780020863,19700,True,34,0.0181
OR5x100-0.25_2.dat,GA-QL-T,0,24225.0,1.7044730460002029,19700,True,11,0.012476000000000003
OR5x100-0.25_2.dat,GA-QL-T,1,24258.0,1.758419376998063,19700,True,13,0.013252000000000003
OR5x100-0.25_2.dat,GA-QL-T,2,24149.0,0.9902446960004454,19700,True,17,0.021100000000000004
OR5x100-0.25_2.dat,GA-QL-T,3,24258.0,1.7720747209968977,19700,True,29,0.008100000000000003
OR5x100-0.25_2.dat,GA-QL-T,4,24258.0,1.630602686000202,19700,True,9,0.027800000000000002
OR5x100-0.25_2.dat,GA-QL-T,5,24225.0,1.4048431800001708,19700,True,7,0.012248000000000002
OR5x100-0.25_2.dat,GA-QL-T,6,24225.0,1.8012261199983186,19700,True,7,0.03414400000000001
OR5x100-0.25_2.dat,GA-QL-T,7,24230.0,1.522185610003362,19700,True,24,0.02314400000000001
OR5x100-0.25_2.dat,GA-QL-T,8,24230.0,1.7461481179998373,19700,True,31,0.051316000000000014
OR5x100-0.25_2.dat,GA-QL-T,9,24184.0,1.7551226130017312,19700,True,67,0.04332400000000001
OR5x100-0.25_2.dat,GA-RAND,0,24193.0,1.706152173999726,19700,True,72,0.01824
OR5x100-0.25_2.dat,GA-RAND,1,24274.0,1.7571135250000225,19700,True,12,0.009288000000000005
OR5x100-0.25_2.dat,GA-RAND,2,24225.0,1.085057208998478,19700,True,7,0.03460400000000001
OR5x100-0.25_2.dat,GA-RAND,3,24225.0,1.6928977980023774,19700,True,7,0.007688000000000004
OR5x100-0.25_2.dat,GA-RAND,4,24153.0,1.6207386220012268,19700,True,8,0.019248000000000005
OR5x100-0.25_2.dat,GA-RAND,5,24230.0,1.3021691079993616,19700,True,22,0.02474400000000001
OR5x100-0.25_2.dat,GA-RAND,6,24258.0,1.7110053969990986,19700,True,14,0.010420000000000007
OR5x100-0.25_2.dat,GA-RAND,7,24230.0,1.6976342309972097,19700,True,8,0.03185200000000001
OR5x100-0.25_2.dat,GA-RAND,8,24184.0,1.7480002439988311,19700,True,40,0.03613600000000001
OR5x100-0.25_2.dat,GA-RAND,9,24230.0,1.724362064000161,19700,True,27,0.029388000000000004
OR5x100-0.25_2.dat,GA-UCB,0,24225.0,0.9772032949986169,19700,True,11,0.011336000000000004
OR5x100-0.25_2.dat,GA-UCB,1,24089.0,1.6787193580021267,19700,True,6,0.024188000000000008
OR5x100-0.25_2.dat,GA-UCB,2,24225.0,1.699951807000616,19700,True,13,0.016040000000000002
OR5x100-0.25_2.dat,GA-UCB,3,24225.0,1.6058302739984356,19700,True,72,0.024120000000000003
OR5x100-0.25_2.dat,GA-UCB,4,24274.0,1.295638974999747,19700,True,66,0.008916000000000004
OR5x100-0.25_2.dat,GA-UCB,5,24225.0,1.6948247910004284,19700,True,14,0.04115200000000001
OR5x100-0.25_2.dat,GA-UCB,6,24230.0,1.7542151819980063,19700,True,38,0.05598400000000001
OR5x100-0.25_2.dat,GA-UCB,7,24274.0,1.7333669100007683,19700,True,67,0.014576000000000007
OR5x100-0.25_2.dat,GA-UCB,8,24230.0,0.9728698690014426,19700,True,16,0.039052
OR5x100-0.25_2.dat,GA-UCB,9,24230.0,1.5438443210005062,19700,True,9,0.025960000000000004
OR5x100-0.25_3.dat,GA,0,23523.0,1.5821939380002732,19700,True,9,0.005528000000000004
OR5x100-0.25_3.dat,GA,1,23523.0,1.5635802500000864,19700,True,8,0.01552000000000001
OR5x100-0.25_3.dat,GA,2,23496.0,1.586486693999177,19700,True,8,0.010444000000000002
OR5x100-0.25_3.dat,GA,3,23457.0,1.0404958619983518,19700,True,116,0.014284000000000003
OR5x100-0.25_3.dat,GA,4,23480.0,1.5716914129989163,19700,True,7,0.005480000000000004
OR5x100-0.25_3.dat,GA,5,23538.0,1.5890503880000324,19700,True,6,0.012832
OR5x100-0.25_3.dat,GA,6,23498.0,1.474723121002171,19700,True,5,0.013824000000000005
OR5x100-0.25_3.dat,GA,7,23523.0,1.134934947000147,19700,True,9,0.010468000000000007
OR5x100-0.25_3.dat,GA,8,23422.0,1.1305229469980986,19700,True,20,0.020232
OR5x100-0.25_3.dat,GA,9,23457.0,1.568718993999937,19700,True,19,0.007404000000000004
OR5x100-0.25_3.dat,GA-FIX-UX+BF3,0,23523.0,2.0071850670028653,19700,True,19,0.04145600000000001
OR5x100-0.25_3.dat,GA-FIX-UX+BF3,1,23523.0,2.068170911999914,19700,True,15,0.043348
OR5x100-0.25_3.dat,GA-FIX-UX+BF3,2,23523.0,1.883507793998433,19700,True,63,0.06147200000000001
OR5x100-0.25_3.dat,GA-FIX-UX+BF3,3,23523.0,1.8506889279997267,19700,True,18,0.04697600000000001
OR5x100-0.25_3.dat,GA-FIX-UX+BF3,4,23523.0,2.1027891429985175,19700,True,11,0.057204000000000005
OR5x100-0.25_3.dat,GA-FIX-UX+BF3,5,23523.0,1.80630999099958,19700,True,103,0.04711200000000001
OR5x100-0.25_3.dat,GA-FIX-UX+BF3,6,23496.0,1.8554246190033155,19700,True,8,0.04814800000000002
OR5x100-0.25_3.dat,GA-FIX-UX+BF3,7,23523.0,1.4871977620023245,19700,True,8,0.030416000000000012
OR5x100-0.25_3.dat,GA-FIX-UX+BF3,8,23523.0,1.9842820210033096,19700,True,10,0.04702400000000002
OR5x100-0.25_3.dat,GA-FIX-UX+BF3,9,23523.0,1.5938572620034392,19700,True,26,0.035744000000000005
OR5x100-0.25_3.dat,GA-QL,0,23523.0,1.7160139709994837,19700,True,14,0.03378000000000001
OR5x100-0.25_3.dat,GA-QL,1,23455.0,1.5842669869998645,19700,True,11,0.006272000000000004
OR5x100-0.25_3.dat,GA-QL,2,23538.0,1.7067286470010004,19700,True,7,0.014768000000000005
OR5x100-0.25_3.dat,GA-QL,3,23457.0,1.2846072469983483,19700,True,10,0.006660000000000004
OR5x100-0.25_3.dat,GA-QL,4,23523.0,1.7338340379974397,19700,True,11,0.03191200000000001
OR5x100-0.25_3.dat,GA-QL,5,23523.0,1.7314313110000512,19700,True,8,0.015416000000000003
OR5x100-0.25_3.dat,GA-QL,6,23523.0,1.5156676920014434,19700,True,11,0.012844000000000006
OR5x100-0.25_3.dat,GA-QL,7,23538.0,1.5562505410016456,19700,True,5,0.03540800000000001
OR5x100-0.25_3.dat,GA-QL,8,23496.0,1.0505806789988128,19700,True,16,0.02152
OR5x100-0.25_3.dat,GA-QL,9,23523.0,1.7273198510010843,19700,True,20,0.007096000000000003
OR5x100-0.25_3.dat,GA-QL-T,0,23538.0,1.7529130020011507,19700,True,12,0.016460000000000002
OR5x100-0.25_3.dat,GA-QL-T,1,23523.0,1.464984664999065,19700,True,9,0.013468
OR5x100-0.25_3.dat,GA-QL-T,2,23523.0,1.7640987779996067,19700,True,38,0.006612000000000002
OR5x100-0.25_3.dat,GA-QL-T,3,23538.0,1.679302672000631,19700,True,8,0.010768
OR5x100-0.25_3.dat,GA-QL-T,4,23480.0,1.7250701019984263,19700,True,6,0.010428000000000002
OR5x100-0.25_3.dat,GA-QL-T,5,23523.0,1.0291454879989033,19700,True,9,0.027012000000000005
OR5x100-0.25_3.dat,GA-QL-T,6,23523.0,1.6236395760024607,19700,True,10,0.013716000000000008
OR5x100-0.25_3.dat,GA-QL-T,7,23523.0,1.7446671979996609,19700,True,12,0.010936000000000003
OR5x100-0.25_3.dat,GA-QL-T,8,23523.0,1.1487471389991697,19700,True,8,0.012708000000000007
OR5x100-0.25_3.dat,GA-QL-T,9,23523.0,1.746387967003102,19700,True,7,0.03449200000000001
OR5x100-0.25_3.dat,GA-RAND,0,23523.0,1.7182864919996064,19700,True,9,0.017432
OR5x100-0.25_3.dat,GA-RAND,1,23523.0,1.7639406859998417,19700,True,7,0.014884
OR5x100-0.25_3.dat,GA-RAND,2,23496.0,1.5993717539968202,19700,True,9,0.03892000000000001
OR5x100-0.25_3.dat,GA-RAND,3,23523.0,1.631186686001456,19700,True,13,0.012780000000000008
OR5x100-0.25_3.dat,GA-RAND,4,23551.0,0.9653836190009315,19700,True,13,0.020676
OR5x100-0.25_3.dat,GA-RAND,5,23523.0,1.713891766998131,19700,True,37,0.011300000000000008
OR5x100-0.25_3.dat,GA-RAND,6,23455.0,1.690993570999126,19700,True,6,0.007000000000000004
OR5x100-0.25_3.dat,GA-RAND,7,23457.0,1.742706098000781,19700,True,18,0.037180000000000005
OR5x100-0.25_3.dat,GA-RAND,8,23523.0,1.045497222999984,19700,True,9,0.023260000000000006
OR5x100-0.25_3.dat,GA-RAND,9,23523.0,1.6830492410008446,19700,True,66,0.01786400000000001
OR5x100-0.25_3.dat,GA-UCB,0,23523.0,1.7674888500005181,19700,True,6,0.04339200000000001
OR5x100-0.25_3.dat,GA-UCB,1,23523.0,1.5811448729982658,19700,True,13,0.020640000000000002
OR5x100-0.25_3.dat,GA-UCB,2,23523.0,1.688449606001086,19700,True,9,0.018268000000000006
OR5x100-0.25_3.dat,GA-UCB,3,23538.0,1.4529482610014384,19700,True,8,0.018400000000000003
OR5x100-0.25_3.dat,GA-UCB,4,23462.0,1.0896968700035359,19700,True,21,0.02515200000000001
OR5x100-0.25_3.dat,GA-UCB,5,23523.0,1.7511295650001557,19700,True,9,0.020216
OR5x100-0.25_3.dat,GA-UCB,6,23523.0,1.737086236000323,19700,True,28,0.011428000000000008
OR5x100-0.25_3.dat,GA-UCB,7,23480.0,1.7008678669990331,19700,True,8,0.014588000000000005
OR5x100-0.25_3.dat,GA-UCB,8,23538.0,1.7566012169991154,19700,True,8,0.039848000000000015
OR5x100-0.25_3.dat,GA-UCB,9,23496.0,0.9480405709982733,19700,True,11,0.046156
OR5x100-0.25_4.dat,GA,0,23259.0,1.5924129970007925,19700,True,61,0.03398
OR5x100-0.25_4.dat,GA,1,23367.0,1.5420896079995146,19700,True,15,0.021460000000000003
OR5x100-0.25_4.dat,GA,2,23297.0,1.5869547030015383,19700,True,11,0.036652000000000004
OR5x100-0.25_4.dat,GA,3,23480.0,1.5975780289991235,19700,True,63,0.026652000000000006
OR5x100-0.25_4.dat,GA,4,23401.0,0.8970974699986982,19700,True,193,0.028616000000000003
OR5x100-0.25_4.dat,GA,5,23373.0,1.582538562000991,19700,True,17,0.025356000000000004
OR5x100-0.25_4.dat,GA,6,23413.0,1.6117433230028837,19700,True,9,0.030864
OR5x100-0.25_4.dat,GA,7,23333.0,1.5453945670014946,19700,True,134,0.033035999999999996
OR5x100-0.25_4.dat,GA,8,23371.0,0.9614574599982006,19700,True,24,0.034312
OR5x100-0.25_4.dat,GA,9,23342.0,1.5623057290031284,19700,True,9,0.029712000000000006
OR5x100-0.25_4.dat,GA-FIX-UX+BF3,0,23402.0,1.8881930429997738,19700,True,35,0.08141600000000002
OR5x100-0.25_4.dat,GA-FIX-UX+BF3,1,23460.0,1.8033818600015366,19700,True,135,0.10225600000000004
OR5x100-0.25_4.dat,GA-FIX-UX+BF3,2,23460.0,1.9279808439969202,19700,True,52,0.09594400000000002
OR5x100-0.25_4.dat,GA-FIX-UX+BF3,3,23455.0,1.3263537370003178,19700,True,54,0.07776400000000003
OR5x100-0.25_4.dat,GA-FIX-UX+BF3,4,23460.0,1.7947727169994323,19700,True,99,0.08637600000000002
OR5x100-0.25_4.dat,GA-FIX-UX+BF3,5,23460.0,1.8496747970020806,19700,True,27,0.12756000000000003
OR5x100-0.25_4.dat,GA-FIX-UX+BF3,6,23460.0,1.7550045949974447,19700,True,31,0.09004800000000002
OR5x100-0.25_4.dat,GA-FIX-UX+BF3,7,23460.0,1.6441466100004618,19700,True,62,0.129672
OR5x100-0.25_4.dat,GA-FIX-UX+BF3,8,23484.0,1.3918980419985019,19700,True,124,0.17760400000000004
OR5x100-0.25_4.dat,GA-FIX-UX+BF3,9,23460.0,1.875494140000228,19700,True,62,0.12012400000000004
OR5x100-0.25_4.dat,GA-QL,0,23448.0,1.0380356249988836,19700,True,186,0.08988000000000002
OR5x100-0.25_4.dat,GA-QL,1,23460.0,1.785365133000596,19700,True,37,0.069172
OR5x100-0.25_4.dat,GA-QL,2,23480.0,1.6988355079993198,19700,True,47,0.08600800000000003
OR5x100-0.25_4.dat,GA-QL,3,23460.0,1.2254478289978579,19700,True,72,0.07229200000000002
OR5x100-0.25_4.dat,GA-QL,4,23408.0,1.7017945469997358,19700,True,60,0.021244
OR5x100-0.25_4.dat,GA-QL,5,23350.0,1.6056881730000896,19700,True,19,0.03760400000000001
OR5x100-0.25_4.dat,GA-QL,6,23425.0,1.7339049539987172,19700,True,175,0.09452400000000001
OR5x100-0.25_4.dat,GA-QL,7,23383.0,1.6430231550002645,19700,True,195,0.10153200000000001
OR5x100-0.25_4.dat,GA-QL,8,23460.0,1.7268912450017524,19700,True,31,0.06060000000000001
OR5x100-0.25_4.dat,GA-QL,9,23484.0,1.0115279019992158,19700,True,25,0.09717200000000002
OR5x100-0.25_4.dat,GA-QL-T,0,23484.0,1.8159499009998399,19700,True,76,0.071984
OR5x100-0.25_4.dat,GA-QL-T,1,23460.0,1.8163617009995505,19700,True,35,0.08712000000000003
OR5x100-0.25_4.dat,GA-QL-T,2,23424.0,1.770705889997771,19700,True,134,0.10209600000000002
OR5x100-0.25_4.dat,GA-QL-T,3,23436.0,1.0179871619984624,19700,True,37,0.08997600000000001
OR5x100-0.25_4.dat,GA-QL-T,4,23460.0,1.7766079569992144,19700,True,42,0.09325200000000003
OR5x100-0.25_4.dat,GA-QL-T,5,23402.0,1.773769807001372,19700,True,15,0.09439600000000002
OR5x100-0.25_4.dat,GA-QL-T,6,23377.0,1.8036288319999585,19700,True,32,0.04045600000000001
OR5x100-0.25_4.dat,GA-QL-T,7,23438.0,1.0894816030013317,19700,True,185,0.19677599999999998
OR5x100-0.25_4.dat,GA-QL-T,8,23497.0,1.8008669209993968,19700,True,26,0.09175200000000001
OR5x100-0.25_4.dat,GA-QL-T,9,23399.0,1.7882055009977194,19700,True,20,0.049804000000000015
OR5x100-0.25_4.dat,GA-RAND,0,23452.0,1.8069522910009255,19700,True,76,0.033900000000000007
OR5x100-0.25_4.dat,GA-RAND,1,23480.0,1.755232341998635,19700,True,27,0.04982400000000001
OR5x100-0.25_4.dat,GA-RAND,2,23460.0,1.113426949003042,19700,True,45,0.08408000000000002
OR5x100-0.25_4.dat,GA-RAND,3,23391.0,1.730610925998917,19700,True,82,0.046276000000000005
OR5x100-0.25_4.dat,GA-RAND,4,23460.0,1.6586779179997393,19700,True,130,0.05776400000000002
OR5x100-0.25_4.dat,GA-RAND,5,23444.0,1.6943975489994045,19700,True,67,0.05773200000000001
OR5x100-0.25_4.dat,GA-RAND,6,23460.0,1.0224474919996283,19700,True,65,0.044712
OR5x100-0.25_4.dat,GA-RAND,7,23455.0,1.7277381519998016,19700,True,15,0.028820000000000005
OR5x100-0.25_4.dat,GA-RAND,8,23377.0,1.7453483880017302,19700,True,172,0.03599600000000001
OR5x100-0.25_4.dat,GA-RAND,9,23429.0,1.7151262179977493,19700,True,14,0.053632000000000006
OR5x100-0.25_4.dat,GA-UCB,0,23460.0,1.7445943359998637,19700,True,52,0.07005600000000001
OR5x100-0.25_4.dat,GA-UCB,1,23484.0,0.9868100420026167,19700,True,131,0.05327199999999999
OR5x100-0.25_4.dat,GA-UCB,2,23436.0,1.6415950180016807,19700,True,64,0.048376
OR5x100-0.25_4.dat,GA-UCB,3,23460.0,1.7212536150000233,19700,True,151,0.048412000000000004
OR5x100-0.25_4.dat,GA-UCB,4,23377.0,1.0424021489998267,19700,True,9,0.061020000000000005
OR5x100-0.25_4.dat,GA-UCB,5,23402.0,1.7397168969982886,19700,True,31,0.059792
OR5x100-0.25_4.dat,GA-UCB,6,23460.0,1.753995794999355,19700,True,48,0.04370400000000001
OR5x100-0.25_4.dat,GA-UCB,7,23410.0,1.7276107079997018,19700,True,24,0.031868
OR5x100-0.25_4.dat,GA-UCB,8,23484.0,1.7650590910016035,19700,True,32,0.067096
OR5x100-0.25_4.dat,GA-UCB,9,23480.0,1.690412137999374,19700,True,151,0.024988
OR5x100-0.25_5.dat,GA,0,23867.0,1.5611931969979196,19700,True,16,0.026248000000000004
OR5x100-0.25_5.dat,GA,1,23818.0,1.0712720590017852,19700,True,9,0.013776000000000004
OR5x100-0.25_5.dat,GA,2,23947.0,1.5485581750035635,19700,True,11,0.004736000000000002
OR5x100-0.25_5.dat,GA,3,23930.0,1.5520150610027486,19700,True,177,0.017540000000000004
OR5x100-0.25_5.dat,GA,4,23895.0,1.5292523069983872,19700,True,9,0.006684000000000006
OR5x100-0.25_5.dat,GA,5,23840.0,1.5764142380030535,19700,True,6,0.014724000000000001
OR5x100-0.25_5.dat,GA,6,23895.0,0.8235032730008243,19700,True,10,0.007420000000000005
OR5x100-0.25_5.dat,GA,7,23903.0,1.566502195000794,19700,True,10,0.015296000000000006
OR5x100-0.25_5.dat,GA,8,23895.0,1.492358688999957,19700,True,23,0.013136000000000005
OR5x100-0.25_5.dat,GA,9,23866.0,0.8858762430027127,19700,True,9,0.009556000000000002
OR5x100-0.25_5.dat,GA-FIX-UX+BF3,0,23947.0,1.8544827879995864,19700,True,39,0.056788000000000026
OR5x100-0.25_5.dat,GA-FIX-UX+BF3,1,23939.0,1.8741507710001315,19700,True,180,0.055600000000000004
OR5x100-0.25_5.dat,GA-FIX-UX+BF3,2,23903.0,1.8559051949996501,19700,True,13,0.04717600000000002
OR5x100-0.25_5.dat,GA-FIX-UX+BF3,3,23903.0,1.5231537090003258,19700,True,52,0.049528000000000016
OR5x100-0.25_5.dat,GA-FIX-UX+BF3,4,23947.0,1.944260143001884,19700,True,69,0.04297600000000001
OR5x100-0.25_5.dat,GA-FIX-UX+BF3,5,23903.0,1.917916789996525,19700,True,77,0.06007200000000001
OR5x100-0.25_5.dat,GA-FIX-UX+BF3,6,23950.0,1.8924695129971951,19700,True,16,0.072948
OR5x100-0.25_5.dat,GA-FIX-UX+BF3,7,23966.0,1.922331784000562,19700,True,117,0.04227200000000002
OR5x100-0.25_5.dat,GA-FIX-UX+BF3,8,23895.0,1.9513512049998099,19700,True,32,0.040192000000000005
OR5x100-0.25_5.dat,GA-FIX-UX+BF3,9,23947.0,1.9187549400012358,19700,True,12,0.031000000000000007
OR5x100-0.25_5.dat,GA-QL,0,23895.0,1.673487110001588,19700,True,23,0.008900000000000005
OR5x100-0.25_5.dat,GA-QL,1,23932.0,1.0209582319985202,19700,True,172,0.05657600000000002
OR5x100-0.25_5.dat,GA-QL,2,23966.0,1.697479733000364,19700,True,193,0.06513200000000001
OR5x100-0.25_5.dat,GA-QL,3,23903.0,1.696557772000233,19700,True,12,0.010420000000000007
OR5x100-0.25_5.dat,GA-QL,4,23915.0,1.703156929997931,19700,True,89,0.057444000000000016
OR5x100-0.25_5.dat,GA-QL,5,23947.0,1.1614296109983115,19700,True,198,0.02790400000000001
OR5x100-0.25_5.dat,GA-QL,6,23910.0,1.4549717050031177,19700,True,10,0.034324
OR5x100-0.25_5.dat,GA-QL,7,23895.0,1.7276780259999214,19700,True,20,0.038780000000000016
OR5x100-0.25_5.dat,GA-QL,8,23895.0,1.492946607999329,19700,True,34,0.044620000000000014
OR5x100-0.25_5.dat,GA-QL,9,23895.0,1.7964204359996074,19700,True,28,0.005528000000000004
OR5x100-0.25_5.dat,GA-QL-T,0,23947.0,1.7754592359997332,19700,True,12,0.041152000000000015
OR5x100-0.25_5.dat,GA-QL-T,1,23910.0,1.0881059349994757,19700,True,17,0.025468000000000005
OR5x100-0.25_5.dat,GA-QL-T,2,23891.0,1.460539677998895,19700,True,10,0.017644000000000007
OR5x100-0.25_5.dat,GA-QL-T,3,23903.0,1.6662539659992035,19700,True,16,0.039696000000000016
OR5x100-0.25_5.dat,GA-QL-T,4,23895.0,1.7196438589999161,19700,True,11,0.02944400000000001
OR5x100-0.25_5.dat,GA-QL-T,5,23966.0,1.722484779998922,19700,True,16,0.04610400000000001
OR5x100-0.25_5.dat,GA-QL-T,6,23895.0,1.7270040139992489,19700,True,15,0.012296000000000003
OR5x100-0.25_5.dat,GA-QL-T,7,23895.0,1.771649129997968,19700,True,14,0.014220000000000005
OR5x100-0.25_5.dat,GA-QL-T,8,23950.0,1.7417723890030175,19700,True,176,0.020312000000000007
OR5x100-0.25_5.dat,GA-QL-T,9,23903.0,0.9838413799989212,19700,True,12,0.014820000000000007
OR5x100-0.25_5.dat,GA-RAND,0,23947.0,1.7092211480012338,19700,True,10,0.010404000000000007
OR5x100-0.25_5.dat,GA-RAND,1,23895.0,1.7247404249974352,19700,True,9,0.014632000000000003
OR5x100-0.25_5.dat,GA-RAND,2,23895.0,1.6834990289971756,19700,True,11,0.02622400000000001
OR5x100-0.25_5.dat,GA-RAND,3,23903.0,1.7717647370009217,19700,True,108,0.020496000000000007
OR5x100-0.25_5.dat,GA-RAND,4,23903.0,0.9376440169980924,19700,True,12,0.022904000000000004
OR5x100-0.25_5.dat,GA-RAND,5,23910.0,1.5863515450000705,19700,True,158,0.014664000000000003
OR5x100-0.25_5.dat,GA-RAND,6,23947.0,1.692250874999445,19700,True,8,0.014988000000000007
OR5x100-0.25_5.dat,GA-RAND,7,23947.0,1.7134673389991804,19700,True,14,0.019912000000000006
OR5x100-0.25_5.dat,GA-RAND,8,23913.0,1.7069605580036296,19700,True,27,0.014204
OR5x100-0.25_5.dat,GA-RAND,9,23947.0,1.2233056540026155,19700,True,151,0.015400000000000004
OR5x100-0.25_5.dat,GA-UCB,0,23910.0,1.5660893229978683,19700,True,16,0.04500000000000001
OR5x100-0.25_5.dat,GA-UCB,1,23939.0,1.7652645640009723,19700,True,11,0.04186400000000002
OR5x100-0.25_5.dat,GA-UCB,2,23900.0,1.0778535419995023,19700,True,125,0.07184800000000002
OR5x100-0.25_5.dat,GA-UCB,3,23891.0,1.6989801050003734,19700,True,9,0.03894800000000001
OR5x100-0.25_5.dat,GA-UCB,4,23895.0,1.6878673549981613,19700,True,10,0.043836000000000014
OR5x100-0.25_5.dat,GA-UCB,5,23895.0,1.7464003589993808,19700,True,16,0.013396000000000003
OR5x100-0.25_5.dat,GA-UCB,6,23895.0,0.9637919529995997,19700,True,23,0.020284000000000003
OR5x100-0.25_5.dat,GA-UCB,7,23947.0,1.6600886910018744,19700,True,17,0.003548000000000002
OR5x100-0.25_5.dat,GA-UCB,8,23947.0,1.717556297997362,19700,True,25,0.030040000000000008
OR5x100-0.25_5.dat,GA-UCB,9,23966.0,1.7239219789989875,19700,True,93,0.03810800000000001
OR5x100-0.25_6.dat,GA,0,24529.0,1.5483120059980138,19700,True,8,0.003952000000000002
OR5x100-0.25_6.dat,GA,1,24594.0,1.5211738319994765,19700,True,8,0.008536000000000004
OR5x100-0.25_6.dat,GA,2,24495.0,1.6052592579981138,19700,True,7,0.005504000000000004
OR5x100-0.25_6.dat,GA,3,24558.0,1.3614709449975635,19700,True,16,0.01494
OR5x100-0.25_6.dat,GA,4,24495.0,1.4552661500019894,19700,True,6,0.005520000000000004
OR5x100-0.25_6.dat,GA,5,24496.0,1.5531546019992675,19700,True,17,0.017324000000000003
OR5x100-0.25_6.dat,GA,6,24529.0,1.5613305649967515,19700,True,7,0.005916000000000004
OR5x100-0.25_6.dat,GA,7,24496.0,1.5843018859995937,19700,True,11,0.017496
OR5x100-0.25_6.dat,GA,8,24529.0,1.5712165420009114,19700,True,9,0.012224000000000004
OR5x100-0.25_6.dat,GA,9,24538.0,0.9109089919984399,19700,True,6,0.012676000000000003
OR5x100-0.25_6.dat,GA-FIX-UX+BF3,0,24569.0,1.8049060409975937,19700,True,6,0.044648000000000014
OR5x100-0.25_6.dat,GA-FIX-UX+BF3,1,24558.0,1.3105638349989022,19700,True,16,0.050520000000000016
OR5x100-0.25_6.dat,GA-FIX-UX+BF3,2,24529.0,1.5965852400004223,19700,True,88,0.03374400000000002
OR5x100-0.25_6.dat,GA-FIX-UX+BF3,3,24529.0,1.8849355579986877,19700,True,6,0.02894400000000001
OR5x100-0.25_6.dat,GA-FIX-UX+BF3,4,24555.0,1.9001951360005478,19700,True,101,0.063464
OR5x100-0.25_6.dat,GA-FIX-UX+BF3,5,24594.0,1.598751789999369,19700,True,75,0.03635600000000001
OR5x100-0.25_6.dat,GA-FIX-UX+BF3,6,24569.0,1.917849859000853,19700,True,15,0.04387200000000001
OR5x100-0.25_6.dat,GA-FIX-UX+BF3,7,24564.0,1.8388002799983951,19700,True,12,0.032252
OR5x100-0.25_6.dat,GA-FIX-UX+BF3,8,24613.0,1.8316121329989983,19700,True,9,0.041240000000000006
OR5x100-0.25_6.dat,GA-FIX-UX+BF3,9,24601.0,1.6372380390021135,19700,True,7,0.04959600000000001
OR5x100-0.25_6.dat,GA-QL,0,24516.0,1.76715551199959,19700,True,28,0.033396
OR5x100-0.25_6.dat,GA-QL,1,24495.0,1.7174242139990383,19700,True,9,0.009684000000000005
OR5x100-0.25_6.dat,GA-QL,2,24555.0,1.1632655389985302,19700,True,8,0.0239
OR5x100-0.25_6.dat,GA-QL,3,24555.0,1.7309297610008798,19700,True,142,0.018208
OR5x100-0.25_6.dat,GA-QL,4,24555.0,1.7155555409990484,19700,True,36,0.04641600000000001
OR5x100-0.25_6.dat,GA-QL,5,24529.0,1.7334773510010564,19700,True,5,0.029552000000000012
OR5x100-0.25_6.dat,GA-QL,6,24529.0,0.9764402990003873,19700,True,10,0.030716000000000014
OR5x100-0.25_6.dat,GA-QL,7,24569.0,1.7254491950006923,19700,True,7,0.008908000000000004
OR5x100-0.25_6.dat,GA-QL,8,24495.0,1.7430599639992579,19700,True,7,0.03502800000000002
OR5x100-0.25_6.dat,GA-QL,9,24567.0,1.7158595159999095,19700,True,67,0.010840000000000006
OR5x100-0.25_6.dat,GA-QL-T,0,24564.0,0.9906316050000896,19700,True,6,0.014908000000000003
OR5x100-0.25_6.dat,GA-QL-T,1,24594.0,1.7475722969975322,19700,True,198,0.037136000000000016
OR5x100-0.25_6.dat,GA-QL-T,2,24558.0,1.720069650997175,19700,True,27,0.01932
OR5x100-0.25_6.dat,GA-QL-T,3,24594.0,1.274208445000113,19700,True,31,0.026796
OR5x100-0.25_6.dat,GA-QL-T,4,24529.0,1.699850442000752,19700,True,8,0.007728000000000005
OR5x100-0.25_6.dat,GA-QL-T,5,24529.0,1.329003326001839,19700,True,8,0.0039200000000000025
OR5x100-0.25_6.dat,GA-QL-T,6,24529.0,1.7701743840007111,19700,True,8,0.016420000000000004
OR5x100-0.25_6.dat,GA-QL-T,7,24601.0,1.7003407660013181,19700,True,4,0.015347999999999999
OR5x100-0.25_6.dat,GA-QL-T,8,24594.0,1.7562532159972761,19700,True,91,0.015976
OR5x100-0.25_6.dat,GA-QL-T,9,24594.0,1.4602489619974222,19700,True,79,0.016364
OR5x100-0.25_6.dat,GA-RAND,0,24558.0,1.6753130569995847,19700,True,19,0.0077520000000000045
OR5x100-0.25_6.dat,GA-RAND,1,24529.0,1.6804566149985476,19700,True,7,0.009968000000000003
OR5x100-0.25_6.dat,GA-RAND,2,24564.0,1.7089623530009703,19700,True,13,0.04148
OR5x100-0.25_6.dat,GA-RAND,3,24601.0,0.9643829849992471,19700,True,25,0.019648
OR5x100-0.25_6.dat,GA-RAND,4,24529.0,1.689291583999875,19700,True,7,0.011908000000000004
OR5x100-0.25_6.dat,GA-RAND,5,24529.0,1.736677557000803,19700,True,8,0.007016000000000005
OR5x100-0.25_6.dat,GA-RAND,6,24594.0,1.72270741399916,19700,True,114,0.009652000000000004
OR5x100-0.25_6.dat,GA-RAND,7,24495.0,0.9666670209990116,19700,True,9,0.013048000000000004
OR5x100-0.25_6.dat,GA-RAND,8,24529.0,1.7240244879976672,19700,True,8,0.008220000000000005
OR5x100-0.25_6.dat,GA-RAND,9,24569.0,1.7095238389993028,19700,True,7,0.02268400000000001
OR5x100-0.25_6.dat,GA-UCB,0,24529.0,1.709625015999336,19700,True,7,0.015548000000000005
OR5x100-0.25_6.dat,GA-UCB,1,24601.0,1.7124139449988434,19700,True,19,0.014544000000000003
OR5x100-0.25_6.dat,GA-UCB,2,24601.0,1.7366632919984113,19700,True,8,0.027372
OR5x100-0.25_6.dat,GA-UCB,3,24558.0,1.0526983240015397,19700,True,10,0.04591200000000001
OR5x100-0.25_6.dat,GA-UCB,4,24529.0,1.65461618700283,19700,True,10,0.02597200000000001
OR5x100-0.25_6.dat,GA-UCB,5,24495.0,1.7299522920002346,19700,True,8,0.03468800000000002
OR5x100-0.25_6.dat,GA-UCB,6,24594.0,0.9692780909972498,19700,True,31,0.031380000000000005
OR5x100-0.25_6.dat,GA-UCB,7,24601.0,1.5278268239999306,19700,True,200,0.038472000000000006
OR5x100-0.25_6.dat,GA-UCB,8,24529.0,1.706840877999639,19700,True,15,0.007380000000000005
OR5x100-0.25_6.dat,GA-UCB,9,24569.0,1.7306110080025974,19700,True,7,0.007824000000000005
OR5x100-0.25_7.dat,GA,0,25459.0,1.7460835410020081,19700,True,11,0.009420000000000001
OR5x100-0.25_7.dat,GA,1,25370.0,1.5943740570000955,19700,True,11,0.030684000000000003
OR5x100-0.25_7.dat,GA,2,25521.0,1.7437919139993028,19700,True,7,0.011560000000000006
OR5x100-0.25_7.dat,GA,3,25448.0,1.718627448000916,19700,True,9,0.017776000000000007
OR5x100-0.25_7.dat,GA,4,25448.0,1.5384311170018918,19700,True,9,0.018928
OR5x100-0.25_7.dat,GA,5,25432.0,1.818237602001318,19700,True,9,0.027800000000000005
OR5x100-0.25_7.dat,GA,6,25521.0,1.6343356460020004,19700,True,62,0.01475200000000001
OR5x100-0.25_7.dat,GA,7,25521.0,1.6256769559986424,19700,True,11,0.02392
OR5x100-0.25_7.dat,GA,8,25406.0,1.6236156989980373,19700,True,7,0.011664000000000006
OR5x100-0.25_7.dat,GA,9,25481.0,1.661659426998085,19700,True,28,0.019536
OR5x100-0.25_7.dat,GA-FIX-UX+BF3,0,25521.0,1.6757312820009247,19700,True,18,0.05670000000000001
OR5x100-0.25_7.dat,GA-FIX-UX+BF3,1,25490.0,1.9576796779983852,19700,True,6,0.051884000000000007
OR5x100-0.25_7.dat,GA-FIX-UX+BF3,2,25521.0,1.8823424319998594,19700,True,36,0.04272800000000001
OR5x100-0.25_7.dat,GA-FIX-UX+BF3,3,25476.0,1.861445229002129,19700,True,199,0.06776800000000001
OR5x100-0.25_7.dat,GA-FIX-UX+BF3,4,25591.0,2.0109506660010084,19700,True,115,0.07267200000000003
OR5x100-0.25_7.dat,GA-FIX-UX+BF3,5,25521.0,1.9542510979990766,19700,True,183,0.09378800000000002
OR5x100-0.25_7.dat,GA-FIX-UX+BF3,6,25521.0,2.0060986139978922,19700,True,16,0.04702400000000001
OR5x100-0.25_7.dat,GA-FIX-UX+BF3,7,25521.0,1.912768035002955,19700,True,7,0.05832800000000002
OR5x100-0.25_7.dat,GA-FIX-UX+BF3,8,25521.0,1.8450121960013348,19700,True,8,0.06742000000000001
OR5x100-0.25_7.dat,GA-FIX-UX+BF3,9,25521.0,1.9255904740020924,19700,True,177,0.05529600000000001
OR5x100-0.25_7.dat,GA-QL,0,25521.0,1.7380841609992785,19700,True,13,0.030580000000000006
OR5x100-0.25_7.dat,GA-QL,1,25432.0,1.0659939810029755,19700,True,13,0.067008
OR5x100-0.25_7.dat,GA-QL,2,25459.0,1.7193267260008724,19700,True,132,0.024696
OR5x100-0.25_7.dat,GA-QL,3,25490.0,1.7311647570022615,19700,True,120,0.018660000000000003
OR5x100-0.25_7.dat,GA-QL,4,25521.0,1.7240985960015678,19700,True,8,0.018012000000000007
OR5x100-0.25_7.dat,GA-QL,5,25490.0,1.8531458779980312,19700,True,18,0.052280000000000014
OR5x100-0.25_7.dat,GA-QL,6,25471.0,1.6994601669975964,19700,True,58,0.07858400000000001
OR5x100-0.25_7.dat,GA-QL,7,25521.0,1.5778752859987435,19700,True,11,0.025208000000000005
OR5x100-0.25_7.dat,GA-QL,8,25521.0,1.367013211001904,19700,True,11,0.047416
OR5x100-0.25_7.dat,GA-QL,9,25521.0,1.7515479879984923,19700,True,12,0.025664000000000006
OR5x100-0.25_7.dat,GA-QL-T,0,25521.0,1.5927694359997986,19700,True,13,0.05123200000000001
OR5x100-0.25_7.dat,GA-QL-T,1,25431.0,1.6180364950014337,19700,True,41,0.06318400000000002
OR5x100-0.25_7.dat,GA-QL-T,2,25406.0,1.726665508998849,19700,True,11,0.014124000000000003
OR5x100-0.25_7.dat,GA-QL-T,3,25490.0,1.5418708080032957,19700,True,10,0.04728800000000002
OR5x100-0.25_7.dat,GA-QL-T,4,25490.0,1.704807226000412,19700,True,8,0.036428
OR5x100-0.25_7.dat,GA-QL-T,5,25490.0,1.4638894130002882,19700,True,5,0.022448000000000003
OR5x100-0.25_7.dat,GA-QL-T,6,25521.0,1.8419313249978586,19700,True,15,0.008804000000000005
OR5x100-0.25_7.dat,GA-QL-T,7,25521.0,1.585406262998731,19700,True,22,0.016744000000000002
OR5x100-0.25_7.dat,GA-QL-T,8,25459.0,1.8569335360007244,19700,True,18,0.023544
OR5x100-0.25_7.dat,GA-QL-T,9,25521.0,1.7186066340000252,19700,True,8,0.015648
OR5x100-0.25_7.dat,GA-RAND,0,25490.0,1.9369534319994273,19700,True,26,0.011688000000000006
OR5x100-0.25_7.dat,GA-RAND,1,25591.0,1.8485797670000466,19700,True,144,0.025784
OR5x100-0.25_7.dat,GA-RAND,2,25448.0,1.898140418001276,19700,True,8,0.04626000000000001
OR5x100-0.25_7.dat,GA-RAND,3,25470.0,1.6722286100011843,19700,True,42,0.015188000000000002
OR5x100-0.25_7.dat,GA-RAND,4,25521.0,1.7281237520001014,19700,True,15,0.030432000000000004
OR5x100-0.25_7.dat,GA-RAND,5,25521.0,1.7617403399999603,19700,True,33,0.015724000000000002
OR5x100-0.25_7.dat,GA-RAND,6,25399.0,1.8375712870001735,19700,True,8,0.020328000000000002
OR5x100-0.25_7.dat,GA-RAND,7,25490.0,1.822266655999556,19700,True,17,0.018708000000000006
OR5x100-0.25_7.dat,GA-RAND,8,25426.0,1.555471421997936,19700,True,6,0.038184
OR5x100-0.25_7.dat,GA-RAND,9,25521.0,1.784000735002337,19700,True,10,0.022364000000000005
OR5x100-0.25_7.dat,GA-UCB,0,25490.0,1.689647725001123,19700,True,11,0.015516
OR5x100-0.25_7.dat,GA-UCB,1,25521.0,1.2043499799983692,19700,True,11,0.05095200000000002
OR5x100-0.25_7.dat,GA-UCB,2,25521.0,1.2916674629996123,19700,True,46,0.03894000000000001
OR5x100-0.25_7.dat,GA-UCB,3,25411.0,1.7130523740015633,19700,True,9,0.046244000000000014
OR5x100-0.25_7.dat,GA-UCB,4,25521.0,1.5153618269978324,19700,True,12,0.025460000000000003
OR5x100-0.25_7.dat,GA-UCB,5,25521.0,1.233213790001173,19700,True,15,0.014520000000000003
OR5x100-0.25_7.dat,GA-UCB,6,25521.0,1.6149574750015745,19700,True,7,0.01512
OR5x100-0.25_7.dat,GA-UCB,7,25521.0,1.6853831930020533,19700,True,11,0.05084000000000002
OR5x100-0.25_7.dat,GA-UCB,8,25521.0,1.7225810039999487,19700,True,13,0.028032000000000005
OR5x100-0.25_7.dat,GA-UCB,9,25490.0,1.7497731789990212,19700,True,7,0.032408000000000006
OR5x100-0.25_8.dat,GA,0,23410.0,1.5952748540003086,19700,True,66,0.02612
OR5x100-0.25_8.dat,GA,1,23358.0,1.6529729619978752,19700,True,9,0.012336000000000005
OR5x100-0.25_8.dat,GA,2,23279.0,1.66827085100158,19700,True,29,0.009352000000000004
OR5x100-0.25_8.dat,GA,3,23306.0,1.6336526760023844,19700,True,8,0.014752000000000005
OR5x100-0.25_8.dat,GA,4,23306.0,1.647767203998228,19700,True,8,0.014196000000000004
OR5x100-0.25_8.dat,GA,5,23311.0,1.5887271409992536,19700,True,142,0.012272000000000007
OR5x100-0.25_8.dat,GA,6,23367.0,1.6492696690002049,19700,True,8,0.017376
OR5x100-0.25_8.dat,GA,7,23358.0,1.7013094139983878,19700,True,9,0.013096000000000003
OR5x100-0.25_8.dat,GA,8,23321.0,1.7122625510019134,19700,True,6,0.018352
OR5x100-0.25_8.dat,GA,9,23306.0,1.625641677997919,19700,True,7,0.007372000000000004
OR5x100-0.25_8.dat,GA-FIX-UX+BF3,0,23410.0,2.113738314998045,19700,True,27,0.05498800000000001
OR5x100-0.25_8.dat,GA-FIX-UX+BF3,1,23358.0,1.895559125001455,19700,True,7,0.05551600000000002
OR5x100-0.25_8.dat,GA-FIX-UX+BF3,2,23367.0,1.8964054709977063,19700,True,9,0.06349600000000001
OR5x100-0.25_8.dat,GA-FIX-UX+BF3,3,23410.0,1.9762150640017353,19700,True,37,0.032248
OR5x100-0.25_8.dat,GA-FIX-UX+BF3,4,23358.0,1.9822672449990932,19700,True,14,0.077616
OR5x100-0.25_8.dat,GA-FIX-UX+BF3,5,23367.0,2.0077229170019564,19700,True,19,0.052960000000000014
OR5x100-0.25_8.dat,GA-FIX-UX+BF3,6,23374.0,1.9060336540023854,19700,True,8,0.06087600000000001
OR5x100-0.25_8.dat,GA-FIX-UX+BF3,7,23410.0,2.119912039997871,19700,True,12,0.036556000000000005
OR5x100-0.25_8.dat,GA-FIX-UX+BF3,8,23374.0,1.88158528099666,19700,True,25,0.06044400000000001
OR5x100-0.25_8.dat,GA-FIX-UX+BF3,9,23410.0,1.9019433690009464,19700,True,10,0.04532400000000002
OR5x100-0.25_8.dat,GA-QL,0,23367.0,1.7736093099993013,19700,True,18,0.04806000000000001
OR5x100-0.25_8.dat,GA-QL,1,23340.0,2.0599737340016873,19700,True,19,0.016356
OR5x100-0.25_8.dat,GA-QL,2,23410.0,1.8524151820020052,19700,True,16,0.025920000000000002
OR5x100-0.25_8.dat,GA-QL,3,23340.0,1.8446698920015479,19700,True,8,0.0019800000000000013
OR5x100-0.25_8.dat,GA-QL,4,23367.0,1.9434925799978373,19700,True,18,0.02954800000000001
OR5x100-0.25_8.dat,GA-QL,5,23374.0,1.7388783220012556,19700,True,21,0.04507600000000002
OR5x100-0.25_8.dat,GA-QL,6,23306.0,1.7339678130010725,19700,True,7,0.05032000000000002
OR5x100-0.25_8.dat,GA-QL,7,23410.0,1.7265013739997812,19700,True,11,0.05611200000000001
OR5x100-0.25_8.dat,GA-QL,8,23410.0,1.888092274999508,19700,True,95,0.055216000000000015
OR5x100-0.25_8.dat,GA-QL,9,23358.0,1.7782527550007217,19700,True,10,0.035920000000000014
OR5x100-0.25_8.dat,GA-QL-T,0,23358.0,1.84897783300039,19700,True,9,0.04885600000000002
OR5x100-0.25_8.dat,GA-QL-T,1,23358.0,1.8591727720013296,19700,True,9,0.037264000000000005
OR5x100-0.25_8.dat,GA-QL-T,2,23410.0,1.9962463720003143,19700,True,24,0.052516000000000014
OR5x100-0.25_8.dat,GA-QL-T,3,23340.0,1.7898882730005425,19700,True,12,0.017512000000000007
OR5x100-0.25_8.dat,GA-QL-T,4,23410.0,1.7450505469969357,19700,True,16,0.058664000000000015
OR5x100-0.25_8.dat,GA-QL-T,5,23358.0,1.8593507840014354,19700,True,10,0.046744000000000015
OR5x100-0.25_8.dat,GA-QL-T,6,23367.0,1.8315406359979534,19700,True,11,0.017380000000000003
OR5x100-0.25_8.dat,GA-QL-T,7,23340.0,1.8365842319981311,19700,True,12,0.006952000000000005
OR5x100-0.25_8.dat,GA-QL-T,8,23367.0,1.885792473996844,19700,True,11,0.05276800000000001
OR5x100-0.25_8.dat,GA-QL-T,9,23358.0,1.8203676950033696,19700,True,13,0.05798800000000001
OR5x100-0.25_8.dat,GA-RAND,0,23358.0,1.8277779960008047,19700,True,8,0.014900000000000004
OR5x100-0.25_8.dat,GA-RAND,1,23367.0,1.8190038850007113,19700,True,7,0.025712000000000002
OR5x100-0.25_8.dat,GA-RAND,2,23374.0,1.7941316640026344,19700,True,11,0.05402800000000001
OR5x100-0.25_8.dat,GA-RAND,3,23358.0,1.7789575810020324,19700,True,10,0.01752
OR5x100-0.25_8.dat,GA-RAND,4,23358.0,1.8482275950009353,19700,True,66,0.03387600000000001
OR5x100-0.25_8.dat,GA-RAND,5,23358.0,1.7923397840022517,19700,True,6,0.019096000000000005
OR5x100-0.25_8.dat,GA-RAND,6,23358.0,1.881551230999321,19700,True,10,0.012448000000000006
OR5x100-0.25_8.dat,GA-RAND,7,23374.0,1.7482829639993724,19700,True,21,0.03353200000000001
OR5x100-0.25_8.dat,GA-RAND,8,23358.0,1.8328245539996715,19700,True,8,0.029732000000000012
OR5x100-0.25_8.dat,GA-RAND,9,23367.0,1.7413434539994341,19700,True,10,0.03367200000000001
OR5x100-0.25_8.dat,GA-UCB,0,23374.0,1.886485418999655,19700,True,9,0.05443600000000002
OR5x100-0.25_8.dat,GA-UCB,1,23306.0,1.692218263000541,19700,True,9,0.03177200000000001
OR5x100-0.25_8.dat,GA-UCB,2,23367.0,1.7745926839997992,19700,True,16,0.05646000000000002
OR5x100-0.25_8.dat,GA-UCB,3,23410.0,1.987985853000282,19700,True,58,0.06570400000000001
OR5x100-0.25_8.dat,GA-UCB,4,23358.0,1.7492088670005614,19700,True,13,0.011340000000000008
OR5x100-0.25_8.dat,GA-UCB,5,23410.0,1.8689232360011374,19700,True,25,0.06905600000000002
OR5x100-0.25_8.dat,GA-UCB,6,23410.0,1.736221924002166,19700,True,17,0.026772000000000008
OR5x100-0.25_8.dat,GA-UCB,7,23374.0,1.8584911040015868,19700,True,7,0.03130000000000001
OR5x100-0.25_8.dat,GA-UCB,8,23410.0,1.7368494290021772,19700,True,9,0.03378400000000001
OR5x100-0.25_8.dat,GA-UCB,9,23367.0,1.7718236069995328,19700,True,14,0.017924000000000006
OR5x100-0.25_9.dat,GA,0,24121.0,1.6011258870021265,19700,True,6,0.022795999999999997
OR5x100-0.25_9.dat,GA,1,24108.0,1.6780284439992101,19700,True,14,0.021719999999999996
OR5x100-0.25_9.dat,GA,2,24091.0,1.5291348200007633,19700,True,197,0.031964000000000006
OR5x100-0.25_9.dat,GA,3,24125.0,1.6330422930004715,19700,True,9,0.023608000000000004
OR5x100-0.25_9.dat,GA,4,24073.0,1.5352327880027588,19700,True,11,0.029864000000000005
OR5x100-0.25_9.dat,GA,5,23996.0,1.2634521670006507,19700,True,14,0.03242400000000001
OR5x100-0.25_9.dat,GA,6,24095.0,1.6254154560010647,19700,True,21,0.020236
OR5x100-0.25_9.dat,GA,7,24150.0,1.6319823999983782,19700,True,132,0.02798400000000001
OR5x100-0.25_9.dat,GA,8,24176.0,1.59212985799968,19700,True,14,0.019444
OR5x100-0.25_9.dat,GA,9,24216.0,1.631029440999555,19700,True,150,0.038788
OR5x100-0.25_9.dat,GA-FIX-UX+BF3,0,24150.0,1.0685466920003819,19700,True,63,0.06678400000000001
OR5x100-0.25_9.dat,GA-FIX-UX+BF3,1,24150.0,1.8054069159989012,19700,True,84,0.06582000000000002
OR5x100-0.25_9.dat,GA-FIX-UX+BF3,2,24176.0,1.9993595619998814,19700,True,27,0.072524
OR5x100-0.25_9.dat,GA-FIX-UX+BF3,3,24150.0,1.9001465279980039,19700,True,40,0.08272800000000002
OR5x100-0.25_9.dat,GA-FIX-UX+BF3,4,24176.0,1.528375447000144,19700,True,33,0.08091600000000002
OR5x100-0.25_9.dat,GA-FIX-UX+BF3,5,24175.0,1.9919497720002255,19700,True,9,0.053976000000000024
OR5x100-0.25_9.dat,GA-FIX-UX+BF3,6,24150.0,1.8665833200029738,19700,True,37,0.07729600000000002
OR5x100-0.25_9.dat,GA-FIX-UX+BF3,7,24176.0,1.8971452420009882,19700,True,14,0.08513200000000001
OR5x100-0.25_9.dat,GA-FIX-UX+BF3,8,24176.0,1.7831513410019397,19700,True,12,0.08727200000000002
OR5x100-0.25_9.dat,GA-FIX-UX+BF3,9,24176.0,1.325669267000194,19700,True,19,0.08870000000000003
OR5x100-0.25_9.dat,GA-QL,0,24147.0,1.7956767869982286,19700,True,118,0.09128000000000001
OR5x100-0.25_9.dat,GA-QL,1,24150.0,1.7904731740018178,19700,True,10,0.04196400000000001
OR5x100-0.25_9.dat,GA-QL,2,24125.0,1.7466535169987765,19700,True,21,0.009264000000000003
OR5x100-0.25_9.dat,GA-QL,3,24125.0,1.1689472510006453,19700,True,66,0.06499600000000001
OR5x100-0.25_9.dat,GA-QL,4,24176.0,1.705357978000393,19700,True,15,0.04479200000000001
OR5x100-0.25_9.dat,GA-QL,5,24085.0,1.6149989730001835,19700,True,38,0.03162
OR5x100-0.25_9.dat,GA-QL,6,24150.0,1.4182088390007266,19700,True,22,0.04047200000000001
OR5x100-0.25_9.dat,GA-QL,7,24125.0,1.798569263999525,19700,True,39,0.023884000000000002
OR5x100-0.25_9.dat,GA-QL,8,24125.0,1.2540400569996564,19700,True,42,0.07580800000000001
OR5x100-0.25_9.dat,GA-QL,9,24176.0,1.6875111640001705,19700,True,31,0.043444
OR5x100-0.25_9.dat,GA-QL-T,0,24150.0,1.7769131410022965,19700,True,34,0.07635200000000002
OR5x100-0.25_9.dat,GA-QL-T,1,24176.0,1.75366275000124,19700,True,17,0.08567200000000001
OR5x100-0.25_9.dat,GA-QL-T,2,24125.0,1.3893709260009928,19700,True,65,0.052196
OR5x100-0.25_9.dat,GA-QL-T,3,24176.0,1.7099200230004499,19700,True,101,0.06182400000000001
OR5x100-0.25_9.dat,GA-QL-T,4,24176.0,1.1470126459971652,19700,True,13,0.06879600000000002
OR5x100-0.25_9.dat,GA-QL-T,5,24095.0,1.7786505919975752,19700,True,20,0.03846400000000001
OR5x100-0.25_9.dat,GA-QL-T,6,24123.0,1.7417599229993357,19700,True,8,0.08436400000000002
OR5x100-0.25_9.dat,GA-QL-T,7,24176.0,1.7377587399969343,19700,True,25,0.055844000000000026
OR5x100-0.25_9.dat,GA-QL-T,8,24176.0,1.74332986599984,19700,True,14,0.045256
OR5x100-0.25_9.dat,GA-QL-T,9,24101.0,1.7210841989981418,19700,True,174,0.04563600000000001
OR5x100-0.25_9.dat,GA-RAND,0,24150.0,1.775675532000605,19700,True,14,0.03232000000000001
OR5x100-0.25_9.dat,GA-RAND,1,24125.0,1.4502484740005457,19700,True,12,0.025352000000000006
OR5x100-0.25_9.dat,GA-RAND,2,24150.0,1.735361577000731,19700,True,11,0.06056400000000001
OR5x100-0.25_9.dat,GA-RAND,3,24176.0,1.4266748890004237,19700,True,144,0.033196
OR5x100-0.25_9.dat,GA-RAND,4,24150.0,1.7646795529981318,19700,True,46,0.040720000000000006
OR5x100-0.25_9.dat,GA-RAND,5,24124.0,1.8099740539983031,19700,True,12,0.029736000000000005
OR5x100-0.25_9.dat,GA-RAND,6,24150.0,1.769469812999887,19700,True,11,0.024108000000000008
OR5x100-0.25_9.dat,GA-RAND,7,24176.0,1.7049377450020984,19700,True,11,0.05658800000000001
OR5x100-0.25_9.dat,GA-RAND,8,24176.0,1.6967772819989477,19700,True,8,0.039868000000000015
OR5x100-0.25_9.dat,GA-RAND,9,24176.0,1.692471430000296,19700,True,23,0.03846400000000001
OR5x100-0.25_9.dat,GA-UCB,0,24176.0,1.0218981840007473,19700,True,9,0.067832
OR5x100-0.25_9.dat,GA-UCB,1,24125.0,1.731047523997404,19700,True,16,0.06297200000000001
OR5x100-0.25_9.dat,GA-UCB,2,24150.0,1.7679310200001055,19700,True,34,0.026380000000000008
OR5x100-0.25_9.dat,GA-UCB,3,24176.0,1.7094028020001133,19700,True,14,0.050644
OR5x100-0.25_9.dat,GA-UCB,4,24176.0,1.2670522249973146,19700,True,12,0.08843600000000001
OR5x100-0.25_9.dat,GA-UCB,5,24091.0,1.7102158350026002,19700,True,52,0.043095999999999995
OR5x100-0.25_9.dat,GA-UCB,6,24125.0,1.8699860029992124,19700,True,65,0.059324000000000016
OR5x100-0.25_9.dat,GA-UCB,7,24150.0,1.664439186999516,19700,True,26,0.03628000000000001
OR5x100-0.25_9.dat,GA-UCB,8,24176.0,1.7015676259979955,19700,True,17,0.05468800000000001
OR5x100-0.25_9.dat,GA-UCB,9,24084.0,1.7073980029999802,19700,True,11,0.02608800000000001
OR5x100-0.50_1.dat,GA,0,42648.0,1.5107056950000697,19700,True,9,0.007824000000000005
OR5x100-0.50_1.dat,GA,1,42670.0,1.5248082279977098,19700,True,26,0.018676000000000005
OR5x100-0.50_1.dat,GA,2,42670.0,1.465297685997939,19700,True,10,0.017676000000000004
OR5x100-0.50_1.dat,GA,3,42670.0,1.474009362002107,19700,True,9,0.015904
OR5x100-0.50_1.dat,GA,4,42670.0,1.536594535002223,19700,True,14,0.020280000000000006
OR5x100-0.50_1.dat,GA,5,42670.0,0.8852058739976201,19700,True,16,0.019712000000000004
OR5x100-0.50_1.dat,GA,6,42670.0,1.4789736259990605,19700,True,129,0.021792000000000006
OR5x100-0.50_1.dat,GA,7,42682.0,1.5225017759985349,19700,True,11,0.008252000000000004
OR5x100-0.50_1.dat,GA,8,42620.0,1.49904665899885,19700,True,77,0.023560000000000005
OR5x100-0.50_1.dat,GA,9,42636.0,1.4524595249968115,19700,True,186,0.024288000000000008
OR5x100-0.50_1.dat,GA-FIX-UX+BF3,0,42670.0,1.72299072199894,19700,True,16,0.07993200000000003
OR5x100-0.50_1.dat,GA-FIX-UX+BF3,1,42705.0,1.7328470019965607,19700,True,14,0.09208400000000003
OR5x100-0.50_1.dat,GA-FIX-UX+BF3,2,42682.0,1.051057294000202,19700,True,140,0.06189600000000002
OR5x100-0.50_1.dat,GA-FIX-UX+BF3,3,42670.0,1.7107802520004043,19700,True,11,0.08462000000000003
OR5x100-0.50_1.dat,GA-FIX-UX+BF3,4,42670.0,1.754161794000538,19700,True,15,0.09628800000000001
OR5x100-0.50_1.dat,GA-FIX-UX+BF3,5,42682.0,1.7185954439992202,19700,True,119,0.06062400000000002
OR5x100-0.50_1.dat,GA-FIX-UX+BF3,6,42702.0,1.735239534998982,19700,True,40,0.12822000000000003
OR5x100-0.50_1.dat,GA-FIX-UX+BF3,7,42682.0,1.0226928970005247,19700,True,193,0.12444400000000004
OR5x100-0.50_1.dat,GA-FIX-UX+BF3,8,42705.0,1.74101623399838,19700,True,31,0.08082400000000002
OR5x100-0.50_1.dat,GA-FIX-UX+BF3,9,42682.0,1.7324598070008506,19700,True,11,0.06639600000000004
OR5x100-0.50_1.dat,GA-QL,0,42670.0,1.6288114210001368,19700,True,11,0.046868000000000014
OR5x100-0.50_1.dat,GA-QL,1,42682.0,1.6759927130005963,19700,True,94,0.05441200000000002
OR5x100-0.50_1.dat,GA-QL,2,42682.0,1.6374200120008027,19700,True,37,0.06166800000000003
OR5x100-0.50_1.dat,GA-QL,3,42670.0,0.9809596880004392,19700,True,45,0.031580000000000004
OR5x100-0.50_1.dat,GA-QL,4,42682.0,1.6167444220009202,19700,True,10,0.02543600000000001
OR5x100-0.50_1.dat,GA-QL,5,42682.0,1.6623687720020826,19700,True,10,0.06202800000000003
OR5x100-0.50_1.dat,GA-QL,6,42705.0,1.6595032869990973,19700,True,13,0.027580000000000007
OR5x100-0.50_1.dat,GA-QL,7,42702.0,0.9690739940015192,19700,True,174,0.08310400000000001
OR5x100-0.50_1.dat,GA-QL,8,42702.0,1.5150103909982136,19700,True,52,0.10444000000000005
OR5x100-0.50_1.dat,GA-QL,9,42705.0,1.6706064649988548,19700,True,12,0.034684000000000006
OR5x100-0.50_1.dat,GA-QL-T,0,42682.0,1.7085053650007467,19700,True,144,0.03399200000000001
OR5x100-0.50_1.dat,GA-QL-T,1,42670.0,1.6536145630016108,19700,True,12,0.06818000000000003
OR5x100-0.50_1.dat,GA-QL-T,2,42705.0,1.6851157789969875,19700,True,16,0.06400000000000002
OR5x100-0.50_1.dat,GA-QL-T,3,42682.0,1.0787745490015368,19700,True,10,0.03794800000000001
OR5x100-0.50_1.dat,GA-QL-T,4,42705.0,1.6943802749992756,19700,True,44,0.07189200000000003
OR5x100-0.50_1.dat,GA-QL-T,5,42682.0,1.6827723030000925,19700,True,18,0.058696000000000026
OR5x100-0.50_1.dat,GA-QL-T,6,42682.0,1.7496969530002389,19700,True,13,0.06020400000000004
OR5x100-0.50_1.dat,GA-QL-T,7,42670.0,1.0493497120005486,19700,True,11,0.08162800000000002
OR5x100-0.50_1.dat,GA-QL-T,8,42702.0,1.595999937999295,19700,True,129,0.10297200000000004
OR5x100-0.50_1.dat,GA-QL-T,9,42705.0,1.6653929790008988,19700,True,19,0.03440800000000001
OR5x100-0.50_1.dat,GA-RAND,0,42682.0,0.9623048410030606,19700,True,6,0.016216000000000008
OR5x100-0.50_1.dat,GA-RAND,1,42702.0,1.6188404170025024,19700,True,121,0.05848400000000001
OR5x100-0.50_1.dat,GA-RAND,2,42705.0,1.6370742330000212,19700,True,28,0.07273200000000002
OR5x100-0.50_1.dat,GA-RAND,3,42705.0,1.6320415580012195,19700,True,10,0.010936000000000006
OR5x100-0.50_1.dat,GA-RAND,4,42696.0,0.9877707480009121,19700,True,15,0.051408000000000016
OR5x100-0.50_1.dat,GA-RAND,5,42705.0,1.6661563069974363,19700,True,17,0.02861600000000001
OR5x100-0.50_1.dat,GA-RAND,6,42682.0,1.6728625469986582,19700,True,8,0.007904000000000007
OR5x100-0.50_1.dat,GA-RAND,7,42682.0,1.6362585900023987,19700,True,29,0.036732
OR5x100-0.50_1.dat,GA-RAND,8,42670.0,1.6198444859983283,19700,True,9,0.04473600000000001
OR5x100-0.50_1.dat,GA-RAND,9,42702.0,1.6279763919992547,19700,True,156,0.07729600000000002
OR5x100-0.50_1.dat,GA-UCB,0,42670.0,1.0162166689988226,19700,True,11,0.03666800000000001
OR5x100-0.50_1.dat,GA-UCB,1,42682.0,1.6518831070025044,19700,True,9,0.012520000000000009
OR5x100-0.50_1.dat,GA-UCB,2,42670.0,1.655330003999552,19700,True,22,0.06760000000000002
OR5x100-0.50_1.dat,GA-UCB,3,42670.0,1.620275675002631,19700,True,12,0.06460000000000003
OR5x100-0.50_1.dat,GA-UCB,4,42705.0,0.9673213310015853,19700,True,22,0.06315600000000002
OR5x100-0.50_1.dat,GA-UCB,5,42682.0,1.63203085799978,19700,True,9,0.02321600000000001
OR5x100-0.50_1.dat,GA-UCB,6,42705.0,1.5741983440020704,19700,True,7,0.07194800000000004
OR5x100-0.50_1.dat,GA-UCB,7,42670.0,1.6384100389986997,19700,True,32,0.04876000000000001
OR5x100-0.50_1.dat,GA-UCB,8,42705.0,1.6276864520004892,19700,True,11,0.020148000000000003
OR5x100-0.50_1.dat,GA-UCB,9,42682.0,0.9804731459989853,19700,True,176,0.04859600000000002
OR5x100-0.50_10.dat,GA,0,44381.0,1.338424572000804,19700,True,142,0.008284000000000005
OR5x100-0.50_10.dat,GA,1,44458.0,1.1780450789992756,19700,True,13,0.003168000000000002
OR5x100-0.50_10.dat,GA,2,44454.0,1.5010227220009256,19700,True,24,0.026152000000000005
OR5x100-0.50_10.dat,GA,3,44420.0,1.2794558299974597,19700,True,200,0.014516000000000005
OR5x100-0.50_10.dat,GA,4,44458.0,0.9365583139988303,19700,True,14,0.016580000000000008
OR5x100-0.50_10.dat,GA,5,44469.0,1.4630766459995357,19700,True,15,0.0268
OR5x100-0.50_10.dat,GA,6,44450.0,1.4989766180005972,19700,True,7,0.010508000000000007
OR5x100-0.50_10.dat,GA,7,44469.0,1.4503942990013456,19700,True,13,0.021596
OR5x100-0.50_10.dat,GA,8,44491.0,1.4427341789996717,19700,True,11,0.009344000000000005
OR5x100-0.50_10.dat,GA,9,44469.0,1.4010719940015406,19700,True,51,0.021196000000000003
OR5x100-0.50_10.dat,GA-FIX-UX+BF3,0,44472.0,1.78897894200054,19700,True,11,0.08995200000000005
OR5x100-0.50_10.dat,GA-FIX-UX+BF3,1,44479.0,1.9251085059986508,19700,True,130,0.09841200000000003
OR5x100-0.50_10.dat,GA-FIX-UX+BF3,2,44479.0,1.69234837300246,19700,True,20,0.09982400000000004
OR5x100-0.50_10.dat,GA-FIX-UX+BF3,3,44458.0,1.655516811999405,19700,True,11,0.05604000000000003
OR5x100-0.50_10.dat,GA-FIX-UX+BF3,4,44511.0,1.6320613879979646,19700,True,11,0.07599600000000004
OR5x100-0.50_10.dat,GA-FIX-UX+BF3,5,44491.0,1.7113383270007034,19700,True,30,0.04805200000000001
OR5x100-0.50_10.dat,GA-FIX-UX+BF3,6,44511.0,1.678100329998415,19700,True,164,0.08293600000000004
OR5x100-0.50_10.dat,GA-FIX-UX+BF3,7,44479.0,1.612399319998076,19700,True,28,0.150988
OR5x100-0.50_10.dat,GA-FIX-UX+BF3,8,44511.0,1.6928499420027947,19700,True,29,0.08202000000000004
OR5x100-0.50_10.dat,GA-FIX-UX+BF3,9,44511.0,1.731550423999579,19700,True,102,0.061760000000000016
OR5x100-0.50_10.dat,GA-QL,0,44529.0,1.5799188390010386,19700,True,134,0.06466000000000002
OR5x100-0.50_10.dat,GA-QL,1,44511.0,1.3869975280031213,19700,True,11,0.025316000000000005
OR5x100-0.50_10.dat,GA-QL,2,44450.0,1.6391421730004367,19700,True,10,0.058484000000000036
OR5x100-0.50_10.dat,GA-QL,3,44455.0,1.3725682939984836,19700,True,144,0.09968400000000002
OR5x100-0.50_10.dat,GA-QL,4,44458.0,1.6402540350027266,19700,True,108,0.03255600000000001
OR5x100-0.50_10.dat,GA-QL,5,44491.0,1.5763914790004492,19700,True,10,0.06568000000000002
OR5x100-0.50_10.dat,GA-QL,6,44511.0,0.9746556729987788,19700,True,47,0.016804000000000006
OR5x100-0.50_10.dat,GA-QL,7,44479.0,1.6482634649983083,19700,True,21,0.022712000000000003
OR5x100-0.50_10.dat,GA-QL,8,44420.0,1.5921787850020337,19700,True,16,0.02919200000000001
OR5x100-0.50_10.dat,GA-QL,9,44420.0,1.6112482089993136,19700,True,15,0.050592000000000005
OR5x100-0.50_10.dat,GA-QL-T,0,44469.0,1.6523213689979457,19700,True,95,0.07813600000000002
OR5x100-0.50_10.dat,GA-QL-T,1,44472.0,1.640838810999412,19700,True,180,0.10558000000000003
OR5x100-0.50_10.dat,GA-QL-T,2,44458.0,0.9981907209985366,19700,True,11,0.006304000000000004
OR5x100-0.50_10.dat,GA-QL-T,3,44458.0,1.6760998140016454,19700,True,11,0.05426000000000002
OR5x100-0.50_10.dat,GA-QL-T,4,44491.0,1.6619511130011233,19700,True,39,0.07164000000000002
OR5x100-0.50_10.dat,GA-QL-T,5,44491.0,1.8713814980001189,19700,True,11,0.008964000000000005
OR5x100-0.50_10.dat,GA-QL-T,6,44472.0,1.5937836640005116,19700,True,12,0.05428800000000001
OR5x100-0.50_10.dat,GA-QL-T,7,44469.0,1.5658400940010324,19700,True,18,0.07796800000000002
OR5x100-0.50_10.dat,GA-QL-T,8,44466.0,1.629088387999218,19700,True,11,0.03209200000000001
OR5x100-0.50_10.dat,GA-QL-T,9,44469.0,1.7138500470027793,19700,True,62,0.08366400000000002
OR5x100-0.50_10.dat,GA-RAND,0,44511.0,0.9863120529989828,19700,True,74,0.017648000000000004
OR5x100-0.50_10.dat,GA-RAND,1,44469.0,1.6114741480014345,19700,True,14,0.04160400000000001
OR5x100-0.50_10.dat,GA-RAND,2,44450.0,1.6108498489993508,19700,True,61,0.05226800000000002
OR5x100-0.50_10.dat,GA-RAND,3,44472.0,0.9011299890007649,19700,True,17,0.012796000000000004
OR5x100-0.50_10.dat,GA-RAND,4,44472.0,1.6014793680005823,19700,True,16,0.028836000000000007
OR5x100-0.50_10.dat,GA-RAND,5,44488.0,1.5931903469972895,19700,True,44,0.06131200000000001
OR5x100-0.50_10.dat,GA-RAND,6,44420.0,1.5397780579987739,19700,True,24,0.03201600000000001
OR5x100-0.50_10.dat,GA-RAND,7,44469.0,1.5899854259987478,19700,True,34,0.08570000000000003
OR5x100-0.50_10.dat,GA-RAND,8,44540.0,1.647490586998174,19700,True,126,0.03706400000000001
OR5x100-0.50_10.dat,GA-RAND,9,44511.0,0.925912493999931,19700,True,24,0.03375200000000001
OR5x100-0.50_10.dat,GA-UCB,0,44420.0,1.6006940589977603,19700,True,43,0.04665200000000001
OR5x100-0.50_10.dat,GA-UCB,1,44458.0,1.637360279000859,19700,True,10,0.05249200000000002
OR5x100-0.50_10.dat,GA-UCB,2,44540.0,1.6399904409990995,19700,True,144,0.012440000000000007
OR5x100-0.50_10.dat,GA-UCB,3,44420.0,1.4371990030012967,19700,True,19,0.02464
OR5x100-0.50_10.dat,GA-UCB,4,44469.0,0.9546211420019972,19700,True,34,0.058496000000000006
OR5x100-0.50_10.dat,GA-UCB,5,44458.0,1.6162547610001639,19700,True,11,0.047232000000000024
OR5x100-0.50_10.dat,GA-UCB,6,44458.0,1.6648583260030136,19700,True,15,0.05179600000000002
OR5x100-0.50_10.dat,GA-UCB,7,44511.0,0.9128957930006436,19700,True,147,0.06153200000000002
OR5x100-0.50_10.dat,GA-UCB,8,44373.0,1.519926247998228,19700,True,8,0.045176000000000015
OR5x100-0.50_10.dat,GA-UCB,9,44458.0,1.6285846479986503,19700,True,112,0.008688000000000005
OR5x100-0.50_2.dat,GA,0,42471.0,0.8794201399978192,19700,True,10,0.017396000000000005
OR5x100-0.50_2.dat,GA,1,42468.0,1.359743773999071,19700,True,36,0.0149
OR5x100-0.50_2.dat,GA,2,42418.0,1.4641691879987775,19700,True,12,0.02858
OR5x100-0.50_2.dat,GA,3,42460.0,1.1704600089979067,19700,True,16,0.017184000000000012
OR5x100-0.50_2.dat,GA,4,42372.0,1.345176758000889,19700,True,102,0.036516000000000014
OR5x100-0.50_2.dat,GA,5,42342.0,1.5210203850001562,19700,True,11,0.034468000000000006
OR5x100-0.50_2.dat,GA,6,42471.0,1.0783012210013112,19700,True,9,0.014080000000000006
OR5x100-0.50_2.dat,GA,7,42471.0,1.480115497000952,19700,True,27,0.011760000000000007
OR5x100-0.50_2.dat,GA,8,42429.0,1.4907413800028735,19700,True,109,0.02418400000000001
OR5x100-0.50_2.dat,GA,9,42414.0,1.4756947269997909,19700,True,39,0.029660000000000002
OR5x100-0.50_2.dat,GA-FIX-UX+BF3,0,42460.0,1.7378725779999513,19700,True,13,0.07717200000000003
OR5x100-0.50_2.dat,GA-FIX-UX+BF3,1,42457.0,1.737040235002496,19700,True,8,0.07577600000000002
OR5x100-0.50_2.dat,GA-FIX-UX+BF3,2,42471.0,1.7608840070024598,19700,True,26,0.08134800000000003
OR5x100-0.50_2.dat,GA-FIX-UX+BF3,3,42471.0,2.042101953000383,19700,True,12,0.07679600000000003
OR5x100-0.50_2.dat,GA-FIX-UX+BF3,4,42460.0,1.819783244998689,19700,True,12,0.08252400000000003
OR5x100-0.50_2.dat,GA-FIX-UX+BF3,5,42471.0,1.5126325079982053,19700,True,111,0.07697200000000003
OR5x100-0.50_2.dat,GA-FIX-UX+BF3,6,42458.0,1.9912939820023894,19700,True,119,0.14965200000000003
OR5x100-0.50_2.dat,GA-FIX-UX+BF3,7,42445.0,1.7988206119989627,19700,True,20,0.09176800000000003
OR5x100-0.50_2.dat,GA-FIX-UX+BF3,8,42457.0,1.7901652910004486,19700,True,22,0.07737600000000003
OR5x100-0.50_2.dat,GA-FIX-UX+BF3,9,42471.0,1.8699812720005866,19700,True,39,0.08132400000000002
OR5x100-0.50_2.dat,GA-QL,0,42471.0,1.6407203449998633,19700,True,33,0.06498400000000001
OR5x100-0.50_2.dat,GA-QL,1,42471.0,1.6562517729980755,19700,True,13,0.01675600000000001
OR5x100-0.50_2.dat,GA-QL,2,42407.0,0.945863613000256,19700,True,106,0.10936400000000003
OR5x100-0.50_2.dat,GA-QL,3,42445.0,1.6778553999974974,19700,True,17,0.05940800000000003
OR5x100-0.50_2.dat,GA-QL,4,42445.0,1.662381013000413,19700,True,12,0.05494400000000001
OR5x100-0.50_2.dat,GA-QL,5,42445.0,1.6663837480009533,19700,True,16,0.06448000000000002
OR5x100-0.50_2.dat,GA-QL,6,42470.0,1.6168321870027285,19700,True,19,0.07603600000000002
OR5x100-0.50_2.dat,GA-QL,7,42409.0,0.9370206579988007,19700,True,78,0.10345600000000003
OR5x100-0.50_2.dat,GA-QL,8,42465.0,1.614271837999695,19700,True,32,0.042636000000000014
OR5x100-0.50_2.dat,GA-QL,9,42471.0,1.6056477970014384,19700,True,10,0.023600000000000003
OR5x100-0.50_2.dat,GA-QL-T,0,42471.0,1.7172313720002421,19700,True,103,0.07734400000000002
OR5x100-0.50_2.dat,GA-QL-T,1,42457.0,1.2134834360003879,19700,True,16,0.08327600000000002
OR5x100-0.50_2.dat,GA-QL-T,2,42457.0,1.6654446300017298,19700,True,17,0.05032000000000001
OR5x100-0.50_2.dat,GA-QL-T,3,42465.0,1.4742148719997203,19700,True,19,0.07596800000000004
OR5x100-0.50_2.dat,GA-QL-T,4,42456.0,1.7095442749996437,19700,True,176,0.10183600000000002
OR5x100-0.50_2.dat,GA-QL-T,5,42460.0,1.1693339929988724,19700,True,11,0.013056000000000005
OR5x100-0.50_2.dat,GA-QL-T,6,42457.0,1.6460327569984656,19700,True,17,0.06804400000000001
OR5x100-0.50_2.dat,GA-QL-T,7,42445.0,1.645977887998015,19700,True,29,0.03713200000000001
OR5x100-0.50_2.dat,GA-QL-T,8,42427.0,1.7286449620005442,19700,True,31,0.07693600000000003
OR5x100-0.50_2.dat,GA-QL-T,9,42460.0,0.9787421020009788,19700,True,10,0.09748400000000004
OR5x100-0.50_2.dat,GA-RAND,0,42406.0,1.5102459669978998,19700,True,12,0.03322000000000002
OR5x100-0.50_2.dat,GA-RAND,1,42471.0,1.6320100869997987,19700,True,89,0.03642400000000001
OR5x100-0.50_2.dat,GA-RAND,2,42457.0,0.9467600520001724,19700,True,19,0.07500400000000003
OR5x100-0.50_2.dat,GA-RAND,3,42456.0,1.6048740149999503,19700,True,197,0.06060400000000001
OR5x100-0.50_2.dat,GA-RAND,4,42468.0,1.5211401080014184,19700,True,181,0.036768
OR5x100-0.50_2.dat,GA-RAND,5,42445.0,1.5058078869988094,19700,True,13,0.04019200000000001
OR5x100-0.50_2.dat,GA-RAND,6,42471.0,1.6569702100023278,19700,True,23,0.026380000000000004
OR5x100-0.50_2.dat,GA-RAND,7,42468.0,1.0987148300009721,19700,True,15,0.05708400000000001
OR5x100-0.50_2.dat,GA-RAND,8,42471.0,1.6686890999990283,19700,True,29,0.049276000000000014
OR5x100-0.50_2.dat,GA-RAND,9,42465.0,1.6613567659987893,19700,True,14,0.05357600000000001
OR5x100-0.50_2.dat,GA-UCB,0,42457.0,1.645594349996827,19700,True,29,0.07018000000000002
OR5x100-0.50_2.dat,GA-UCB,1,42458.0,1.4838038500020048,19700,True,90,0.037452
OR5x100-0.50_2.dat,GA-UCB,2,42457.0,1.4638240879976365,19700,True,27,0.032336000000000004
OR5x100-0.50_2.dat,GA-UCB,3,42457.0,1.1442599019974296,19700,True,15,0.030688000000000003
OR5x100-0.50_2.dat,GA-UCB,4,42460.0,1.6711938320004265,19700,True,7,0.023064000000000008
OR5x100-0.50_2.dat,GA-UCB,5,42457.0,1.6772648469996057,19700,True,28,0.08277200000000004
OR5x100-0.50_2.dat,GA-UCB,6,42471.0,1.6796176499992725,19700,True,7,0.07165600000000003
OR5x100-0.50_2.dat,GA-UCB,7,42465.0,0.9378166669994243,19700,True,18,0.020072000000000007
OR5x100-0.50_2.dat,GA-UCB,8,42465.0,1.6555682930011244,19700,True,20,0.026268000000000007
OR5x100-0.50_2.dat,GA-UCB,9,42471.0,1.6213405130001775,19700,True,15,0.010872000000000003
OR5x100-0.50_3.dat,GA,0,41736.0,1.4162475709999853,19700,True,23,0.03208400000000001
OR5x100-0.50_3.dat,GA,1,41832.0,1.4930967999971472,19700,True,183,0.031024000000000006
OR5x100-0.50_3.dat,GA,2,41923.0,1.4118856150016654,19700,True,21,0.02084800000000001
OR5x100-0.50_3.dat,GA,3,41852.0,1.6746030840004096,19700,True,38,0.027760000000000007
OR5x100-0.50_3.dat,GA,4,41813.0,1.522589997999603,19700,True,176,0.021304000000000003
OR5x100-0.50_3.dat,GA,5,41813.0,1.5968647810004768,19700,True,121,0.03185200000000001
OR5x100-0.50_3.dat,GA,6,41875.0,1.5666341709984408,19700,True,71,0.026920000000000003
OR5x100-0.50_3.dat,GA,7,41839.0,1.5136986680008704,19700,True,29,0.015808000000000003
OR5x100-0.50_3.dat,GA,8,41892.0,1.7305220769994776,19700,True,146,0.018636
OR5x100-0.50_3.dat,GA,9,41869.0,1.550892090999696,19700,True,163,0.033964000000000015
OR5x100-0.50_3.dat,GA-FIX-UX+BF3,0,41894.0,1.8463605899996764,19700,True,146,0.169868
OR5x100-0.50_3.dat,GA-FIX-UX+BF3,1,41892.0,1.8293196949998674,19700,True,197,0.14662000000000003
OR5x100-0.50_3.dat,GA-FIX-UX+BF3,2,41892.0,1.8766567729981034,19700,True,200,0.15104800000000004
OR5x100-0.50_3.dat,GA-FIX-UX+BF3,3,41946.0,1.78035457200167,19700,True,41,0.19665600000000005
OR5x100-0.50_3.dat,GA-FIX-UX+BF3,4,41929.0,1.7855284599972947,19700,True,113,0.20757200000000003
OR5x100-0.50_3.dat,GA-FIX-UX+BF3,5,41877.0,1.724846944998717,19700,True,109,0.13988400000000004
OR5x100-0.50_3.dat,GA-FIX-UX+BF3,6,41921.0,1.76520114899904,19700,True,177,0.15940000000000001
OR5x100-0.50_3.dat,GA-FIX-UX+BF3,7,41897.0,1.914313288001722,19700,True,24,0.18178
OR5x100-0.50_3.dat,GA-FIX-UX+BF3,8,41914.0,1.8276833970012376,19700,True,90,0.183516
OR5x100-0.50_3.dat,GA-FIX-UX+BF3,9,41845.0,1.932227787998272,19700,True,69,0.15219600000000005
OR5x100-0.50_3.dat,GA-QL,0,41944.0,1.5951853489968926,19700,True,63,0.09454800000000002
OR5x100-0.50_3.dat,GA-QL,1,41914.0,1.6974648639989027,19700,True,29,0.05693200000000001
OR5x100-0.50_3.dat,GA-QL,2,41914.0,1.5988710460005677,19700,True,56,0.03016400000000001
OR5x100-0.50_3.dat,GA-QL,3,41914.0,1.2638147300021956,19700,True,146,0.05088800000000001
OR5x100-0.50_3.dat,GA-QL,4,41906.0,1.6353905239993765,19700,True,11,0.04134400000000001
OR5x100-0.50_3.dat,GA-QL,5,41921.0,1.6899619270006951,19700,True,180,0.12671600000000002
OR5x100-0.50_3.dat,GA-QL,6,41864.0,1.4729712049993395,19700,True,136,0.16144800000000004
OR5x100-0.50_3.dat,GA-QL,7,41922.0,1.657338102999347,19700,True,98,0.10028000000000002
OR5x100-0.50_3.dat,GA-QL,8,41815.0,1.4449073400028283,19700,True,93,0.040228
OR5x100-0.50_3.dat,GA-QL,9,41914.0,1.658858342001622,19700,True,40,0.05500800000000001
OR5x100-0.50_3.dat,GA-QL-T,0,41946.0,1.1130773210024927,19700,True,11,0.04656000000000002
OR5x100-0.50_3.dat,GA-QL-T,1,41892.0,1.3993291939987103,19700,True,87,0.08220800000000002
OR5x100-0.50_3.dat,GA-QL-T,2,41921.0,1.4339364370025578,19700,True,84,0.07334800000000002
OR5x100-0.50_3.dat,GA-QL-T,3,41914.0,1.2588624899981369,19700,True,14,0.04953200000000001
OR5x100-0.50_3.dat,GA-QL-T,4,41890.0,1.7367827750022116,19700,True,96,0.08513600000000002
OR5x100-0.50_3.dat,GA-QL-T,5,41946.0,1.6579466559996945,19700,True,40,0.07519200000000004
OR5x100-0.50_3.dat,GA-QL-T,6,41921.0,1.82222732900118,19700,True,162,0.08060400000000001
OR5x100-0.50_3.dat,GA-QL-T,7,41944.0,1.6789992609992623,19700,True,30,0.07752400000000002
OR5x100-0.50_3.dat,GA-QL-T,8,41904.0,1.5724359230007394,19700,True,157,0.17896
OR5x100-0.50_3.dat,GA-QL-T,9,41946.0,1.6948525660009182,19700,True,121,0.10722400000000003
OR5x100-0.50_3.dat,GA-RAND,0,41923.0,1.3101973140001064,19700,True,49,0.026884000000000005
OR5x100-0.50_3.dat,GA-RAND,1,41914.0,1.593062406998797,19700,True,111,0.03364000000000001
OR5x100-0.50_3.dat,GA-RAND,2,41914.0,1.6791682929979288,19700,True,14,0.07918000000000001
OR5x100-0.50_3.dat,GA-RAND,3,41914.0,1.5923510309985431,19700,True,40,0.037544
OR5x100-0.50_3.dat,GA-RAND,4,41877.0,1.6215631419981946,19700,True,54,0.06161200000000002
OR5x100-0.50_3.dat,GA-RAND,5,41883.0,1.6399630449996039,19700,True,176,0.069832
OR5x100-0.50_3.dat,GA-RAND,6,41816.0,1.557207166999433,19700,True,153,0.030064
OR5x100-0.50_3.dat,GA-RAND,7,41911.0,0.965441018997808,19700,True,111,0.06717600000000001
OR5x100-0.50_3.dat,GA-RAND,8,41914.0,1.318134364002617,19700,True,120,0.04254800000000001
OR5x100-0.50_3.dat,GA-RAND,9,41944.0,1.472280710000632,19700,True,31,0.06808000000000003
OR5x100-0.50_3.dat,GA-UCB,0,41936.0,1.4934264420007821,19700,True,16,0.032996000000000004
OR5x100-0.50_3.dat,GA-UCB,1,41914.0,1.6065576539986068,19700,True,112,0.08816400000000003
OR5x100-0.50_3.dat,GA-UCB,2,41881.0,1.5144464559998596,19700,True,194,0.05665600000000001
OR5x100-0.50_3.dat,GA-UCB,3,41869.0,1.6136985949997324,19700,True,150,0.06407600000000002
OR5x100-0.50_3.dat,GA-UCB,4,41914.0,1.574183886998071,19700,True,22,0.054148000000000016
OR5x100-0.50_3.dat,GA-UCB,5,41911.0,1.14566820699838,19700,True,77,0.11748000000000003
OR5x100-0.50_3.dat,GA-UCB,6,41914.0,1.6173865870005102,19700,True,28,0.07064400000000001
OR5x100-0.50_3.dat,GA-UCB,7,41921.0,1.0844325729995035,19700,True,130,0.09103200000000002
OR5x100-0.50_3.dat,GA-UCB,8,41899.0,1.650239550999686,19700,True,191,0.10631600000000004
OR5x100-0.50_3.dat,GA-UCB,9,41913.0,1.6418683039992175,19700,True,46,0.05539200000000001
OR5x100-0.50_4.dat,GA,0,44972.0,1.4686321129993303,19700,True,54,0.01856800000000001
OR5x100-0.50_4.dat,GA,1,44972.0,1.5044428540022636,19700,True,16,0.022168000000000007
OR5x100-0.50_4.dat,GA,2,45010.0,1.473670403000142,19700,True,174,0.028756000000000007
OR5x100-0.50_4.dat,GA,3,45019.0,1.4816264750006667,19700,True,72,0.022728
OR5x100-0.50_4.dat,GA,4,44977.0,1.583622843001649,19700,True,45,0.034704000000000006
OR5x100-0.50_4.dat,GA,5,44943.0,1.4831715940017602,19700,True,54,0.03538800000000001
OR5x100-0.50_4.dat,GA,6,44989.0,1.4921820359995763,19700,True,10,0.035892000000000014
OR5x100-0.50_4.dat,GA,7,44976.0,1.5372232330009865,19700,True,13,0.026004000000000006
OR5x100-0.50_4.dat,GA,8,44986.0,1.5840282950011897,19700,True,38,0.044916
OR5x100-0.50_4.dat,GA,9,45010.0,1.458297691999178,19700,True,33,0.02750000000000001
OR5x100-0.50_4.dat,GA-FIX-UX+BF3,0,45033.0,1.7766310089973558,19700,True,46,0.16315600000000002
OR5x100-0.50_4.dat,GA-FIX-UX+BF3,1,45071.0,1.7236721289991692,19700,True,24,0.19010000000000005
OR5x100-0.50_4.dat,GA-FIX-UX+BF3,2,45071.0,2.013201919999119,19700,True,53,0.176516
OR5x100-0.50_4.dat,GA-FIX-UX+BF3,3,45060.0,1.7623167389974697,19700,True,64,0.19939600000000002
OR5x100-0.50_4.dat,GA-FIX-UX+BF3,4,45033.0,1.817423726002744,19700,True,87,0.19073200000000007
OR5x100-0.50_4.dat,GA-FIX-UX+BF3,5,45033.0,1.8467390539990447,19700,True,63,0.15874400000000005
OR5x100-0.50_4.dat,GA-FIX-UX+BF3,6,45071.0,1.732788334000361,19700,True,150,0.172296
OR5x100-0.50_4.dat,GA-FIX-UX+BF3,7,45033.0,1.7340995550002845,19700,True,35,0.17875200000000008
OR5x100-0.50_4.dat,GA-FIX-UX+BF3,8,45033.0,1.778184369999508,19700,True,96,0.15407600000000005
OR5x100-0.50_4.dat,GA-FIX-UX+BF3,9,45071.0,1.900751090997801,19700,True,169,0.18009200000000003
OR5x100-0.50_4.dat,GA-QL,0,45033.0,1.6885105959991051,19700,True,60,0.050516000000000026
OR5x100-0.50_4.dat,GA-QL,1,45019.0,1.5793221929998253,19700,True,43,0.036516000000000014
OR5x100-0.50_4.dat,GA-QL,2,45033.0,1.7043004490005842,19700,True,80,0.07397600000000001
OR5x100-0.50_4.dat,GA-QL,3,45024.0,1.7088852759989095,19700,True,24,0.10602000000000004
OR5x100-0.50_4.dat,GA-QL,4,45010.0,1.6733438549999846,19700,True,45,0.05569600000000001
OR5x100-0.50_4.dat,GA-QL,5,45033.0,1.7855668990014237,19700,True,36,0.13220400000000004
OR5x100-0.50_4.dat,GA-QL,6,45070.0,1.6972895729995798,19700,True,23,0.05377600000000001
OR5x100-0.50_4.dat,GA-QL,7,45070.0,1.719670275997487,19700,True,61,0.05863600000000001
OR5x100-0.50_4.dat,GA-QL,8,45070.0,1.6061849240031734,19700,True,24,0.02350000000000001
OR5x100-0.50_4.dat,GA-QL,9,45033.0,1.6700785140019434,19700,True,18,0.10481200000000004
OR5x100-0.50_4.dat,GA-QL-T,0,45010.0,1.6346510840012343,19700,True,119,0.12489200000000004
OR5x100-0.50_4.dat,GA-QL-T,1,45010.0,1.6967758489990956,19700,True,137,0.08036000000000001
OR5x100-0.50_4.dat,GA-QL-T,2,45033.0,1.861629005001305,19700,True,119,0.06780400000000002
OR5x100-0.50_4.dat,GA-QL-T,3,45033.0,1.7281693580007413,19700,True,63,0.06554400000000002
OR5x100-0.50_4.dat,GA-QL-T,4,45071.0,1.7678905799984932,19700,True,28,0.05552400000000001
OR5x100-0.50_4.dat,GA-QL-T,5,45033.0,1.6754096699987713,19700,True,23,0.10534800000000002
OR5x100-0.50_4.dat,GA-QL-T,6,45033.0,1.7288998619987979,19700,True,78,0.08737600000000002
OR5x100-0.50_4.dat,GA-QL-T,7,45033.0,1.718387883000105,19700,True,190,0.09543200000000004
OR5x100-0.50_4.dat,GA-QL-T,8,44984.0,1.7275555209998856,19700,True,13,0.04893200000000002
OR5x100-0.50_4.dat,GA-QL-T,9,45033.0,1.6558655600019847,19700,True,78,0.11412000000000004
OR5x100-0.50_4.dat,GA-RAND,0,45010.0,1.659556923998025,19700,True,17,0.048016
OR5x100-0.50_4.dat,GA-RAND,1,45019.0,1.636011448001227,19700,True,31,0.03993200000000001
OR5x100-0.50_4.dat,GA-RAND,2,45033.0,1.6630257910001092,19700,True,60,0.08350800000000003
OR5x100-0.50_4.dat,GA-RAND,3,45010.0,1.6364988800014544,19700,True,101,0.05219200000000001
OR5x100-0.50_4.dat,GA-RAND,4,45010.0,1.7185746390023269,19700,True,68,0.09250800000000002
OR5x100-0.50_4.dat,GA-RAND,5,45033.0,1.7603928829994402,19700,True,14,0.04400800000000001
OR5x100-0.50_4.dat,GA-RAND,6,45010.0,1.724472773999878,19700,True,52,0.05434400000000001
OR5x100-0.50_4.dat,GA-RAND,7,45071.0,1.6761116349989607,19700,True,27,0.051064000000000026
OR5x100-0.50_4.dat,GA-RAND,8,45070.0,1.7374448329974257,19700,True,89,0.049668000000000004
OR5x100-0.50_4.dat,GA-RAND,9,45033.0,1.6695119910000358,19700,True,162,0.04916800000000001
OR5x100-0.50_4.dat,GA-UCB,0,45071.0,1.6524826280001434,19700,True,58,0.09791200000000004
OR5x100-0.50_4.dat,GA-UCB,1,45070.0,1.9038794819971372,19700,True,154,0.09998000000000003
OR5x100-0.50_4.dat,GA-UCB,2,45033.0,1.7949905400018906,19700,True,27,0.08677600000000003
OR5x100-0.50_4.dat,GA-UCB,3,45010.0,1.6705244370023138,19700,True,36,0.06828800000000002
OR5x100-0.50_4.dat,GA-UCB,4,45033.0,1.5957537989997945,19700,True,153,0.059168000000000005
OR5x100-0.50_4.dat,GA-UCB,5,45070.0,1.783589740000025,19700,True,21,0.072992
OR5x100-0.50_4.dat,GA-UCB,6,45024.0,1.6173424070002511,19700,True,84,0.08651200000000003
OR5x100-0.50_4.dat,GA-UCB,7,45010.0,1.708663522000279,19700,True,20,0.07206000000000003
OR5x100-0.50_4.dat,GA-UCB,8,45010.0,1.6867818360005913,19700,True,167,0.10655600000000001
OR5x100-0.50_4.dat,GA-UCB,9,45070.0,1.6112757199989574,19700,True,38,0.04921600000000001
OR5x100-0.50_5.dat,GA,0,42123.0,1.572354900999926,19700,True,17,0.010096000000000004
OR5x100-0.50_5.dat,GA,1,42123.0,1.515309669997805,19700,True,78,0.003564000000000002
OR5x100-0.50_5.dat,GA,2,42059.0,1.5313805089972448,19700,True,15,0.009772000000000005
OR5x100-0.50_5.dat,GA,3,42123.0,1.4706369859995903,19700,True,73,0.007476000000000003
OR5x100-0.50_5.dat,GA,4,42123.0,1.4814802299988514,19700,True,8,0.010152000000000005
OR5x100-0.50_5.dat,GA,5,42088.0,1.485476693000237,19700,True,158,0.014684
OR5x100-0.50_5.dat,GA,6,42029.0,1.6262521809985628,19700,True,12,0.013848000000000004
OR5x100-0.50_5.dat,GA,7,42119.0,1.6038605780013313,19700,True,10,0.005908000000000004
OR5x100-0.50_5.dat,GA,8,42198.0,1.6594372050021775,19700,True,6,0.007752000000000004
OR5x100-0.50_5.dat,GA,9,42123.0,1.5485277240004507,19700,True,10,0.010500000000000004
OR5x100-0.50_5.dat,GA-FIX-UX+BF3,0,42198.0,1.320698284998798,19700,True,12,0.054360000000000026
OR5x100-0.50_5.dat,GA-FIX-UX+BF3,1,42218.0,1.911687030999019,19700,True,48,0.04951200000000002
OR5x100-0.50_5.dat,GA-FIX-UX+BF3,2,42218.0,1.493891526999505,19700,True,170,0.06435600000000002
OR5x100-0.50_5.dat,GA-FIX-UX+BF3,3,42171.0,1.91006255100001,19700,True,13,0.05418000000000003
OR5x100-0.50_5.dat,GA-FIX-UX+BF3,4,42218.0,1.7021694059985748,19700,True,16,0.06834800000000003
OR5x100-0.50_5.dat,GA-FIX-UX+BF3,5,42218.0,1.766645026000333,19700,True,77,0.06382000000000003
OR5x100-0.50_5.dat,GA-FIX-UX+BF3,6,42194.0,1.6593548939999891,19700,True,23,0.040904000000000024
OR5x100-0.50_5.dat,GA-FIX-UX+BF3,7,42194.0,1.5590681149988086,19700,True,10,0.05000800000000002
OR5x100-0.50_5.dat,GA-FIX-UX+BF3,8,42194.0,1.8822815690000425,19700,True,38,0.06597200000000002
OR5x100-0.50_5.dat,GA-FIX-UX+BF3,9,42171.0,1.768398137002805,19700,True,12,0.06841200000000003
OR5x100-0.50_5.dat,GA-QL,0,42119.0,1.8266962909983704,19700,True,12,0.021884000000000004
OR5x100-0.50_5.dat,GA-QL,1,42123.0,1.6714759030001005,19700,True,11,0.009044000000000003
OR5x100-0.50_5.dat,GA-QL,2,42123.0,1.6392678939992038,19700,True,8,0.059448000000000036
OR5x100-0.50_5.dat,GA-QL,3,42194.0,1.659223814996949,19700,True,59,0.022728
OR5x100-0.50_5.dat,GA-QL,4,42119.0,1.7187164739989385,19700,True,10,0.01818000000000001
OR5x100-0.50_5.dat,GA-QL,5,42062.0,1.9310361300013028,19700,True,22,0.05773200000000002
OR5x100-0.50_5.dat,GA-QL,6,42148.0,1.7853787719977845,19700,True,12,0.05566800000000002
OR5x100-0.50_5.dat,GA-QL,7,42194.0,1.8134695020016807,19700,True,13,0.021464000000000007
OR5x100-0.50_5.dat,GA-QL,8,42123.0,1.7505289180007821,19700,True,9,0.06000400000000003
OR5x100-0.50_5.dat,GA-QL,9,42148.0,1.839353694998863,19700,True,13,0.05015600000000003
OR5x100-0.50_5.dat,GA-QL-T,0,42123.0,1.70704497800034,19700,True,16,0.012640000000000005
OR5x100-0.50_5.dat,GA-QL-T,1,42123.0,1.8643418940009724,19700,True,10,0.007500000000000004
OR5x100-0.50_5.dat,GA-QL-T,2,42194.0,1.6330833219981287,19700,True,15,0.04443600000000002
OR5x100-0.50_5.dat,GA-QL-T,3,42123.0,1.7959344599985343,19700,True,6,0.04641600000000001
OR5x100-0.50_5.dat,GA-QL-T,4,42194.0,1.7093133380003565,19700,True,22,0.056952000000000016
OR5x100-0.50_5.dat,GA-QL-T,5,42130.0,1.7052146580026601,19700,True,14,0.05636800000000003
OR5x100-0.50_5.dat,GA-QL-T,6,42133.0,1.734957865999604,19700,True,20,0.054836000000000024
OR5x100-0.50_5.dat,GA-QL-T,7,42194.0,1.1814708519996202,19700,True,17,0.010048000000000007
OR5x100-0.50_5.dat,GA-QL-T,8,42119.0,1.6202883500009193,19700,True,13,0.011372000000000007
OR5x100-0.50_5.dat,GA-QL-T,9,42218.0,1.3111864870006684,19700,True,88,0.05333600000000002
OR5x100-0.50_5.dat,GA-RAND,0,42218.0,1.756053270000848,19700,True,52,0.013816000000000004
OR5x100-0.50_5.dat,GA-RAND,1,42198.0,1.6130358519985748,19700,True,10,0.012148000000000008
OR5x100-0.50_5.dat,GA-RAND,2,42218.0,1.6772328049992211,19700,True,172,0.06154400000000002
OR5x100-0.50_5.dat,GA-RAND,3,42198.0,1.6818719779985258,19700,True,6,0.010064000000000007
OR5x100-0.50_5.dat,GA-RAND,4,42123.0,1.7043918109993683,19700,True,16,0.012552000000000008
OR5x100-0.50_5.dat,GA-RAND,5,42198.0,1.7214591529991594,19700,True,10,0.023328000000000005
OR5x100-0.50_5.dat,GA-RAND,6,42198.0,1.7987868310010526,19700,True,12,0.005140000000000003
OR5x100-0.50_5.dat,GA-RAND,7,42123.0,1.698540655997931,19700,True,19,0.013360000000000007
OR5x100-0.50_5.dat,GA-RAND,8,42123.0,1.6102739819980343,19700,True,7,0.010564000000000004
OR5x100-0.50_5.dat,GA-RAND,9,42123.0,1.6423593489998893,19700,True,52,0.01802400000000001
OR5x100-0.50_5.dat,GA-UCB,0,42171.0,1.0082848370002466,19700,True,16,0.013064000000000003
OR5x100-0.50_5.dat,GA-UCB,1,42130.0,1.6090987759998825,19700,True,103,0.019516000000000006
OR5x100-0.50_5.dat,GA-UCB,2,42123.0,1.633638710998639,19700,True,10,0.016692
OR5x100-0.50_5.dat,GA-UCB,3,42123.0,1.6198545070001273,19700,True,9,0.012432000000000007
OR5x100-0.50_5.dat,GA-UCB,4,42133.0,1.474257531001058,19700,True,172,0.06361600000000003
OR5x100-0.50_5.dat,GA-UCB,5,42218.0,1.634020100998896,19700,True,178,0.037676000000000015
OR5x100-0.50_5.dat,GA-UCB,6,42198.0,0.9876631379993341,19700,True,7,0.05996400000000003
OR5x100-0.50_5.dat,GA-UCB,7,42144.0,1.614567218002776,19700,True,21,0.05828800000000003
OR5x100-0.50_5.dat,GA-UCB,8,42171.0,1.621250535001309,19700,True,40,0.03935200000000002
OR5x100-0.50_5.dat,GA-UCB,9,42194.0,1.68909439500203,19700,True,64,0.015216000000000006
OR5x100-0.50_6.dat,GA,0,42781.0,1.6425568439990457,19700,True,26,0.014228000000000005
OR5x100-0.50_6.dat,GA,1,42812.0,1.4709709390008356,19700,True,10,0.013824000000000001
OR5x100-0.50_6.dat,GA,2,42808.0,1.5312877020005544,19700,True,12,0.017796
OR5x100-0.50_6.dat,GA,3,42781.0,1.6269395159979467,19700,True,22,0.019844
OR5x100-0.50_6.dat,GA,4,42886.0,1.524243703999673,19700,True,12,0.018004000000000006
OR5x100-0.50_6.dat,GA,5,42778.0,1.5234924090000277,19700,True,36,0.011424000000000004
OR5x100-0.50_6.dat,GA,6,42808.0,1.4562918530027673,19700,True,14,0.018604
OR5x100-0.50_6.dat,GA,7,42886.0,1.4899768689974735,19700,True,17,0.015844000000000004
OR5x100-0.50_6.dat,GA,8,42840.0,1.499403247002192,19700,True,32,0.028996000000000008
OR5x100-0.50_6.dat,GA,9,42886.0,1.535942556001828,19700,True,32,0.018012000000000007
OR5x100-0.50_6.dat,GA-FIX-UX+BF3,0,42815.0,1.799087673000031,19700,True,31,0.11630400000000003
OR5x100-0.50_6.dat,GA-FIX-UX+BF3,1,42927.0,1.9656012750019727,19700,True,172,0.08698400000000003
OR5x100-0.50_6.dat,GA-FIX-UX+BF3,2,42927.0,1.6876910920000228,19700,True,19,0.08392800000000003
OR5x100-0.50_6.dat,GA-FIX-UX+BF3,3,42927.0,1.7885421640021377,19700,True,83,0.07053200000000003
OR5x100-0.50_6.dat,GA-FIX-UX+BF3,4,42886.0,1.7484112070014817,19700,True,117,0.09076800000000006
OR5x100-0.50_6.dat,GA-FIX-UX+BF3,5,42886.0,1.8893828940017556,19700,True,100,0.08631600000000002
OR5x100-0.50_6.dat,GA-FIX-UX+BF3,6,42813.0,1.7329993909988843,19700,True,95,0.12282000000000004
OR5x100-0.50_6.dat,GA-FIX-UX+BF3,7,42927.0,1.9428789839985257,19700,True,78,0.07607600000000002
OR5x100-0.50_6.dat,GA-FIX-UX+BF3,8,42817.0,1.7920711240003584,19700,True,7,0.08712800000000004
OR5x100-0.50_6.dat,GA-FIX-UX+BF3,9,42927.0,1.6950394279992906,19700,True,78,0.08605200000000003
OR5x100-0.50_6.dat,GA-QL,0,42781.0,1.651781791002577,19700,True,23,0.08906800000000004
OR5x100-0.50_6.dat,GA-QL,1,42812.0,1.601154948999465,19700,True,13,0.029908
OR5x100-0.50_6.dat,GA-QL,2,42850.0,1.7649364009994315,19700,True,153,0.031964000000000006
OR5x100-0.50_6.dat,GA-QL,3,42815.0,1.805482772000687,19700,True,73,0.098944
OR5x100-0.50_6.dat,GA-QL,4,42778.0,1.669966426998144,19700,True,10,0.039656000000000004
OR5x100-0.50_6.dat,GA-QL,5,42815.0,1.6360522530012531,19700,True,19,0.10689200000000001
OR5x100-0.50_6.dat,GA-QL,6,42813.0,1.75094151599842,19700,True,109,0.024552000000000004
OR5x100-0.50_6.dat,GA-QL,7,42813.0,1.6767453130014474,19700,True,20,0.07279600000000003
OR5x100-0.50_6.dat,GA-QL,8,42781.0,1.6949330899988126,19700,True,16,0.08857600000000003
OR5x100-0.50_6.dat,GA-QL,9,42808.0,1.7187589979985205,19700,True,13,0.06867600000000003
OR5x100-0.50_6.dat,GA-QL-T,0,42927.0,1.7859520310012158,19700,True,18,0.041964000000000015
OR5x100-0.50_6.dat,GA-QL-T,1,42927.0,1.7918133170023793,19700,True,179,0.07320000000000002
OR5x100-0.50_6.dat,GA-QL-T,2,42927.0,1.6608631199997035,19700,True,6,0.04637200000000002
OR5x100-0.50_6.dat,GA-QL-T,3,42927.0,1.8471505699999398,19700,True,10,0.06202400000000002
OR5x100-0.50_6.dat,GA-QL-T,4,42815.0,1.6752467959995556,19700,True,7,0.09712800000000005
OR5x100-0.50_6.dat,GA-QL-T,5,42808.0,1.633305362000101,19700,True,6,0.04689600000000001
OR5x100-0.50_6.dat,GA-QL-T,6,42850.0,1.7688669169983768,19700,True,176,0.12417200000000003
OR5x100-0.50_6.dat,GA-QL-T,7,42886.0,1.76841081600287,19700,True,128,0.04048800000000001
OR5x100-0.50_6.dat,GA-QL-T,8,42781.0,1.6993571639977745,19700,True,10,0.07200400000000001
OR5x100-0.50_6.dat,GA-QL-T,9,42809.0,1.6957805860001827,19700,True,86,0.055356000000000016
OR5x100-0.50_6.dat,GA-RAND,0,42927.0,1.7728376109989767,19700,True,23,0.020024000000000007
OR5x100-0.50_6.dat,GA-RAND,1,42927.0,1.7722742019977886,19700,True,26,0.03617200000000001
OR5x100-0.50_6.dat,GA-RAND,2,42781.0,1.5992032300018764,19700,True,15,0.08138800000000002
OR5x100-0.50_6.dat,GA-RAND,3,42850.0,1.7259264120002626,19700,True,96,0.03255200000000001
OR5x100-0.50_6.dat,GA-RAND,4,42927.0,1.59266696800114,19700,True,16,0.03673200000000001
OR5x100-0.50_6.dat,GA-RAND,5,42815.0,1.6713483159983298,19700,True,10,0.06293200000000003
OR5x100-0.50_6.dat,GA-RAND,6,42927.0,1.8379791190018295,19700,True,87,0.017824000000000007
OR5x100-0.50_6.dat,GA-RAND,7,42817.0,1.8567004169999564,19700,True,8,0.039452000000000015
OR5x100-0.50_6.dat,GA-RAND,8,42815.0,1.6646898040016822,19700,True,23,0.06788400000000001
OR5x100-0.50_6.dat,GA-RAND,9,42815.0,1.648914307999803,19700,True,57,0.07934400000000003
OR5x100-0.50_6.dat,GA-UCB,0,42800.0,1.7546718539997528,19700,True,31,0.10521200000000003
OR5x100-0.50_6.dat,GA-UCB,1,42768.0,1.619857238001714,19700,True,96,0.088524
OR5x100-0.50_6.dat,GA-UCB,2,42781.0,1.8413775090011768,19700,True,16,0.06178400000000002
OR5x100-0.50_6.dat,GA-UCB,3,42886.0,1.6317768590015476,19700,True,138,0.041740000000000006
OR5x100-0.50_6.dat,GA-UCB,4,42875.0,1.6734487930007163,19700,True,100,0.08955200000000003
OR5x100-0.50_6.dat,GA-UCB,5,42815.0,1.6809439829994517,19700,True,16,0.03747200000000001
OR5x100-0.50_6.dat,GA-UCB,6,42813.0,1.6086534609967202,19700,True,18,0.05279200000000003
OR5x100-0.50_6.dat,GA-UCB,7,42927.0,1.643422853998345,19700,True,9,0.041240000000000006
OR5x100-0.50_6.dat,GA-UCB,8,42781.0,1.679505156000232,19700,True,12,0.05711600000000003
OR5x100-0.50_6.dat,GA-UCB,9,42808.0,1.7291300399992906,19700,True,12,0.018700000000000005
OR5x100-0.50_7.dat,GA,0,41831.0,1.547349309999845,19700,True,11,0.008568000000000004
OR5x100-0.50_7.dat,GA,1,41820.0,1.688864421001199,19700,True,76,0.010000000000000007
OR5x100-0.50_7.dat,GA,2,42009.0,1.4732690649980213,19700,True,13,0.010064000000000007
OR5x100-0.50_7.dat,GA,3,41926.0,1.5872212260001106,19700,True,78,0.011648000000000006
OR5x100-0.50_7.dat,GA,4,42009.0,1.5939765939983772,19700,True,89,0.017680000000000005
OR5x100-0.50_7.dat,GA,5,41904.0,1.4722555269981967,19700,True,17,0.017420000000000005
OR5x100-0.50_7.dat,GA,6,41877.0,1.5410683650006831,19700,True,157,0.012464000000000006
OR5x100-0.50_7.dat,GA,7,42009.0,1.5119307009990735,19700,True,75,0.005132000000000003
OR5x100-0.50_7.dat,GA,8,42009.0,1.461748138000985,19700,True,9,0.011980000000000008
OR5x100-0.50_7.dat,GA,9,42009.0,1.6972473759997229,19700,True,11,0.011624000000000002
OR5x100-0.50_7.dat,GA-FIX-UX+BF3,0,42009.0,1.7446856000024127,19700,True,81,0.06896000000000002
OR5x100-0.50_7.dat,GA-FIX-UX+BF3,1,42009.0,1.8852653030007787,19700,True,14,0.054240000000000024
OR5x100-0.50_7.dat,GA-FIX-UX+BF3,2,42009.0,1.7154816429974744,19700,True,27,0.06019600000000002
OR5x100-0.50_7.dat,GA-FIX-UX+BF3,3,42009.0,1.732930411999405,19700,True,16,0.05531200000000002
OR5x100-0.50_7.dat,GA-FIX-UX+BF3,4,42009.0,1.7311892170000647,19700,True,11,0.05755200000000002
OR5x100-0.50_7.dat,GA-FIX-UX+BF3,5,41926.0,1.8599085249989002,19700,True,35,0.06544800000000002
OR5x100-0.50_7.dat,GA-FIX-UX+BF3,6,42009.0,1.7272920639989024,19700,True,79,0.05114800000000003
OR5x100-0.50_7.dat,GA-FIX-UX+BF3,7,42009.0,1.7775480279997282,19700,True,23,0.047448000000000025
OR5x100-0.50_7.dat,GA-FIX-UX+BF3,8,42009.0,1.916717845997482,19700,True,14,0.056712000000000026
OR5x100-0.50_7.dat,GA-FIX-UX+BF3,9,42009.0,1.7751408209987858,19700,True,30,0.061796000000000025
OR5x100-0.50_7.dat,GA-QL,0,42009.0,1.7423960129999614,19700,True,17,0.03065200000000001
OR5x100-0.50_7.dat,GA-QL,1,42009.0,1.685046622002119,19700,True,14,0.010572000000000008
OR5x100-0.50_7.dat,GA-QL,2,42009.0,1.660484810003254,19700,True,49,0.04776000000000002
OR5x100-0.50_7.dat,GA-QL,3,42009.0,1.6399692150007468,19700,True,52,0.05424400000000003
OR5x100-0.50_7.dat,GA-QL,4,42009.0,1.697517919998063,19700,True,42,0.07603600000000003
OR5x100-0.50_7.dat,GA-QL,5,42009.0,1.672213974998158,19700,True,61,0.008228000000000006
OR5x100-0.50_7.dat,GA-QL,6,42009.0,1.747409402996709,19700,True,11,0.010492000000000007
OR5x100-0.50_7.dat,GA-QL,7,42009.0,1.8815557710004214,19700,True,11,0.012916000000000007
OR5x100-0.50_7.dat,GA-QL,8,42009.0,1.6522432829988247,19700,True,28,0.016928000000000002
OR5x100-0.50_7.dat,GA-QL,9,42009.0,1.608119448999787,19700,True,22,0.058388000000000016
OR5x100-0.50_7.dat,GA-QL-T,0,42009.0,1.646247462998872,19700,True,29,0.012028000000000007
OR5x100-0.50_7.dat,GA-QL-T,1,42009.0,1.751895624001918,19700,True,46,0.05060800000000002
OR5x100-0.50_7.dat,GA-QL-T,2,42009.0,1.8978524150006706,19700,True,19,0.059232000000000014
OR5x100-0.50_7.dat,GA-QL-T,3,42009.0,1.772283876001893,19700,True,17,0.008528000000000006
OR5x100-0.50_7.dat,GA-QL-T,4,42009.0,1.669027088999428,19700,True,34,0.018060000000000003
OR5x100-0.50_7.dat,GA-QL-T,5,42009.0,1.7766355380008463,19700,True,27,0.012660000000000006
OR5x100-0.50_7.dat,GA-QL-T,6,42009.0,1.657531601998926,19700,True,29,0.023940000000000006
OR5x100-0.50_7.dat,GA-QL-T,7,42009.0,1.7565183719998458,19700,True,28,0.04449200000000001
OR5x100-0.50_7.dat,GA-QL-T,8,42009.0,1.7775750149994565,19700,True,15,0.05068400000000002
OR5x100-0.50_7.dat,GA-QL-T,9,42009.0,1.7153631019973545,19700,True,14,0.012884000000000007
OR5x100-0.50_7.dat,GA-RAND,0,42009.0,1.6023915799996757,19700,True,34,0.011664000000000008
OR5x100-0.50_7.dat,GA-RAND,1,41824.0,1.7086526310013141,19700,True,8,0.028992000000000007
OR5x100-0.50_7.dat,GA-RAND,2,42009.0,1.6199396940028237,19700,True,11,0.05916000000000003
OR5x100-0.50_7.dat,GA-RAND,3,42009.0,1.7388776859988866,19700,True,60,0.0055040000000000045
OR5x100-0.50_7.dat,GA-RAND,4,41859.0,1.631631541000388,19700,True,32,0.04102
OR5x100-0.50_7.dat,GA-RAND,5,42009.0,1.6478685030015185,19700,True,15,0.007468000000000006
OR5x100-0.50_7.dat,GA-RAND,6,42009.0,1.748668075997557,19700,True,9,0.014228000000000008
OR5x100-0.50_7.dat,GA-RAND,7,42009.0,1.7510768829997687,19700,True,35,0.021352000000000003
OR5x100-0.50_7.dat,GA-RAND,8,42009.0,1.6679742029991758,19700,True,16,0.015820000000000008
OR5x100-0.50_7.dat,GA-RAND,9,42009.0,1.6729164259995741,19700,True,71,0.021408000000000003
OR5x100-0.50_7.dat,GA-UCB,0,42009.0,1.7359538199998497,19700,True,75,0.058472000000000024
OR5x100-0.50_7.dat,GA-UCB,1,42009.0,1.6995971309988818,19700,True,132,0.009480000000000006
OR5x100-0.50_7.dat,GA-UCB,2,42009.0,1.6454950429979363,19700,True,26,0.07124400000000003
OR5x100-0.50_7.dat,GA-UCB,3,42009.0,1.7798838929993508,19700,True,76,0.019524000000000003
OR5x100-0.50_7.dat,GA-UCB,4,42009.0,1.8495168029985507,19700,True,67,0.024148000000000006
OR5x100-0.50_7.dat,GA-UCB,5,42009.0,1.6851267629972426,19700,True,12,0.06021200000000002
OR5x100-0.50_7.dat,GA-UCB,6,42009.0,1.6641891420003958,19700,True,23,0.04776800000000001
OR5x100-0.50_7.dat,GA-UCB,7,42009.0,1.7521827839991602,19700,True,49,0.0063200000000000036
OR5x100-0.50_7.dat,GA-UCB,8,42009.0,1.7618429779977305,19700,True,12,0.012092000000000007
OR5x100-0.50_7.dat,GA-UCB,9,41926.0,1.6170488559982914,19700,True,7,0.07271600000000002
OR5x100-0.50_8.dat,GA,0,44973.0,1.5167286770010833,19700,True,27,0.020172000000000002
OR5x100-0.50_8.dat,GA,1,45002.0,1.5206292430011672,19700,True,39,0.012895999999999996
OR5x100-0.50_8.dat,GA,2,44990.0,1.649686799999472,19700,True,19,0.013256000000000006
OR5x100-0.50_8.dat,GA,3,44990.0,1.544743402999302,19700,True,12,0.009796000000000004
OR5x100-0.50_8.dat,GA,4,44999.0,1.5370788399995945,19700,True,92,0.014768000000000009
OR5x100-0.50_8.dat,GA,5,45005.0,1.5491683010004635,19700,True,10,0.011332000000000009
OR5x100-0.50_8.dat,GA,6,45005.0,1.6230697680002777,19700,True,9,0.007112000000000005
OR5x100-0.50_8.dat,GA,7,45005.0,1.5587593739983276,19700,True,9,0.010160000000000004
OR5x100-0.50_8.dat,GA,8,45020.0,1.5540751299995463,19700,True,97,0.03477600000000001
OR5x100-0.50_8.dat,GA,9,45002.0,1.5005758610022895,19700,True,35,0.011996000000000007
OR5x100-0.50_8.dat,GA-FIX-UX+BF3,0,45005.0,1.7447137540002586,19700,True,9,0.05758800000000003
OR5x100-0.50_8.dat,GA-FIX-UX+BF3,1,45005.0,1.790452319997712,19700,True,5,0.06236000000000003
OR5x100-0.50_8.dat,GA-FIX-UX+BF3,2,45005.0,1.7906691540010797,19700,True,15,0.056704000000000025
OR5x100-0.50_8.dat,GA-FIX-UX+BF3,3,45020.0,1.5276642919998267,19700,True,18,0.07292800000000003
OR5x100-0.50_8.dat,GA-FIX-UX+BF3,4,45005.0,1.1302507879991026,19700,True,9,0.06594000000000003
OR5x100-0.50_8.dat,GA-FIX-UX+BF3,5,45005.0,1.7786801520014706,19700,True,10,0.06222000000000003
OR5x100-0.50_8.dat,GA-FIX-UX+BF3,6,45005.0,1.6796536260007997,19700,True,10,0.05483600000000002
OR5x100-0.50_8.dat,GA-FIX-UX+BF3,7,45005.0,1.7655882129984093,19700,True,29,0.04439200000000002
OR5x100-0.50_8.dat,GA-FIX-UX+BF3,8,45020.0,1.7404493150024791,19700,True,14,0.10423600000000002
OR5x100-0.50_8.dat,GA-FIX-UX+BF3,9,45005.0,1.793970533999527,19700,True,17,0.06724400000000003
OR5x100-0.50_8.dat,GA-QL,0,45020.0,1.7606462820003799,19700,True,119,0.05307200000000001
OR5x100-0.50_8.dat,GA-QL,1,45020.0,1.8932681320002303,19700,True,19,0.08026000000000001
OR5x100-0.50_8.dat,GA-QL,2,45005.0,1.6796123909989547,19700,True,7,0.021848000000000013
OR5x100-0.50_8.dat,GA-QL,3,44930.0,1.7427991119984654,19700,True,6,0.014388000000000005
OR5x100-0.50_8.dat,GA-QL,4,45005.0,1.699008662999404,19700,True,16,0.05085200000000002
OR5x100-0.50_8.dat,GA-QL,5,45005.0,1.7041023160018085,19700,True,10,0.06666000000000004
OR5x100-0.50_8.dat,GA-QL,6,44989.0,1.729357231000904,19700,True,7,0.05092400000000001
OR5x100-0.50_8.dat,GA-QL,7,45005.0,1.7669725729974743,19700,True,16,0.03141600000000001
OR5x100-0.50_8.dat,GA-QL,8,45005.0,1.7508347499970114,19700,True,35,0.01712800000000001
OR5x100-0.50_8.dat,GA-QL,9,45005.0,1.7323085169991828,19700,True,9,0.004752000000000003
OR5x100-0.50_8.dat,GA-QL-T,0,45005.0,1.8070929069981503,19700,True,7,0.030612000000000014
OR5x100-0.50_8.dat,GA-QL-T,1,45005.0,1.7734619440016104,19700,True,12,0.04686800000000003
OR5x100-0.50_8.dat,GA-QL-T,2,45005.0,1.835645768998802,19700,True,8,0.03049200000000001
OR5x100-0.50_8.dat,GA-QL-T,3,45005.0,1.4947694879992923,19700,True,8,0.03707600000000002
OR5x100-0.50_8.dat,GA-QL-T,4,45005.0,1.6364618150000751,19700,True,7,0.07747600000000002
OR5x100-0.50_8.dat,GA-QL-T,5,45005.0,1.7448546470004658,19700,True,8,0.07004400000000004
OR5x100-0.50_8.dat,GA-QL-T,6,45005.0,1.7392450730003475,19700,True,7,0.055872000000000026
OR5x100-0.50_8.dat,GA-QL-T,7,45005.0,1.2658848469982331,19700,True,16,0.010280000000000006
OR5x100-0.50_8.dat,GA-QL-T,8,45005.0,1.6641180909973627,19700,True,10,0.05662000000000003
OR5x100-0.50_8.dat,GA-QL-T,9,45005.0,1.3288922979991185,19700,True,23,0.07311600000000003
OR5x100-0.50_8.dat,GA-RAND,0,45020.0,1.76049676799812,19700,True,193,0.03975600000000001
OR5x100-0.50_8.dat,GA-RAND,1,45005.0,1.940789603999292,19700,True,8,0.01948000000000001
OR5x100-0.50_8.dat,GA-RAND,2,45020.0,1.6621072739981173,19700,True,121,0.09620000000000002
OR5x100-0.50_8.dat,GA-RAND,3,45005.0,1.673870911999984,19700,True,7,0.0035560000000000023
OR5x100-0.50_8.dat,GA-RAND,4,45005.0,1.738444417998835,19700,True,9,0.025868000000000013
OR5x100-0.50_8.dat,GA-RAND,5,45005.0,1.6912291469998308,19700,True,9,0.01644800000000001
OR5x100-0.50_8.dat,GA-RAND,6,44990.0,1.7125658309996652,19700,True,15,0.012472000000000007
OR5x100-0.50_8.dat,GA-RAND,7,44967.0,1.6968708770000376,19700,True,25,0.04200800000000002
OR5x100-0.50_8.dat,GA-RAND,8,45005.0,1.8388551110001572,19700,True,10,0.026080000000000006
OR5x100-0.50_8.dat,GA-RAND,9,45005.0,1.73037560100056,19700,True,22,0.02299200000000001
OR5x100-0.50_8.dat,GA-UCB,0,45005.0,1.68604255000173,19700,True,10,0.02658400000000001
OR5x100-0.50_8.dat,GA-UCB,1,44989.0,1.7413486699988425,19700,True,13,0.057736000000000016
OR5x100-0.50_8.dat,GA-UCB,2,44992.0,1.6468326629983494,19700,True,7,0.024472000000000008
OR5x100-0.50_8.dat,GA-UCB,3,44985.0,1.6852237660023093,19700,True,12,0.057256000000000015
OR5x100-0.50_8.dat,GA-UCB,4,45005.0,1.850544209999498,19700,True,15,0.032812000000000015
OR5x100-0.50_8.dat,GA-UCB,5,45005.0,1.8134728699988045,19700,True,16,0.016304000000000006
OR5x100-0.50_8.dat,GA-UCB,6,45005.0,1.7932758839997405,19700,True,10,0.022308000000000012
OR5x100-0.50_8.dat,GA-UCB,7,45005.0,1.74658339799862,19700,True,17,0.011800000000000007
OR5x100-0.50_8.dat,GA-UCB,8,45020.0,1.713966461000382,19700,True,55,0.06999600000000002
OR5x100-0.50_8.dat,GA-UCB,9,45005.0,1.7362425970022741,19700,True,38,0.018052000000000006
OR5x100-0.50_9.dat,GA,0,43228.0,0.852884627001913,19700,True,44,0.023028000000000003
OR5x100-0.50_9.dat,GA,1,43253.0,1.4842185439993045,19700,True,197,0.08757999999999999
OR5x100-0.50_9.dat,GA,2,43253.0,1.5445356119998905,19700,True,12,0.023452000000000008
OR5x100-0.50_9.dat,GA,3,43328.0,1.4777893530008441,19700,True,15,0.05100400000000001
OR5x100-0.50_9.dat,GA,4,43244.0,1.4946642260001681,19700,True,66,0.04114400000000001
OR5x100-0.50_9.dat,GA,5,43441.0,1.3549491449994093,19700,True,35,0.024207999999999997
OR5x100-0.50_9.dat,GA,6,43188.0,1.489680579998094,19700,True,16,0.03912000000000001
OR5x100-0.50_9.dat,GA,7,43211.0,1.5919313769991277,19700,True,42,0.051408
OR5x100-0.50_9.dat,GA,8,43253.0,1.1170244149980135,19700,True,6,0.012512000000000006
OR5x100-0.50_9.dat,GA,9,43230.0,1.5285779429977993,19700,True,11,0.040532000000000006
OR5x100-0.50_9.dat,GA-FIX-UX+BF3,0,43381.0,1.1383147560009093,19700,True,12,0.11502800000000002
OR5x100-0.50_9.dat,GA-FIX-UX+BF3,1,43381.0,1.7529306930009625,19700,True,97,0.15166400000000002
OR5x100-0.50_9.dat,GA-FIX-UX+BF3,2,43381.0,1.7190613150014542,19700,True,184,0.22366400000000006
OR5x100-0.50_9.dat,GA-FIX-UX+BF3,3,43348.0,1.751968628999748,19700,True,42,0.18326399999999998
OR5x100-0.50_9.dat,GA-FIX-UX+BF3,4,43348.0,1.764467204997345,19700,True,39,0.19866000000000003
OR5x100-0.50_9.dat,GA-FIX-UX+BF3,5,43381.0,1.0269816869986244,19700,True,12,0.10344800000000003
OR5x100-0.50_9.dat,GA-FIX-UX+BF3,6,43381.0,1.6727713629989012,19700,True,14,0.10745200000000005
OR5x100-0.50_9.dat,GA-FIX-UX+BF3,7,43381.0,1.7894763780022913,19700,True,42,0.14498800000000003
OR5x100-0.50_9.dat,GA-FIX-UX+BF3,8,43381.0,1.2875573689998419,19700,True,16,0.13085600000000006
OR5x100-0.50_9.dat,GA-FIX-UX+BF3,9,43381.0,1.6217118240019772,19700,True,78,0.12947200000000003
OR5x100-0.50_9.dat,GA-QL,0,43337.0,1.6325112619997526,19700,True,40,0.07560800000000002
OR5x100-0.50_9.dat,GA-QL,1,43337.0,1.6434668399997463,19700,True,43,0.08350800000000001
OR5x100-0.50_9.dat,GA-QL,2,43381.0,1.221011069999804,19700,True,13,0.03392800000000001
OR5x100-0.50_9.dat,GA-QL,3,43381.0,1.5966830610013858,19700,True,16,0.031400000000000004
OR5x100-0.50_9.dat,GA-QL,4,43381.0,1.5288324950015522,19700,True,125,0.024480000000000005
OR5x100-0.50_9.dat,GA-QL,5,43381.0,1.4032720659997722,19700,True,53,0.08593600000000003
OR5x100-0.50_9.dat,GA-QL,6,43441.0,1.6948232280010416,19700,True,53,0.08522800000000003
OR5x100-0.50_9.dat,GA-QL,7,43381.0,1.5142495830004918,19700,True,15,0.055604000000000015
OR5x100-0.50_9.dat,GA-QL,8,43312.0,1.6527906179981073,19700,True,52,0.100304
OR5x100-0.50_9.dat,GA-QL,9,43289.0,1.7108347850007704,19700,True,174,0.07878400000000002
OR5x100-0.50_9.dat,GA-QL-T,0,43326.0,1.7055867900016892,19700,True,45,0.10604800000000003
OR5x100-0.50_9.dat,GA-QL-T,1,43277.0,0.9655672010012495,19700,True,22,0.10128800000000002
OR5x100-0.50_9.dat,GA-QL-T,2,43326.0,1.6532039390003774,19700,True,17,0.09871600000000003
OR5x100-0.50_9.dat,GA-QL-T,3,43348.0,1.688792258999456,19700,True,38,0.13060000000000005
OR5x100-0.50_9.dat,GA-QL-T,4,43381.0,0.9947573519966681,19700,True,16,0.09210000000000002
OR5x100-0.50_9.dat,GA-QL-T,5,43279.0,1.6952863729966339,19700,True,76,0.15186800000000003
OR5x100-0.50_9.dat,GA-QL-T,6,43329.0,1.6780520169995725,19700,True,33,0.08812000000000002
OR5x100-0.50_9.dat,GA-QL-T,7,43381.0,1.7139877369991154,19700,True,28,0.08666400000000003
OR5x100-0.50_9.dat,GA-QL-T,8,43381.0,1.5795926230020996,19700,True,24,0.10802800000000003
OR5x100-0.50_9.dat,GA-QL-T,9,43313.0,1.451870840999618,19700,True,157,0.14763600000000002
OR5x100-0.50_9.dat,GA-RAND,0,43381.0,1.6451015179991373,19700,True,17,0.033548
OR5x100-0.50_9.dat,GA-RAND,1,43324.0,1.6539413479986251,19700,True,29,0.047360000000000006
OR5x100-0.50_9.dat,GA-RAND,2,43348.0,1.6533138589984446,19700,True,47,0.13514000000000004
OR5x100-0.50_9.dat,GA-RAND,3,43262.0,1.1935103089999757,19700,True,69,0.04880000000000001
OR5x100-0.50_9.dat,GA-RAND,4,43381.0,1.4589900569990277,19700,True,14,0.06176800000000001
OR5x100-0.50_9.dat,GA-RAND,5,43381.0,1.5258558530003938,19700,True,74,0.06072400000000001
OR5x100-0.50_9.dat,GA-RAND,6,43348.0,1.7169118540005002,19700,True,27,0.11084800000000002
OR5x100-0.50_9.dat,GA-RAND,7,43381.0,1.6988272140006302,19700,True,20,0.08066000000000001
OR5x100-0.50_9.dat,GA-RAND,8,43381.0,1.7111027869977988,19700,True,30,0.06034800000000001
OR5x100-0.50_9.dat,GA-RAND,9,43348.0,0.9251390090030327,19700,True,59,0.10155200000000003
OR5x100-0.50_9.dat,GA-UCB,0,43348.0,1.6710208320000675,19700,True,27,0.08272000000000002
OR5x100-0.50_9.dat,GA-UCB,1,43250.0,1.6357866379985353,19700,True,40,0.11604800000000004
OR5x100-0.50_9.dat,GA-UCB,2,43381.0,1.7572718179981166,19700,True,9,0.06818400000000001
OR5x100-0.50_9.dat,GA-UCB,3,43324.0,1.7486667779994605,19700,True,28,0.033836000000000005
OR5x100-0.50_9.dat,GA-UCB,4,43306.0,1.7664829140012444,19700,True,180,0.11720000000000003
OR5x100-0.50_9.dat,GA-UCB,5,43381.0,1.7672233810008038,19700,True,23,0.031028000000000003
OR5x100-0.50_9.dat,GA-UCB,6,43348.0,1.432604199002526,19700,True,36,0.13674000000000003
OR5x100-0.50_9.dat,GA-UCB,7,43381.0,1.5512228980005602,19700,True,20,0.09696000000000003
OR5x100-0.50_9.dat,GA-UCB,8,43337.0,1.373823521000304,19700,True,19,0.035056000000000004
OR5x100-0.50_9.dat,GA-UCB,9,43348.0,1.5656585409997206,19700,True,38,0.11784000000000004
OR5x100-0.75_1.dat,GA,0,59822.0,1.431930299000669,19700,True,7,0.008916000000000006
OR5x100-0.75_1.dat,GA,1,59822.0,1.240009672997985,19700,True,8,0.007080000000000004
OR5x100-0.75_1.dat,GA,2,59798.0,1.4142903140018461,19700,True,7,0.011032000000000007
OR5x100-0.75_1.dat,GA,3,59822.0,1.1908956639999815,19700,True,99,0.011720000000000006
OR5x100-0.75_1.dat,GA,4,59799.0,1.4547645290003857,19700,True,167,0.014568000000000003
OR5x100-0.75_1.dat,GA,5,59822.0,1.045619207998243,19700,True,9,0.013492000000000006
OR5x100-0.75_1.dat,GA,6,59822.0,1.4782347050022508,19700,True,5,0.005916000000000004
OR5x100-0.75_1.dat,GA,7,59822.0,1.4714573130004283,19700,True,9,0.005876000000000004
OR5x100-0.75_1.dat,GA,8,59822.0,1.1347517390022404,19700,True,7,0.005124000000000003
OR5x100-0.75_1.dat,GA,9,59799.0,1.357102483001654,19700,True,27,0.015260000000000003
OR5x100-0.75_1.dat,GA-FIX-UX+BF3,0,59822.0,1.5014939739994588,19700,True,7,0.05196000000000003
OR5x100-0.75_1.dat,GA-FIX-UX+BF3,1,59822.0,1.6035265889986476,19700,True,11,0.054332000000000026
OR5x100-0.75_1.dat,GA-FIX-UX+BF3,2,59822.0,1.3942837059985322,19700,True,12,0.061208000000000026
OR5x100-0.75_1.dat,GA-FIX-UX+BF3,3,59822.0,1.5014069720018597,19700,True,10,0.05166800000000002
OR5x100-0.75_1.dat,GA-FIX-UX+BF3,4,59822.0,1.6150723479986482,19700,True,10,0.05621600000000002
OR5x100-0.75_1.dat,GA-FIX-UX+BF3,5,59822.0,1.376152650002041,19700,True,7,0.05267200000000003
OR5x100-0.75_1.dat,GA-FIX-UX+BF3,6,59822.0,1.6046449120003672,19700,True,6,0.04522000000000003
OR5x100-0.75_1.dat,GA-FIX-UX+BF3,7,59822.0,1.6441317400021944,19700,True,10,0.054156000000000024
OR5x100-0.75_1.dat,GA-FIX-UX+BF3,8,59822.0,1.6380984890020045,19700,True,7,0.05497200000000003
OR5x100-0.75_1.dat,GA-FIX-UX+BF3,9,59822.0,1.587917101001949,19700,True,9,0.05621200000000003
OR5x100-0.75_1.dat,GA-QL,0,59822.0,1.523255257998244,19700,True,10,0.007776000000000004
OR5x100-0.75_1.dat,GA-QL,1,59799.0,1.3311756909970427,19700,True,15,0.08108000000000003
OR5x100-0.75_1.dat,GA-QL,2,59822.0,1.5893787829991197,19700,True,9,0.06696000000000002
OR5x100-0.75_1.dat,GA-QL,3,59822.0,1.5585478079992754,19700,True,12,0.047808
OR5x100-0.75_1.dat,GA-QL,4,59822.0,0.9878051949999644,19700,True,9,0.03593600000000001
OR5x100-0.75_1.dat,GA-QL,5,59822.0,1.5274341809999896,19700,True,7,0.010596000000000008
OR5x100-0.75_1.dat,GA-QL,6,59822.0,1.4542991279995476,19700,True,6,0.06359600000000003
OR5x100-0.75_1.dat,GA-QL,7,59822.0,1.270640602997446,19700,True,6,0.05030800000000002
OR5x100-0.75_1.dat,GA-QL,8,59822.0,1.5327823429979617,19700,True,10,0.05802000000000003
OR5x100-0.75_1.dat,GA-QL,9,59822.0,1.5096899780000967,19700,True,80,0.02678400000000001
OR5x100-0.75_1.dat,GA-QL-T,0,59822.0,1.52639185299995,19700,True,7,0.04800400000000002
OR5x100-0.75_1.dat,GA-QL-T,1,59822.0,1.2142337079967547,19700,True,8,0.04071600000000001
OR5x100-0.75_1.dat,GA-QL-T,2,59822.0,0.9163764210024965,19700,True,14,0.048992000000000015
OR5x100-0.75_1.dat,GA-QL-T,3,59822.0,1.5334575179986132,19700,True,8,0.05189200000000001
OR5x100-0.75_1.dat,GA-QL-T,4,59822.0,1.5439867669992964,19700,True,8,0.052920000000000016
OR5x100-0.75_1.dat,GA-QL-T,5,59822.0,1.5721798350023164,19700,True,11,0.05314800000000001
OR5x100-0.75_1.dat,GA-QL-T,6,59822.0,1.4122309869999299,19700,True,14,0.05664800000000001
OR5x100-0.75_1.dat,GA-QL-T,7,59822.0,1.549201735000679,19700,True,10,0.047396000000000015
OR5x100-0.75_1.dat,GA-QL-T,8,59822.0,1.53219768100098,19700,True,11,0.04887200000000002
OR5x100-0.75_1.dat,GA-QL-T,9,59822.0,1.1678622619983798,19700,True,6,0.04056800000000001
OR5x100-0.75_1.dat,GA-RAND,0,59822.0,1.5332825530022092,19700,True,10,0.016428000000000005
OR5x100-0.75_1.dat,GA-RAND,1,59822.0,1.2497808049993182,19700,True,7,0.015368000000000003
OR5x100-0.75_1.dat,GA-RAND,2,59822.0,1.3824481619994913,19700,True,8,0.05949200000000002
OR5x100-0.75_1.dat,GA-RAND,3,59822.0,1.5034909610003524,19700,True,6,0.010492000000000007
OR5x100-0.75_1.dat,GA-RAND,4,59822.0,1.504792843999894,19700,True,7,0.04690800000000001
OR5x100-0.75_1.dat,GA-RAND,5,59822.0,1.570697590999771,19700,True,5,0.02684800000000001
OR5x100-0.75_1.dat,GA-RAND,6,59822.0,1.5733415389986476,19700,True,7,0.019104000000000006
OR5x100-0.75_1.dat,GA-RAND,7,59822.0,1.4781798900003196,19700,True,12,0.035572000000000006
OR5x100-0.75_1.dat,GA-RAND,8,59822.0,1.580603439000697,19700,True,7,0.04381200000000002
OR5x100-0.75_1.dat,GA-RAND,9,59822.0,1.0287614240005496,19700,True,13,0.06096400000000001
OR5x100-0.75_1.dat,GA-UCB,0,59822.0,1.3401439820008818,19700,True,85,0.058900000000000036
OR5x100-0.75_1.dat,GA-UCB,1,59822.0,1.6287961829984852,19700,True,11,0.05184400000000002
OR5x100-0.75_1.dat,GA-UCB,2,59822.0,1.5903632749977987,19700,True,6,0.046476
OR5x100-0.75_1.dat,GA-UCB,3,59822.0,1.5841255509985785,19700,True,8,0.049544000000000026
OR5x100-0.75_1.dat,GA-UCB,4,59822.0,1.5853162269995664,19700,True,8,0.04220000000000001
OR5x100-0.75_1.dat,GA-UCB,5,59822.0,1.535952954000095,19700,True,8,0.06633200000000004
OR5x100-0.75_1.dat,GA-UCB,6,59822.0,1.2070447109981615,19700,True,11,0.007016000000000005
OR5x100-0.75_1.dat,GA-UCB,7,59822.0,1.5469825459986168,19700,True,10,0.05067600000000001
OR5x100-0.75_1.dat,GA-UCB,8,59822.0,1.3314692730018578,19700,True,10,0.06612800000000002
OR5x100-0.75_1.dat,GA-UCB,9,59822.0,1.2601541960029863,19700,True,11,0.05232400000000001
OR5x100-0.75_10.dat,GA,0,59926.0,0.8867587770000682,19700,True,6,0.010920000000000006
OR5x100-0.75_10.dat,GA,1,59926.0,1.4006798709997383,19700,True,6,0.007080000000000003
OR5x100-0.75_10.dat,GA,2,59926.0,1.494681086998753,19700,True,7,0.003168000000000002
OR5x100-0.75_10.dat,GA,3,59926.0,1.4051976610026031,19700,True,9,0.010192000000000005
OR5x100-0.75_10.dat,GA,4,59908.0,0.787548431999312,19700,True,131,0.01412400000000001
OR5x100-0.75_10.dat,GA,5,59896.0,1.3329491810000036,19700,True,11,0.008212000000000004
OR5x100-0.75_10.dat,GA,6,59926.0,1.4136327279993566,19700,True,6,0.005140000000000003
OR5x100-0.75_10.dat,GA,7,59926.0,1.4089085900013743,19700,True,11,0.005488000000000003
OR5x100-0.75_10.dat,GA,8,59926.0,1.3668751219993283,19700,True,51,0.006652000000000004
OR5x100-0.75_10.dat,GA,9,59926.0,0.7936859580004239,19700,True,6,0.008260000000000003
OR5x100-0.75_10.dat,GA-FIX-UX+BF3,0,59960.0,2.4465805309991993,19700,True,58,0.05786000000000002
OR5x100-0.75_10.dat,GA-FIX-UX+BF3,1,59960.0,1.9700638520007487,19700,True,81,0.05786400000000003
OR5x100-0.75_10.dat,GA-FIX-UX+BF3,2,59960.0,2.062705748998269,19700,True,11,0.058812000000000024
OR5x100-0.75_10.dat,GA-FIX-UX+BF3,3,59960.0,2.3919707580025715,19700,True,9,0.06155600000000003
OR5x100-0.75_10.dat,GA-FIX-UX+BF3,4,59960.0,1.8703890680008044,19700,True,125,0.03896800000000002
OR5x100-0.75_10.dat,GA-FIX-UX+BF3,5,59926.0,2.414167243998236,19700,True,7,0.06378800000000004
OR5x100-0.75_10.dat,GA-FIX-UX+BF3,6,59960.0,1.9324063150015718,19700,True,12,0.054116000000000025
OR5x100-0.75_10.dat,GA-FIX-UX+BF3,7,59960.0,2.1157986039979733,19700,True,12,0.05589600000000003
OR5x100-0.75_10.dat,GA-FIX-UX+BF3,8,59960.0,2.332203297999513,19700,True,13,0.05263600000000001
OR5x100-0.75_10.dat,GA-FIX-UX+BF3,9,59926.0,2.3983115479968546,19700,True,7,0.05080800000000003
OR5x100-0.75_10.dat,GA-QL,0,59926.0,1.6249994930003595,19700,True,6,0.029764000000000016
OR5x100-0.75_10.dat,GA-QL,1,59960.0,1.6577144919974671,19700,True,34,0.019960000000000006
OR5x100-0.75_10.dat,GA-QL,2,59915.0,1.5906347929994809,19700,True,15,0.019812000000000007
OR5x100-0.75_10.dat,GA-QL,3,59960.0,1.57758412000112,19700,True,8,0.0055280000000000025
OR5x100-0.75_10.dat,GA-QL,4,59960.0,1.6556645870005013,19700,True,19,0.013328000000000007
OR5x100-0.75_10.dat,GA-QL,5,59896.0,2.0807293799989566,19700,True,51,0.054392000000000024
OR5x100-0.75_10.dat,GA-QL,6,59960.0,2.143981334000273,19700,True,143,0.03822400000000002
OR5x100-0.75_10.dat,GA-QL,7,59960.0,2.0344273160008015,19700,True,5,0.06625600000000002
OR5x100-0.75_10.dat,GA-QL,8,59960.0,1.6515027309978905,19700,True,89,0.0051160000000000025
OR5x100-0.75_10.dat,GA-QL,9,59960.0,2.0251134329992055,19700,True,93,0.028988000000000003
OR5x100-0.75_10.dat,GA-QL-T,0,59960.0,2.1837604620013735,19700,True,61,0.05286000000000003
OR5x100-0.75_10.dat,GA-QL-T,1,59926.0,2.16978142500011,19700,True,12,0.041328000000000024
OR5x100-0.75_10.dat,GA-QL-T,2,59926.0,2.3119585940003162,19700,True,7,0.05159600000000002
OR5x100-0.75_10.dat,GA-QL-T,3,59960.0,1.6153541700005007,19700,True,50,0.03841200000000002
OR5x100-0.75_10.dat,GA-QL-T,4,59926.0,1.975488028001564,19700,True,5,0.04208000000000002
OR5x100-0.75_10.dat,GA-QL-T,5,59960.0,2.0961730550006905,19700,True,26,0.008664000000000005
OR5x100-0.75_10.dat,GA-QL-T,6,59926.0,2.1079103049996775,19700,True,7,0.06170400000000004
OR5x100-0.75_10.dat,GA-QL-T,7,59930.0,2.3107788099987374,19700,True,4,0.05579600000000002
OR5x100-0.75_10.dat,GA-QL-T,8,59960.0,2.3701617369988526,19700,True,12,0.023032000000000007
OR5x100-0.75_10.dat,GA-QL-T,9,59926.0,2.290285959999892,19700,True,8,0.04273600000000002
OR5x100-0.75_10.dat,GA-RAND,0,59926.0,1.5035442429980321,19700,True,6,0.015844000000000004
OR5x100-0.75_10.dat,GA-RAND,1,59960.0,1.537396642001113,19700,True,69,0.025904000000000007
OR5x100-0.75_10.dat,GA-RAND,2,59960.0,1.3998784789982892,19700,True,8,0.047928000000000026
OR5x100-0.75_10.dat,GA-RAND,3,59926.0,1.6335354869988805,19700,True,7,0.006700000000000004
OR5x100-0.75_10.dat,GA-RAND,4,59960.0,1.164590734999365,19700,True,88,0.03377600000000001
OR5x100-0.75_10.dat,GA-RAND,5,59960.0,1.5801724800003285,19700,True,9,0.02385600000000001
OR5x100-0.75_10.dat,GA-RAND,6,59926.0,1.5518986040005984,19700,True,7,0.009480000000000004
OR5x100-0.75_10.dat,GA-RAND,7,59926.0,1.6020428230003745,19700,True,8,0.03157200000000002
OR5x100-0.75_10.dat,GA-RAND,8,59926.0,1.544445456001995,19700,True,7,0.030064
OR5x100-0.75_10.dat,GA-RAND,9,59965.0,1.5516572689994064,19700,True,8,0.02511200000000001
OR5x100-0.75_10.dat,GA-UCB,0,59960.0,1.2993877970002359,19700,True,7,0.05391200000000002
OR5x100-0.75_10.dat,GA-UCB,1,59960.0,1.4113070370003697,19700,True,9,0.04840400000000002
OR5x100-0.75_10.dat,GA-UCB,2,59960.0,1.5600378019989876,19700,True,99,0.05256400000000003
OR5x100-0.75_10.dat,GA-UCB,3,59926.0,1.5923890400008531,19700,True,7,0.04366400000000002
OR5x100-0.75_10.dat,GA-UCB,4,59926.0,1.6411191469996993,19700,True,8,0.014672000000000008
OR5x100-0.75_10.dat,GA-UCB,5,59960.0,1.5467757810001785,19700,True,13,0.030312000000000006
OR5x100-0.75_10.dat,GA-UCB,6,59960.0,1.5211672490004275,19700,True,12,0.005924000000000002
OR5x100-0.75_10.dat,GA-UCB,7,59960.0,1.6192082390007272,19700,True,7,0.055240000000000025
OR5x100-0.75_10.dat,GA-UCB,8,59960.0,1.2345699629986484,19700,True,60,0.05513600000000002
OR5x100-0.75_10.dat,GA-UCB,9,59960.0,1.6439977070003806,19700,True,199,0.016192000000000005
OR5x100-0.75_2.dat,GA,0,61912.0,2.411949454999558,19700,True,31,0.01673200000000001
OR5x100-0.75_2.dat,GA,1,61889.0,1.899618688999908,19700,True,21,0.026732000000000006
OR5x100-0.75_2.dat,GA,2,61928.0,2.441671200998826,19700,True,9,0.018172000000000004
OR5x100-0.75_2.dat,GA,3,61889.0,2.311300803998165,19700,True,31,0.02682400000000001
OR5x100-0.75_2.dat,GA,4,61890.0,1.6625238849992456,19700,True,10,0.018436000000000004
OR5x100-0.75_2.dat,GA,5,61940.0,2.422933407000528,19700,True,34,0.02327600000000001
OR5x100-0.75_2.dat,GA,6,61940.0,2.057764731001953,19700,True,18,0.027292000000000004
OR5x100-0.75_2.dat,GA,7,61928.0,1.8292572530008329,19700,True,76,0.025104000000000005
OR5x100-0.75_2.dat,GA,8,61977.0,1.8474880729991128,19700,True,59,0.02145600000000001
OR5x100-0.75_2.dat,GA,9,61932.0,2.291127595999569,19700,True,11,0.01399200000000001
OR5x100-0.75_2.dat,GA-FIX-UX+BF3,0,61977.0,1.598423229999753,19700,True,30,0.11032800000000005
OR5x100-0.75_2.dat,GA-FIX-UX+BF3,1,62081.0,1.6969377599998552,19700,True,51,0.17431600000000005
OR5x100-0.75_2.dat,GA-FIX-UX+BF3,2,61983.0,1.8347703229992476,19700,True,24,0.11085600000000002
OR5x100-0.75_2.dat,GA-FIX-UX+BF3,3,61977.0,1.6816182269976707,19700,True,88,0.08467600000000003
OR5x100-0.75_2.dat,GA-FIX-UX+BF3,4,61977.0,1.5993454230010684,19700,True,24,0.10175200000000004
OR5x100-0.75_2.dat,GA-FIX-UX+BF3,5,61977.0,1.669390827002644,19700,True,100,0.08376000000000003
OR5x100-0.75_2.dat,GA-FIX-UX+BF3,6,61977.0,1.7246623249993718,19700,True,77,0.09057600000000003
OR5x100-0.75_2.dat,GA-FIX-UX+BF3,7,61939.0,1.7554656290012645,19700,True,46,0.15958800000000006
OR5x100-0.75_2.dat,GA-FIX-UX+BF3,8,61912.0,1.5526748359989142,19700,True,16,0.11094800000000003
OR5x100-0.75_2.dat,GA-FIX-UX+BF3,9,61950.0,1.749980210999638,19700,True,18,0.167032
OR5x100-0.75_2.dat,GA-QL,0,61983.0,2.285864286997821,19700,True,63,0.09014400000000002
OR5x100-0.75_2.dat,GA-QL,1,61964.0,2.018106923002051,19700,True,37,0.029248000000000003
OR5x100-0.75_2.dat,GA-QL,2,61964.0,1.638629649001814,19700,True,23,0.06320000000000002
OR5x100-0.75_2.dat,GA-QL,3,61977.0,1.5969523009989643,19700,True,193,0.09287200000000004
OR5x100-0.75_2.dat,GA-QL,4,61983.0,1.935557685999811,19700,True,172,0.09572000000000003
OR5x100-0.75_2.dat,GA-QL,5,61964.0,1.8346359570023196,19700,True,10,0.06851600000000004
OR5x100-0.75_2.dat,GA-QL,6,61940.0,1.8232155830010015,19700,True,45,0.04721200000000001
OR5x100-0.75_2.dat,GA-QL,7,61983.0,1.6591677350006648,19700,True,18,0.04858800000000002
OR5x100-0.75_2.dat,GA-QL,8,62008.0,1.691020630998537,19700,True,21,0.013912000000000004
OR5x100-0.75_2.dat,GA-QL,9,61983.0,1.6133789949999482,19700,True,20,0.12662000000000004
OR5x100-0.75_2.dat,GA-QL-T,0,61964.0,1.5883611829995061,19700,True,10,0.07887200000000001
OR5x100-0.75_2.dat,GA-QL-T,1,61983.0,1.497351740999875,19700,True,36,0.081032
OR5x100-0.75_2.dat,GA-QL-T,2,61940.0,1.6829928010010917,19700,True,55,0.05282400000000002
OR5x100-0.75_2.dat,GA-QL-T,3,61983.0,1.5684294130005583,19700,True,190,0.06213600000000001
OR5x100-0.75_2.dat,GA-QL-T,4,61977.0,1.5224895410028694,19700,True,158,0.16190000000000002
OR5x100-0.75_2.dat,GA-QL-T,5,62008.0,1.3451798880014394,19700,True,9,0.07553600000000003
OR5x100-0.75_2.dat,GA-QL-T,6,62019.0,1.5493344949973107,19700,True,15,0.07804400000000003
OR5x100-0.75_2.dat,GA-QL-T,7,62008.0,1.6070259349980915,19700,True,14,0.07446000000000003
OR5x100-0.75_2.dat,GA-QL-T,8,61940.0,1.6120032540020475,19700,True,38,0.09069600000000003
OR5x100-0.75_2.dat,GA-QL-T,9,61926.0,1.625705462996848,19700,True,12,0.09363600000000004
OR5x100-0.75_2.dat,GA-RAND,0,61970.0,2.272386369000742,19700,True,26,0.07470400000000002
OR5x100-0.75_2.dat,GA-RAND,1,61964.0,2.019141335000313,19700,True,23,0.03865200000000001
OR5x100-0.75_2.dat,GA-RAND,2,62081.0,2.0702884780002933,19700,True,21,0.13648800000000005
OR5x100-0.75_2.dat,GA-RAND,3,61977.0,2.152184557999135,19700,True,28,0.03138400000000001
OR5x100-0.75_2.dat,GA-RAND,4,61977.0,2.0371881989995018,19700,True,13,0.06226000000000002
OR5x100-0.75_2.dat,GA-RAND,5,61940.0,1.7215299409981526,19700,True,56,0.055368000000000014
OR5x100-0.75_2.dat,GA-RAND,6,61977.0,2.509290827001678,19700,True,64,0.02480000000000001
OR5x100-0.75_2.dat,GA-RAND,7,61963.0,1.9072541310015367,19700,True,35,0.06030400000000002
OR5x100-0.75_2.dat,GA-RAND,8,61963.0,1.9915121989979525,19700,True,22,0.055084000000000015
OR5x100-0.75_2.dat,GA-RAND,9,61983.0,2.203171723002015,19700,True,43,0.10330400000000005
OR5x100-0.75_2.dat,GA-UCB,0,61977.0,1.7471312589987065,19700,True,92,0.08913600000000005
OR5x100-0.75_2.dat,GA-UCB,1,61963.0,2.120854477998364,19700,True,25,0.09059200000000002
OR5x100-0.75_2.dat,GA-UCB,2,61963.0,1.7315531929998542,19700,True,25,0.03930400000000001
OR5x100-0.75_2.dat,GA-UCB,3,61891.0,1.9328214650013251,19700,True,185,0.06589600000000001
OR5x100-0.75_2.dat,GA-UCB,4,61963.0,1.5427256130024034,19700,True,19,0.046048000000000006
OR5x100-0.75_2.dat,GA-UCB,5,61948.0,2.7588566220001667,19700,True,18,0.06375600000000001
OR5x100-0.75_2.dat,GA-UCB,6,61977.0,2.2233393960013927,19700,True,184,0.059620000000000006
OR5x100-0.75_2.dat,GA-UCB,7,62008.0,1.9351575139990018,19700,True,22,0.05282000000000002
OR5x100-0.75_2.dat,GA-UCB,8,61940.0,2.2504622980013664,19700,True,30,0.08276800000000005
OR5x100-0.75_2.dat,GA-UCB,9,61983.0,2.221349886000098,19700,True,22,0.05725600000000001
OR5x100-0.75_3.dat,GA,0,59754.0,1.5326476780028315,19700,True,5,0.011752000000000007
OR5x100-0.75_3.dat,GA,1,59688.0,1.382389943999442,19700,True,9,0.010532000000000007
OR5x100-0.75_3.dat,GA,2,59734.0,1.0446109829972556,19700,True,8,0.011316000000000007
OR5x100-0.75_3.dat,GA,3,59743.0,1.2383377389996895,19700,True,10,0.023652000000000003
OR5x100-0.75_3.dat,GA,4,59802.0,1.4270346649973362,19700,True,158,0.019996000000000003
OR5x100-0.75_3.dat,GA,5,59713.0,1.3929554400019697,19700,True,47,0.008988000000000005
OR5x100-0.75_3.dat,GA,6,59703.0,1.3553650370013202,19700,True,78,0.025948000000000002
OR5x100-0.75_3.dat,GA,7,59754.0,1.3580994160001865,19700,True,11,0.007444000000000005
OR5x100-0.75_3.dat,GA,8,59764.0,1.3672107480015256,19700,True,41,0.013248000000000006
OR5x100-0.75_3.dat,GA,9,59754.0,1.4479478680004831,19700,True,62,0.008916000000000006
OR5x100-0.75_3.dat,GA-FIX-UX+BF3,0,59743.0,1.586850728999707,19700,True,15,0.06536000000000003
OR5x100-0.75_3.dat,GA-FIX-UX+BF3,1,59744.0,1.6459496379975462,19700,True,128,0.07640400000000003
OR5x100-0.75_3.dat,GA-FIX-UX+BF3,2,59764.0,1.5189231650001602,19700,True,19,0.06720400000000003
OR5x100-0.75_3.dat,GA-FIX-UX+BF3,3,59764.0,0.9157115670022904,19700,True,143,0.07697200000000004
OR5x100-0.75_3.dat,GA-FIX-UX+BF3,4,59764.0,1.6296231000014814,19700,True,46,0.058040000000000036
OR5x100-0.75_3.dat,GA-FIX-UX+BF3,5,59764.0,1.5755220079990977,19700,True,108,0.05497600000000003
OR5x100-0.75_3.dat,GA-FIX-UX+BF3,6,59754.0,1.586782149002829,19700,True,6,0.055844000000000026
OR5x100-0.75_3.dat,GA-FIX-UX+BF3,7,59726.0,1.0206243800021184,19700,True,18,0.056172000000000014
OR5x100-0.75_3.dat,GA-FIX-UX+BF3,8,59728.0,1.5892406530001608,19700,True,6,0.07346000000000004
OR5x100-0.75_3.dat,GA-FIX-UX+BF3,9,59756.0,1.6269653050003399,19700,True,193,0.10849200000000003
OR5x100-0.75_3.dat,GA-QL,0,59688.0,1.5702364770004351,19700,True,4,0.06252400000000002
OR5x100-0.75_3.dat,GA-QL,1,59715.0,1.5642569939991517,19700,True,189,0.01768000000000001
OR5x100-0.75_3.dat,GA-QL,2,59764.0,1.544941762000235,19700,True,86,0.05878400000000003
OR5x100-0.75_3.dat,GA-QL,3,59692.0,1.1795877609984018,19700,True,51,0.03450000000000002
OR5x100-0.75_3.dat,GA-QL,4,59754.0,1.4995464739986346,19700,True,8,0.05442000000000001
OR5x100-0.75_3.dat,GA-QL,5,59688.0,1.471645615001762,19700,True,53,0.029648000000000008
OR5x100-0.75_3.dat,GA-QL,6,59754.0,1.309750645999884,19700,True,8,0.05294400000000001
OR5x100-0.75_3.dat,GA-QL,7,59764.0,1.5816280090002692,19700,True,114,0.04845200000000001
OR5x100-0.75_3.dat,GA-QL,8,59764.0,1.6156252279979526,19700,True,11,0.04222000000000001
OR5x100-0.75_3.dat,GA-QL,9,59764.0,1.259846775999904,19700,True,78,0.03092400000000001
OR5x100-0.75_3.dat,GA-QL-T,0,59743.0,1.569568482998875,19700,True,13,0.06698800000000002
OR5x100-0.75_3.dat,GA-QL-T,1,59764.0,1.6092489729999215,19700,True,130,0.060088000000000016
OR5x100-0.75_3.dat,GA-QL-T,2,59764.0,1.6208113569991838,19700,True,92,0.05144800000000002
OR5x100-0.75_3.dat,GA-QL-T,3,59743.0,1.2802497319971735,19700,True,11,0.07496400000000003
OR5x100-0.75_3.dat,GA-QL-T,4,59764.0,1.403423895000742,19700,True,56,0.07964400000000003
OR5x100-0.75_3.dat,GA-QL-T,5,59754.0,1.457500763997814,19700,True,132,0.056328000000000024
OR5x100-0.75_3.dat,GA-QL-T,6,59743.0,1.263883399999031,19700,True,9,0.08977600000000002
OR5x100-0.75_3.dat,GA-QL-T,7,59715.0,1.5746530129981693,19700,True,77,0.05952800000000003
OR5x100-0.75_3.dat,GA-QL-T,8,59764.0,1.5376388959994074,19700,True,57,0.05523200000000003
OR5x100-0.75_3.dat,GA-QL-T,9,59710.0,1.4921708170004422,19700,True,10,0.05580400000000003
OR5x100-0.75_3.dat,GA-RAND,0,59764.0,1.3186813030006306,19700,True,88,0.027216000000000004
OR5x100-0.75_3.dat,GA-RAND,1,59764.0,1.507596301002195,19700,True,31,0.02035600000000001
OR5x100-0.75_3.dat,GA-RAND,2,59764.0,1.4544574780011317,19700,True,58,0.05989200000000003
OR5x100-0.75_3.dat,GA-RAND,3,59710.0,1.4858758010013844,19700,True,7,0.010088000000000007
OR5x100-0.75_3.dat,GA-RAND,4,59717.0,1.1058309609979915,19700,True,7,0.04528400000000001
OR5x100-0.75_3.dat,GA-RAND,5,59754.0,1.5868149230009294,19700,True,10,0.02750800000000002
OR5x100-0.75_3.dat,GA-RAND,6,59692.0,1.5004673740004364,19700,True,36,0.007000000000000003
OR5x100-0.75_3.dat,GA-RAND,7,59764.0,1.563602317000914,19700,True,38,0.05618000000000002
OR5x100-0.75_3.dat,GA-RAND,8,59710.0,1.050836951999372,19700,True,8,0.021232000000000008
OR5x100-0.75_3.dat,GA-RAND,9,59715.0,1.4952167499977804,19700,True,76,0.056228000000000014
OR5x100-0.75_3.dat,GA-UCB,0,59754.0,1.5160714329977054,19700,True,10,0.05356800000000002
OR5x100-0.75_3.dat,GA-UCB,1,59726.0,1.1167136389994994,19700,True,55,0.04940400000000001
OR5x100-0.75_3.dat,GA-UCB,2,59764.0,1.4303033870019135,19700,True,34,0.04740400000000001
OR5x100-0.75_3.dat,GA-UCB,3,59713.0,1.5199080890015466,19700,True,11,0.03364400000000001
OR5x100-0.75_3.dat,GA-UCB,4,59754.0,1.5589044080006715,19700,True,9,0.015052000000000008
OR5x100-0.75_3.dat,GA-UCB,5,59724.0,1.3778816479971283,19700,True,8,0.06818000000000002
OR5x100-0.75_3.dat,GA-UCB,6,59754.0,1.3645461649975914,19700,True,15,0.03532400000000001
OR5x100-0.75_3.dat,GA-UCB,7,59802.0,1.4457929509990208,19700,True,19,0.017628
OR5x100-0.75_3.dat,GA-UCB,8,59726.0,1.3862749899999471,19700,True,50,0.025840000000000005
OR5x100-0.75_3.dat,GA-UCB,9,59764.0,1.457223884000996,19700,True,129,0.018732000000000002
OR5x100-0.75_4.dat,GA,0,60419.0,1.208464383998944,19700,True,57,0.017908
OR5x100-0.75_4.dat,GA,1,60419.0,1.1409475250002288,19700,True,31,0.010128000000000005
OR5x100-0.75_4.dat,GA,2,60417.0,1.425813415000448,19700,True,10,0.010152000000000005
OR5x100-0.75_4.dat,GA,3,60417.0,1.2382997630011232,19700,True,10,0.008568000000000004
OR5x100-0.75_4.dat,GA,4,60392.0,1.4536399530006747,19700,True,134,0.015424000000000004
OR5x100-0.75_4.dat,GA,5,60389.0,1.5796694299970113,19700,True,11,0.01904000000000001
OR5x100-0.75_4.dat,GA,6,60417.0,1.504393983999762,19700,True,5,0.01628800000000001
OR5x100-0.75_4.dat,GA,7,60422.0,1.3999990510019416,19700,True,9,0.015516000000000005
OR5x100-0.75_4.dat,GA,8,60419.0,1.2343926460016519,19700,True,24,0.012264000000000004
OR5x100-0.75_4.dat,GA,9,60422.0,1.315084329999081,19700,True,45,0.01825600000000001
OR5x100-0.75_4.dat,GA-FIX-UX+BF3,0,60417.0,1.611002688001463,19700,True,11,0.05352000000000002
OR5x100-0.75_4.dat,GA-FIX-UX+BF3,1,60417.0,1.7107444100001885,19700,True,11,0.07704000000000004
OR5x100-0.75_4.dat,GA-FIX-UX+BF3,2,60461.0,1.4134982349969505,19700,True,25,0.08704000000000005
OR5x100-0.75_4.dat,GA-FIX-UX+BF3,3,60417.0,1.6481604229993536,19700,True,73,0.06060000000000003
OR5x100-0.75_4.dat,GA-FIX-UX+BF3,4,60461.0,1.6006131899994216,19700,True,22,0.09006400000000003
OR5x100-0.75_4.dat,GA-FIX-UX+BF3,5,60445.0,1.7195071639980597,19700,True,7,0.06728000000000002
OR5x100-0.75_4.dat,GA-FIX-UX+BF3,6,60423.0,1.7037187540008745,19700,True,18,0.06688000000000004
OR5x100-0.75_4.dat,GA-FIX-UX+BF3,7,60417.0,1.6828857069995138,19700,True,53,0.06910000000000002
OR5x100-0.75_4.dat,GA-FIX-UX+BF3,8,60457.0,1.6386388010032533,19700,True,167,0.11319200000000004
OR5x100-0.75_4.dat,GA-FIX-UX+BF3,9,60417.0,1.7247417170001427,19700,True,12,0.06358000000000003
OR5x100-0.75_4.dat,GA-QL,0,60422.0,1.5716231489968777,19700,True,13,0.02763200000000001
OR5x100-0.75_4.dat,GA-QL,1,60422.0,1.5952950610007974,19700,True,28,0.07016000000000004
OR5x100-0.75_4.dat,GA-QL,2,60417.0,1.3945489570032805,19700,True,8,0.04911600000000002
OR5x100-0.75_4.dat,GA-QL,3,60422.0,1.71843053900011,19700,True,17,0.05288000000000002
OR5x100-0.75_4.dat,GA-QL,4,60417.0,1.4056182870008342,19700,True,16,0.055256000000000034
OR5x100-0.75_4.dat,GA-QL,5,60445.0,1.6072759759990731,19700,True,178,0.057600000000000005
OR5x100-0.75_4.dat,GA-QL,6,60433.0,1.319554612000502,19700,True,6,0.04939200000000001
OR5x100-0.75_4.dat,GA-QL,7,60417.0,1.4634775430022273,19700,True,15,0.04835200000000001
OR5x100-0.75_4.dat,GA-QL,8,60445.0,1.548728805999417,19700,True,134,0.012060000000000006
OR5x100-0.75_4.dat,GA-QL,9,60417.0,1.541295615999843,19700,True,8,0.004332000000000003
OR5x100-0.75_4.dat,GA-QL-T,0,60422.0,1.5370897270004207,19700,True,17,0.042200000000000015
OR5x100-0.75_4.dat,GA-QL-T,1,60422.0,1.2910396350016526,19700,True,10,0.08426800000000004
OR5x100-0.75_4.dat,GA-QL-T,2,60417.0,1.226962263997848,19700,True,10,0.08218000000000003
OR5x100-0.75_4.dat,GA-QL-T,3,60417.0,1.737636489997385,19700,True,8,0.03142800000000001
OR5x100-0.75_4.dat,GA-QL-T,4,60422.0,1.6575491740004509,19700,True,9,0.07833600000000002
OR5x100-0.75_4.dat,GA-QL-T,5,60423.0,1.6535476980025123,19700,True,13,0.06094800000000001
OR5x100-0.75_4.dat,GA-QL-T,6,60417.0,1.6014146950001305,19700,True,8,0.055364000000000024
OR5x100-0.75_4.dat,GA-QL-T,7,60417.0,1.6110312579985475,19700,True,18,0.06279600000000002
OR5x100-0.75_4.dat,GA-QL-T,8,60417.0,1.7826339140010532,19700,True,11,0.05344400000000002
OR5x100-0.75_4.dat,GA-QL-T,9,60417.0,1.822083304003172,19700,True,11,0.06915200000000003
OR5x100-0.75_4.dat,GA-RAND,0,60417.0,1.3059412830007204,19700,True,9,0.016312000000000007
OR5x100-0.75_4.dat,GA-RAND,1,60417.0,1.3949400759993296,19700,True,16,0.02726800000000001
OR5x100-0.75_4.dat,GA-RAND,2,60417.0,1.5704700749993208,19700,True,19,0.05934800000000004
OR5x100-0.75_4.dat,GA-RAND,3,60445.0,1.5616027739997662,19700,True,48,0.02319600000000001
OR5x100-0.75_4.dat,GA-RAND,4,60445.0,1.3557241410017014,19700,True,8,0.04274800000000001
OR5x100-0.75_4.dat,GA-RAND,5,60422.0,1.6040331529984542,19700,True,11,0.04702000000000002
OR5x100-0.75_4.dat,GA-RAND,6,60371.0,1.415441273999022,19700,True,9,0.025652000000000005
OR5x100-0.75_4.dat,GA-RAND,7,60433.0,1.5417809120008314,19700,True,11,0.08114000000000003
OR5x100-0.75_4.dat,GA-RAND,8,60417.0,1.4208651020016987,19700,True,9,0.05635600000000002
OR5x100-0.75_4.dat,GA-RAND,9,60417.0,1.3845008839998627,19700,True,12,0.07249200000000003
OR5x100-0.75_4.dat,GA-UCB,0,60422.0,1.758131462000165,19700,True,28,0.055340000000000014
OR5x100-0.75_4.dat,GA-UCB,1,60417.0,1.5893394369995804,19700,True,10,0.05346000000000002
OR5x100-0.75_4.dat,GA-UCB,2,60461.0,1.4603505300001416,19700,True,12,0.07506400000000003
OR5x100-0.75_4.dat,GA-UCB,3,60417.0,1.5199389409972355,19700,True,8,0.023680000000000007
OR5x100-0.75_4.dat,GA-UCB,4,60417.0,1.5826006669994968,19700,True,49,0.071008
OR5x100-0.75_4.dat,GA-UCB,5,60417.0,1.5443850330011628,19700,True,16,0.07053200000000003
OR5x100-0.75_4.dat,GA-UCB,6,60417.0,1.4550231149987667,19700,True,11,0.049200000000000035
OR5x100-0.75_4.dat,GA-UCB,7,60417.0,1.5251557449992106,19700,True,8,0.06251200000000001
OR5x100-0.75_4.dat,GA-UCB,8,60445.0,1.562781888002064,19700,True,34,0.05096400000000001
OR5x100-0.75_4.dat,GA-UCB,9,60422.0,1.5874219030010863,19700,True,10,0.02352400000000001
OR5x100-0.75_5.dat,GA,0,61091.0,1.5491295280007762,19700,True,173,0.017080000000000005
OR5x100-0.75_5.dat,GA,1,60956.0,1.4467883220022486,19700,True,10,0.010952000000000009
OR5x100-0.75_5.dat,GA,2,61025.0,1.6529823899982148,19700,True,11,0.013363999999999997
OR5x100-0.75_5.dat,GA,3,60924.0,1.6350464249990182,19700,True,18,0.021860000000000008
OR5x100-0.75_5.dat,GA,4,61000.0,1.6528802030006773,19700,True,13,0.021396000000000005
OR5x100-0.75_5.dat,GA,5,61055.0,1.9977125639998121,19700,True,9,0.017676
OR5x100-0.75_5.dat,GA,6,61055.0,1.6876929249992827,19700,True,4,0.027700000000000006
OR5x100-0.75_5.dat,GA,7,61001.0,1.597145547002583,19700,True,60,0.014672000000000003
OR5x100-0.75_5.dat,GA,8,60936.0,1.7705929910007399,19700,True,134,0.015156000000000005
OR5x100-0.75_5.dat,GA,9,60956.0,1.69568963400161,19700,True,19,0.012860000000000007
OR5x100-0.75_5.dat,GA-FIX-UX+BF3,0,61055.0,1.687246112000139,19700,True,18,0.09036000000000004
OR5x100-0.75_5.dat,GA-FIX-UX+BF3,1,61091.0,1.8073526920015865,19700,True,43,0.08348400000000003
OR5x100-0.75_5.dat,GA-FIX-UX+BF3,2,61055.0,1.7116120569990017,19700,True,19,0.09990400000000005
OR5x100-0.75_5.dat,GA-FIX-UX+BF3,3,61055.0,1.6355527830019128,19700,True,15,0.09834400000000003
OR5x100-0.75_5.dat,GA-FIX-UX+BF3,4,61055.0,1.7136494160004077,19700,True,37,0.10780800000000004
OR5x100-0.75_5.dat,GA-FIX-UX+BF3,5,61091.0,1.8011174940002093,19700,True,84,0.07222800000000003
OR5x100-0.75_5.dat,GA-FIX-UX+BF3,6,61091.0,1.750382547998015,19700,True,15,0.07568400000000003
OR5x100-0.75_5.dat,GA-FIX-UX+BF3,7,61055.0,1.6597250790000544,19700,True,20,0.10196400000000005
OR5x100-0.75_5.dat,GA-FIX-UX+BF3,8,61055.0,1.6511039560027712,19700,True,21,0.10359600000000002
OR5x100-0.75_5.dat,GA-FIX-UX+BF3,9,61055.0,1.7441213820020494,19700,True,32,0.08527600000000003
OR5x100-0.75_5.dat,GA-QL,0,61025.0,2.057967804998043,19700,True,7,0.06508400000000003
OR5x100-0.75_5.dat,GA-QL,1,61091.0,1.8132924509991426,19700,True,32,0.08398000000000003
OR5x100-0.75_5.dat,GA-QL,2,60956.0,1.770244229999662,19700,True,9,0.030920000000000007
OR5x100-0.75_5.dat,GA-QL,3,61091.0,1.942285434997757,19700,True,69,0.10082800000000004
OR5x100-0.75_5.dat,GA-QL,4,61091.0,1.6896333219992812,19700,True,12,0.10882000000000006
OR5x100-0.75_5.dat,GA-QL,5,61055.0,1.7162608280013956,19700,True,44,0.09139200000000003
OR5x100-0.75_5.dat,GA-QL,6,61091.0,1.6745458170007623,19700,True,23,0.06388
OR5x100-0.75_5.dat,GA-QL,7,61091.0,1.7327596210016054,19700,True,8,0.024056
OR5x100-0.75_5.dat,GA-QL,8,61091.0,1.7632960060000187,19700,True,7,0.12154400000000004
OR5x100-0.75_5.dat,GA-QL,9,61091.0,1.700227231001918,19700,True,41,0.13816800000000004
OR5x100-0.75_5.dat,GA-QL-T,0,61091.0,1.7508549129997846,19700,True,17,0.10129200000000001
OR5x100-0.75_5.dat,GA-QL-T,1,61055.0,1.7107784079998964,19700,True,14,0.06653200000000002
OR5x100-0.75_5.dat,GA-QL-T,2,61055.0,1.607125617996644,19700,True,10,0.05258000000000001
OR5x100-0.75_5.dat,GA-QL-T,3,61091.0,1.697004289002507,19700,True,8,0.09097600000000006
OR5x100-0.75_5.dat,GA-QL-T,4,61091.0,1.8000501159986015,19700,True,6,0.11563200000000004
OR5x100-0.75_5.dat,GA-QL-T,5,61091.0,1.7169067569993786,19700,True,11,0.08097200000000003
OR5x100-0.75_5.dat,GA-QL-T,6,60956.0,1.8164000729993859,19700,True,12,0.06927200000000004
OR5x100-0.75_5.dat,GA-QL-T,7,61091.0,1.6379089709989785,19700,True,17,0.07224000000000001
OR5x100-0.75_5.dat,GA-QL-T,8,60956.0,1.6685149619988806,19700,True,8,0.062452000000000014
OR5x100-0.75_5.dat,GA-QL-T,9,61055.0,1.6724566429984407,19700,True,44,0.07767200000000002
OR5x100-0.75_5.dat,GA-RAND,0,61028.0,1.8888041259997408,19700,True,9,0.017532000000000006
OR5x100-0.75_5.dat,GA-RAND,1,61055.0,1.7182330380019266,19700,True,153,0.06578800000000001
OR5x100-0.75_5.dat,GA-RAND,2,61055.0,1.7358179699986067,19700,True,61,0.07752000000000002
OR5x100-0.75_5.dat,GA-RAND,3,61055.0,1.9432761070020206,19700,True,13,0.05907600000000001
OR5x100-0.75_5.dat,GA-RAND,4,61055.0,1.6172423179996258,19700,True,13,0.07084800000000002
OR5x100-0.75_5.dat,GA-RAND,5,61091.0,1.8043411040016508,19700,True,34,0.042752000000000005
OR5x100-0.75_5.dat,GA-RAND,6,61028.0,1.7420704060023127,19700,True,66,0.027288
OR5x100-0.75_5.dat,GA-RAND,7,61016.0,1.8488357189999078,19700,True,71,0.08746000000000004
OR5x100-0.75_5.dat,GA-RAND,8,61028.0,1.697610174996953,19700,True,57,0.041096000000000014
OR5x100-0.75_5.dat,GA-RAND,9,61091.0,1.6160461270010273,19700,True,7,0.08712400000000002
OR5x100-0.75_5.dat,GA-UCB,0,61091.0,1.8695942340018519,19700,True,20,0.09858400000000005
OR5x100-0.75_5.dat,GA-UCB,1,61055.0,1.64601236299859,19700,True,13,0.08477600000000002
OR5x100-0.75_5.dat,GA-UCB,2,61012.0,1.7814341830016929,19700,True,14,0.09101200000000004
OR5x100-0.75_5.dat,GA-UCB,3,61079.0,1.6663750510015234,19700,True,26,0.058404000000000025
OR5x100-0.75_5.dat,GA-UCB,4,60961.0,1.7514403790009965,19700,True,200,0.058068000000000015
OR5x100-0.75_5.dat,GA-UCB,5,61005.0,1.7185364750002918,19700,True,58,0.07954400000000003
OR5x100-0.75_5.dat,GA-UCB,6,61091.0,1.6393114059974323,19700,True,15,0.09014800000000003
OR5x100-0.75_5.dat,GA-UCB,7,61055.0,1.906061478999618,19700,True,18,0.07363200000000003
OR5x100-0.75_5.dat,GA-UCB,8,61091.0,1.7181575109971163,19700,True,11,0.09064800000000002
OR5x100-0.75_5.dat,GA-UCB,9,61055.0,1.7395799010009796,19700,True,16,0.07072800000000001
OR5x100-0.75_6.dat,GA,0,58907.0,1.3475064159974863,19700,True,9,0.005504000000000004
OR5x100-0.75_6.dat,GA,1,58937.0,1.3742667080005049,19700,True,7,0.01786400000000001
OR5x100-0.75_6.dat,GA,2,58863.0,1.4981547419993149,19700,True,5,0.01628000000000001
OR5x100-0.75_6.dat,GA,3,58936.0,1.1962584739994782,19700,True,11,0.027012000000000005
OR5x100-0.75_6.dat,GA,4,58937.0,1.4279279920010595,19700,True,10,0.014812
OR5x100-0.75_6.dat,GA,5,58937.0,1.4263815119993524,19700,True,7,0.019084000000000004
OR5x100-0.75_6.dat,GA,6,58907.0,1.4680331080016913,19700,True,8,0.013772000000000006
OR5x100-0.75_6.dat,GA,7,58937.0,1.482126816001255,19700,True,11,0.017392
OR5x100-0.75_6.dat,GA,8,58907.0,1.52442448399961,19700,True,7,0.015124000000000009
OR5x100-0.75_6.dat,GA,9,58812.0,1.6172354099981021,19700,True,98,0.016612000000000005
OR5x100-0.75_6.dat,GA-FIX-UX+BF3,0,58937.0,1.5851429200010898,19700,True,87,0.07444800000000003
OR5x100-0.75_6.dat,GA-FIX-UX+BF3,1,58937.0,1.598996773998806,19700,True,12,0.08383600000000004
OR5x100-0.75_6.dat,GA-FIX-UX+BF3,2,58959.0,1.6359570429995074,19700,True,20,0.08242400000000004
OR5x100-0.75_6.dat,GA-FIX-UX+BF3,3,58937.0,1.5800538660005259,19700,True,163,0.06825200000000003
OR5x100-0.75_6.dat,GA-FIX-UX+BF3,4,58907.0,1.6237202529991919,19700,True,10,0.06633600000000003
OR5x100-0.75_6.dat,GA-FIX-UX+BF3,5,58937.0,1.2874523869977565,19700,True,9,0.06319200000000003
OR5x100-0.75_6.dat,GA-FIX-UX+BF3,6,58937.0,1.703453364996676,19700,True,20,0.07292800000000003
OR5x100-0.75_6.dat,GA-FIX-UX+BF3,7,58937.0,1.6271630490009557,19700,True,15,0.06824800000000003
OR5x100-0.75_6.dat,GA-FIX-UX+BF3,8,58937.0,1.6554929619996983,19700,True,18,0.06769600000000002
OR5x100-0.75_6.dat,GA-FIX-UX+BF3,9,58937.0,1.576793402000476,19700,True,16,0.06866000000000003
OR5x100-0.75_6.dat,GA-QL,0,58907.0,1.5074879470012092,19700,True,11,0.014244000000000005
OR5x100-0.75_6.dat,GA-QL,1,58907.0,1.1067914470004325,19700,True,7,0.003944000000000002
OR5x100-0.75_6.dat,GA-QL,2,58921.0,1.5323579799987783,19700,True,72,0.08263200000000002
OR5x100-0.75_6.dat,GA-QL,3,58907.0,1.2161104689985223,19700,True,6,0.005108000000000002
OR5x100-0.75_6.dat,GA-QL,4,58937.0,1.2994337730015104,19700,True,8,0.0611
OR5x100-0.75_6.dat,GA-QL,5,58921.0,1.3568300820006698,19700,True,193,0.061628000000000016
OR5x100-0.75_6.dat,GA-QL,6,58921.0,1.6635592370002996,19700,True,128,0.07776800000000003
OR5x100-0.75_6.dat,GA-QL,7,58907.0,1.214156856000045,19700,True,7,0.02676000000000001
OR5x100-0.75_6.dat,GA-QL,8,58907.0,1.550102440000046,19700,True,9,0.06430800000000002
OR5x100-0.75_6.dat,GA-QL,9,58937.0,1.520579533000273,19700,True,7,0.013484000000000005
OR5x100-0.75_6.dat,GA-QL-T,0,58921.0,1.5845378039994102,19700,True,15,0.05941200000000002
OR5x100-0.75_6.dat,GA-QL-T,1,58937.0,1.5508231769999838,19700,True,9,0.08994800000000003
OR5x100-0.75_6.dat,GA-QL-T,2,58907.0,1.2514833940003882,19700,True,8,0.04538400000000001
OR5x100-0.75_6.dat,GA-QL-T,3,58907.0,1.7244505139969988,19700,True,7,0.03961600000000001
OR5x100-0.75_6.dat,GA-QL-T,4,58907.0,1.58216114699826,19700,True,9,0.04451200000000002
OR5x100-0.75_6.dat,GA-QL-T,5,58907.0,1.5480727829999523,19700,True,6,0.04355200000000001
OR5x100-0.75_6.dat,GA-QL-T,6,58907.0,1.499611568000546,19700,True,8,0.06450000000000003
OR5x100-0.75_6.dat,GA-QL-T,7,58907.0,1.706030326000473,19700,True,9,0.036620000000000014
OR5x100-0.75_6.dat,GA-QL-T,8,58920.0,1.3279459570003382,19700,True,10,0.07230400000000001
OR5x100-0.75_6.dat,GA-QL-T,9,58959.0,1.497616372002085,19700,True,10,0.10283600000000001
OR5x100-0.75_6.dat,GA-RAND,0,58907.0,1.599767196999892,19700,True,11,0.01447600000000001
OR5x100-0.75_6.dat,GA-RAND,1,58937.0,1.6590931870014174,19700,True,29,0.032860000000000014
OR5x100-0.75_6.dat,GA-RAND,2,58907.0,1.682121036999888,19700,True,5,0.05525200000000002
OR5x100-0.75_6.dat,GA-RAND,3,58907.0,1.641476358003274,19700,True,7,0.011752000000000007
OR5x100-0.75_6.dat,GA-RAND,4,58937.0,1.6196121659995697,19700,True,11,0.05033200000000001
OR5x100-0.75_6.dat,GA-RAND,5,58937.0,1.6487399639991054,19700,True,89,0.04484800000000002
OR5x100-0.75_6.dat,GA-RAND,6,58907.0,1.6491270389997226,19700,True,8,0.0059080000000000035
OR5x100-0.75_6.dat,GA-RAND,7,58937.0,1.6478437680016214,19700,True,10,0.06700400000000002
OR5x100-0.75_6.dat,GA-RAND,8,58937.0,1.6878272089998063,19700,True,11,0.05565200000000001
OR5x100-0.75_6.dat,GA-RAND,9,58959.0,1.487694683000882,19700,True,13,0.07460800000000002
OR5x100-0.75_6.dat,GA-UCB,0,58937.0,1.5926734290005697,19700,True,25,0.05577600000000002
OR5x100-0.75_6.dat,GA-UCB,1,58937.0,1.6033765580032195,19700,True,8,0.07334800000000002
OR5x100-0.75_6.dat,GA-UCB,2,58959.0,1.5526249379981891,19700,True,9,0.06592800000000001
OR5x100-0.75_6.dat,GA-UCB,3,58937.0,1.506397425000614,19700,True,11,0.06597200000000003
OR5x100-0.75_6.dat,GA-UCB,4,58937.0,1.434888489999139,19700,True,9,0.05818400000000002
OR5x100-0.75_6.dat,GA-UCB,5,58907.0,1.5690608900004008,19700,True,7,0.011768000000000006
OR5x100-0.75_6.dat,GA-UCB,6,58921.0,1.2379655110016756,19700,True,80,0.06439200000000002
OR5x100-0.75_6.dat,GA-UCB,7,58921.0,1.2902157050011738,19700,True,104,0.10532400000000003
OR5x100-0.75_6.dat,GA-UCB,8,58937.0,1.5224919180000143,19700,True,25,0.08436400000000002
OR5x100-0.75_6.dat,GA-UCB,9,58907.0,1.6047238579994882,19700,True,7,0.009828000000000005
OR5x100-0.75_7.dat,GA,0,61505.0,1.3819153229997028,19700,True,16,0.012432000000000007
OR5x100-0.75_7.dat,GA,1,61446.0,1.4806182889988122,19700,True,29,0.023516000000000002
OR5x100-0.75_7.dat,GA,2,61429.0,1.5228755540010752,19700,True,29,0.018312000000000002
OR5x100-0.75_7.dat,GA,3,61461.0,1.4620843049997347,19700,True,28,0.01709600000000001
OR5x100-0.75_7.dat,GA,4,61433.0,1.4026904849997663,19700,True,17,0.01523600000000001
OR5x100-0.75_7.dat,GA,5,61443.0,1.3605405400012387,19700,True,10,0.019668000000000012
OR5x100-0.75_7.dat,GA,6,61420.0,1.3973577949982428,19700,True,44,0.018012000000000004
OR5x100-0.75_7.dat,GA,7,61408.0,1.3831395910019637,19700,True,37,0.017404000000000006
OR5x100-0.75_7.dat,GA,8,61363.0,1.3936551619990496,19700,True,142,0.015756000000000006
OR5x100-0.75_7.dat,GA,9,61519.0,1.3914587520011992,19700,True,27,0.021776000000000004
OR5x100-0.75_7.dat,GA-FIX-UX+BF3,0,61519.0,1.719729100997938,19700,True,198,0.15656400000000004
OR5x100-0.75_7.dat,GA-FIX-UX+BF3,1,61461.0,1.9554206089997024,19700,True,132,0.059756000000000024
OR5x100-0.75_7.dat,GA-FIX-UX+BF3,2,61505.0,1.7698528460023226,19700,True,196,0.12867200000000004
OR5x100-0.75_7.dat,GA-FIX-UX+BF3,3,61461.0,1.7056841150006221,19700,True,28,0.06938800000000003
OR5x100-0.75_7.dat,GA-FIX-UX+BF3,4,61505.0,1.605477430002793,19700,True,15,0.10637600000000003
OR5x100-0.75_7.dat,GA-FIX-UX+BF3,5,61505.0,1.6396113900009368,19700,True,13,0.06647200000000003
OR5x100-0.75_7.dat,GA-FIX-UX+BF3,6,61505.0,1.5518275139984326,19700,True,32,0.06944400000000002
OR5x100-0.75_7.dat,GA-FIX-UX+BF3,7,61505.0,1.4429402900022978,19700,True,23,0.06547200000000003
OR5x100-0.75_7.dat,GA-FIX-UX+BF3,8,61519.0,1.5808854969982349,19700,True,35,0.07435200000000003
OR5x100-0.75_7.dat,GA-FIX-UX+BF3,9,61519.0,1.6068873340009304,19700,True,15,0.07198800000000002
OR5x100-0.75_7.dat,GA-QL,0,61461.0,1.5613121460010007,19700,True,34,0.06025600000000002
OR5x100-0.75_7.dat,GA-QL,1,61519.0,1.8087261950022366,19700,True,24,0.08485600000000003
OR5x100-0.75_7.dat,GA-QL,2,61505.0,1.5278359429976263,19700,True,15,0.031332000000000006
OR5x100-0.75_7.dat,GA-QL,3,61464.0,1.5791859259988996,19700,True,131,0.06696800000000001
OR5x100-0.75_7.dat,GA-QL,4,61505.0,1.7287790549999045,19700,True,16,0.08116800000000003
OR5x100-0.75_7.dat,GA-QL,5,61519.0,1.5217542630016396,19700,True,39,0.06103600000000002
OR5x100-0.75_7.dat,GA-QL,6,61505.0,1.5748865760033368,19700,True,65,0.011300000000000008
OR5x100-0.75_7.dat,GA-QL,7,61411.0,1.560223764001421,19700,True,8,0.022396000000000003
OR5x100-0.75_7.dat,GA-QL,8,61519.0,1.59246708000137,19700,True,31,0.02014
OR5x100-0.75_7.dat,GA-QL,9,61464.0,1.5782935000024736,19700,True,27,0.08532400000000004
OR5x100-0.75_7.dat,GA-QL-T,0,61505.0,1.4650243849973776,19700,True,13,0.07169600000000002
OR5x100-0.75_7.dat,GA-QL-T,1,61446.0,1.6000398869982746,19700,True,35,0.09818000000000003
OR5x100-0.75_7.dat,GA-QL-T,2,61505.0,1.586417114998767,19700,True,25,0.08272000000000002
OR5x100-0.75_7.dat,GA-QL-T,3,61461.0,1.5584475029972964,19700,True,90,0.09134800000000003
OR5x100-0.75_7.dat,GA-QL-T,4,61519.0,1.6443519730019034,19700,True,184,0.06970000000000001
OR5x100-0.75_7.dat,GA-QL-T,5,61505.0,1.7722288110016962,19700,True,29,0.08408000000000003
OR5x100-0.75_7.dat,GA-QL-T,6,61519.0,1.7199638279998908,19700,True,30,0.07737200000000004
OR5x100-0.75_7.dat,GA-QL-T,7,61519.0,1.3899037939991103,19700,True,174,0.062052000000000024
OR5x100-0.75_7.dat,GA-QL-T,8,61505.0,1.7086948910000501,19700,True,173,0.09078400000000002
OR5x100-0.75_7.dat,GA-QL-T,9,61505.0,1.6712160459974257,19700,True,19,0.07358800000000003
OR5x100-0.75_7.dat,GA-RAND,0,61464.0,1.5037075789987284,19700,True,54,0.04498800000000001
OR5x100-0.75_7.dat,GA-RAND,1,61470.0,1.422992551997595,19700,True,36,0.09482800000000001
OR5x100-0.75_7.dat,GA-RAND,2,61464.0,1.5195835300000908,19700,True,83,0.13513200000000006
OR5x100-0.75_7.dat,GA-RAND,3,61505.0,1.3426540330001444,19700,True,117,0.023536
OR5x100-0.75_7.dat,GA-RAND,4,61461.0,1.4136731760008843,19700,True,120,0.07020400000000002
OR5x100-0.75_7.dat,GA-RAND,5,61505.0,1.2469811410010152,19700,True,8,0.04083200000000001
OR5x100-0.75_7.dat,GA-RAND,6,61505.0,1.5149927540005592,19700,True,17,0.044212
OR5x100-0.75_7.dat,GA-RAND,7,61461.0,1.3437348379993637,19700,True,15,0.08744400000000002
OR5x100-0.75_7.dat,GA-RAND,8,61464.0,1.5410844059988449,19700,True,23,0.06600400000000001
OR5x100-0.75_7.dat,GA-RAND,9,61461.0,1.461019648999354,19700,True,10,0.07743600000000002
OR5x100-0.75_7.dat,GA-UCB,0,61505.0,1.5556288240004505,19700,True,19,0.035484
OR5x100-0.75_7.dat,GA-UCB,1,61505.0,1.6124154729986913,19700,True,68,0.05944800000000001
OR5x100-0.75_7.dat,GA-UCB,2,61429.0,1.6115826899986132,19700,True,40,0.10040800000000004
OR5x100-0.75_7.dat,GA-UCB,3,61505.0,1.6973907800020243,19700,True,26,0.07361200000000005
OR5x100-0.75_7.dat,GA-UCB,4,61519.0,1.4273805190023268,19700,True,53,0.07032400000000003
OR5x100-0.75_7.dat,GA-UCB,5,61461.0,1.7380627499987895,19700,True,18,0.04840800000000001
OR5x100-0.75_7.dat,GA-UCB,6,61446.0,1.6101422130013816,19700,True,39,0.07422400000000001
OR5x100-0.75_7.dat,GA-UCB,7,61505.0,1.5511297110024316,19700,True,21,0.07423600000000002
OR5x100-0.75_7.dat,GA-UCB,8,61505.0,1.817388507999567,19700,True,20,0.05542800000000001
OR5x100-0.75_7.dat,GA-UCB,9,61505.0,1.614384352000343,19700,True,11,0.041096000000000014
OR5x100-0.75_8.dat,GA,0,61433.0,1.4137452310023946,19700,True,11,0.007120000000000004
OR5x100-0.75_8.dat,GA,1,61520.0,1.4364665879984386,19700,True,14,0.016992000000000007
OR5x100-0.75_8.dat,GA,2,61520.0,1.5101939950000087,19700,True,37,0.012408000000000006
OR5x100-0.75_8.dat,GA,3,61520.0,1.4212337620010658,19700,True,23,0.019604000000000003
OR5x100-0.75_8.dat,GA,4,61378.0,1.6446626120014116,19700,True,126,0.021160000000000005
OR5x100-0.75_8.dat,GA,5,61423.0,1.3859469830022135,19700,True,103,0.029568000000000007
OR5x100-0.75_8.dat,GA,6,61489.0,1.458976652000274,19700,True,131,0.011196000000000001
OR5x100-0.75_8.dat,GA,7,61436.0,1.3677714579971507,19700,True,23,0.010936000000000006
OR5x100-0.75_8.dat,GA,8,61459.0,1.4615395279979566,19700,True,67,0.006264000000000004
OR5x100-0.75_8.dat,GA,9,61475.0,1.4347221320022072,19700,True,6,0.010176000000000004
OR5x100-0.75_8.dat,GA-FIX-UX+BF3,0,61481.0,0.9758663909997267,19700,True,21,0.09017200000000003
OR5x100-0.75_8.dat,GA-FIX-UX+BF3,1,61459.0,1.5801716850000957,19700,True,19,0.07592400000000003
OR5x100-0.75_8.dat,GA-FIX-UX+BF3,2,61481.0,1.578273037001054,19700,True,13,0.09149600000000004
OR5x100-0.75_8.dat,GA-FIX-UX+BF3,3,61504.0,1.2369613099981507,19700,True,63,0.09406000000000002
OR5x100-0.75_8.dat,GA-FIX-UX+BF3,4,61489.0,1.5950693810009398,19700,True,58,0.07550800000000003
OR5x100-0.75_8.dat,GA-FIX-UX+BF3,5,61481.0,1.2774063819997536,19700,True,18,0.08243600000000004
OR5x100-0.75_8.dat,GA-FIX-UX+BF3,6,61456.0,1.557087549001153,19700,True,159,0.16028000000000003
OR5x100-0.75_8.dat,GA-FIX-UX+BF3,7,61459.0,1.6156252960026904,19700,True,21,0.060124000000000025
OR5x100-0.75_8.dat,GA-FIX-UX+BF3,8,61459.0,1.5816034980016411,19700,True,14,0.07386000000000002
OR5x100-0.75_8.dat,GA-FIX-UX+BF3,9,61489.0,1.1464935869989858,19700,True,17,0.07355200000000003
OR5x100-0.75_8.dat,GA-QL,0,61481.0,1.5182615710000391,19700,True,23,0.06273600000000004
OR5x100-0.75_8.dat,GA-QL,1,61520.0,1.555857573999674,19700,True,21,0.031116000000000015
OR5x100-0.75_8.dat,GA-QL,2,61475.0,1.3006371829978889,19700,True,11,0.06523200000000004
OR5x100-0.75_8.dat,GA-QL,3,61475.0,1.5100824199980707,19700,True,7,0.012512000000000007
OR5x100-0.75_8.dat,GA-QL,4,61481.0,1.4261937150004087,19700,True,7,0.05453200000000002
OR5x100-0.75_8.dat,GA-QL,5,61481.0,1.3044961669984332,19700,True,17,0.08175600000000002
OR5x100-0.75_8.dat,GA-QL,6,61489.0,1.594521936000092,19700,True,29,0.053688000000000013
OR5x100-0.75_8.dat,GA-QL,7,61481.0,1.5938101550018473,19700,True,18,0.09494400000000004
OR5x100-0.75_8.dat,GA-QL,8,61456.0,1.2359894449982676,19700,True,9,0.08030800000000003
OR5x100-0.75_8.dat,GA-QL,9,61481.0,1.4959029970013944,19700,True,10,0.004728000000000002
OR5x100-0.75_8.dat,GA-QL-T,0,61489.0,1.0999880130002566,19700,True,22,0.042712
OR5x100-0.75_8.dat,GA-QL-T,1,61489.0,1.4581819970007928,19700,True,30,0.09248000000000003
OR5x100-0.75_8.dat,GA-QL-T,2,61520.0,1.5405862859988702,19700,True,21,0.056644000000000014
OR5x100-0.75_8.dat,GA-QL-T,3,61442.0,1.5306653730003745,19700,True,38,0.09366000000000002
OR5x100-0.75_8.dat,GA-QL-T,4,61475.0,1.5458062039979268,19700,True,9,0.04895600000000002
OR5x100-0.75_8.dat,GA-QL-T,5,61475.0,1.193296328998258,19700,True,12,0.05081200000000002
OR5x100-0.75_8.dat,GA-QL-T,6,61481.0,1.532232360998023,19700,True,11,0.07789600000000002
OR5x100-0.75_8.dat,GA-QL-T,7,61489.0,1.5091882470005658,19700,True,17,0.053672000000000025
OR5x100-0.75_8.dat,GA-QL-T,8,61489.0,1.538476224999613,19700,True,20,0.08449600000000002
OR5x100-0.75_8.dat,GA-QL-T,9,61520.0,1.402431777001766,19700,True,17,0.05812800000000003
OR5x100-0.75_8.dat,GA-RAND,0,61475.0,1.487187033999362,19700,True,10,0.010992000000000007
OR5x100-0.75_8.dat,GA-RAND,1,61489.0,1.638908241999161,19700,True,14,0.038452000000000014
OR5x100-0.75_8.dat,GA-RAND,2,61475.0,1.5575454519967025,19700,True,15,0.059460000000000034
OR5x100-0.75_8.dat,GA-RAND,3,61475.0,1.4319344499999715,19700,True,11,0.009968000000000006
OR5x100-0.75_8.dat,GA-RAND,4,61475.0,1.459664263002196,19700,True,21,0.04053200000000001
OR5x100-0.75_8.dat,GA-RAND,5,61481.0,1.4903900710014568,19700,True,9,0.04114800000000002
OR5x100-0.75_8.dat,GA-RAND,6,61475.0,1.5905928009997297,19700,True,82,0.024180000000000007
OR5x100-0.75_8.dat,GA-RAND,7,61520.0,1.5559730249988206,19700,True,14,0.06127200000000002
OR5x100-0.75_8.dat,GA-RAND,8,61475.0,1.513488934000634,19700,True,8,0.04488800000000001
OR5x100-0.75_8.dat,GA-RAND,9,61459.0,1.5664867989980849,19700,True,9,0.05270800000000001
OR5x100-0.75_8.dat,GA-UCB,0,61371.0,1.5792788800026756,19700,True,40,0.08160800000000001
OR5x100-0.75_8.dat,GA-UCB,1,61479.0,1.5475944930003607,19700,True,14,0.08785200000000003
OR5x100-0.75_8.dat,GA-UCB,2,61459.0,1.4323553540016292,19700,True,12,0.025252000000000007
OR5x100-0.75_8.dat,GA-UCB,3,61489.0,1.2194491310001467,19700,True,48,0.04361200000000001
OR5x100-0.75_8.dat,GA-UCB,4,61437.0,1.5424554980018002,19700,True,48,0.08849200000000003
OR5x100-0.75_8.dat,GA-UCB,5,61489.0,1.480020364997472,19700,True,16,0.06205200000000002
OR5x100-0.75_8.dat,GA-UCB,6,61481.0,1.5986021099997743,19700,True,9,0.02210000000000001
OR5x100-0.75_8.dat,GA-UCB,7,61459.0,1.6018685779999942,19700,True,18,0.06736000000000003
OR5x100-0.75_8.dat,GA-UCB,8,61520.0,1.5988433610000357,19700,True,48,0.06243600000000003
OR5x100-0.75_8.dat,GA-UCB,9,61489.0,1.3417543350005872,19700,True,99,0.08490800000000004
OR5x100-0.75_9.dat,GA,0,59267.0,1.3830041399996844,19700,True,7,0.008172000000000006
OR5x100-0.75_9.dat,GA,1,59260.0,1.3648814629996195,19700,True,9,0.014972000000000008
OR5x100-0.75_9.dat,GA,2,59314.0,1.464123425001162,19700,True,13,0.010224000000000006
OR5x100-0.75_9.dat,GA,3,59453.0,1.3555074169998989,19700,True,82,0.015456000000000004
OR5x100-0.75_9.dat,GA,4,59293.0,1.4624277439979778,19700,True,21,0.014380000000000004
OR5x100-0.75_9.dat,GA,5,59453.0,1.345708836997801,19700,True,195,0.023700000000000006
OR5x100-0.75_9.dat,GA,6,59408.0,1.4041942520016164,19700,True,177,0.017396000000000005
OR5x100-0.75_9.dat,GA,7,59453.0,1.4151362779994088,19700,True,7,0.017568
OR5x100-0.75_9.dat,GA,8,59453.0,0.9343148749976535,19700,True,79,0.016264000000000004
OR5x100-0.75_9.dat,GA,9,59408.0,1.564681156000006,19700,True,85,0.011496000000000004
OR5x100-0.75_9.dat,GA-FIX-UX+BF3,0,59453.0,1.6008566729979066,19700,True,75,0.07607600000000003
OR5x100-0.75_9.dat,GA-FIX-UX+BF3,1,59453.0,1.8157263370012515,19700,True,15,0.06246800000000003
OR5x100-0.75_9.dat,GA-FIX-UX+BF3,2,59453.0,1.8008960090010078,19700,True,43,0.062164000000000025
OR5x100-0.75_9.dat,GA-FIX-UX+BF3,3,59453.0,1.6178977010022209,19700,True,22,0.07443200000000003
OR5x100-0.75_9.dat,GA-FIX-UX+BF3,4,59453.0,2.024856236002961,19700,True,142,0.07384400000000003
OR5x100-0.75_9.dat,GA-FIX-UX+BF3,5,59453.0,1.8071408190007787,19700,True,44,0.07266000000000003
OR5x100-0.75_9.dat,GA-FIX-UX+BF3,6,59453.0,2.022795422002673,19700,True,47,0.06026400000000003
OR5x100-0.75_9.dat,GA-FIX-UX+BF3,7,59453.0,1.6294196480012033,19700,True,79,0.07266400000000002
OR5x100-0.75_9.dat,GA-FIX-UX+BF3,8,59453.0,1.907537807001063,19700,True,55,0.06675600000000002
OR5x100-0.75_9.dat,GA-FIX-UX+BF3,9,59453.0,2.110313966000831,19700,True,38,0.08050400000000003
OR5x100-0.75_9.dat,GA-QL,0,59453.0,1.514418487000512,19700,True,128,0.06676400000000002
OR5x100-0.75_9.dat,GA-QL,1,59453.0,1.6133730950023164,19700,True,115,0.07241600000000002
OR5x100-0.75_9.dat,GA-QL,2,59363.0,1.1033827959981863,19700,True,190,0.06097200000000002
OR5x100-0.75_9.dat,GA-QL,3,59363.0,1.4944386840033985,19700,True,39,0.06748800000000003
OR5x100-0.75_9.dat,GA-QL,4,59291.0,1.376535650997539,19700,True,21,0.018944000000000003
OR5x100-0.75_9.dat,GA-QL,5,59453.0,1.532306280998455,19700,True,108,0.024068
OR5x100-0.75_9.dat,GA-QL,6,59363.0,1.5370709449998685,19700,True,91,0.05924400000000003
OR5x100-0.75_9.dat,GA-QL,7,59453.0,1.095946183999331,19700,True,42,0.07216400000000002
OR5x100-0.75_9.dat,GA-QL,8,59453.0,1.5473813910030003,19700,True,64,0.055080000000000025
OR5x100-0.75_9.dat,GA-QL,9,59260.0,1.6412969080010953,19700,True,15,0.05950400000000001
OR5x100-0.75_9.dat,GA-QL-T,0,59453.0,1.5418076360001578,19700,True,11,0.08445600000000004
OR5x100-0.75_9.dat,GA-QL-T,1,59453.0,1.3737204670032952,19700,True,12,0.07441600000000002
OR5x100-0.75_9.dat,GA-QL-T,2,59453.0,1.3927063820010517,19700,True,9,0.06277200000000004
OR5x100-0.75_9.dat,GA-QL-T,3,59408.0,1.6378611250001995,19700,True,44,0.06350400000000002
OR5x100-0.75_9.dat,GA-QL-T,4,59453.0,1.830747252999572,19700,True,50,0.06678800000000001
OR5x100-0.75_9.dat,GA-QL-T,5,59453.0,1.6628671580001537,19700,True,8,0.06571600000000002
OR5x100-0.75_9.dat,GA-QL-T,6,59453.0,1.5595019249994948,19700,True,33,0.07031200000000003
OR5x100-0.75_9.dat,GA-QL-T,7,59453.0,1.8718426790001104,19700,True,179,0.05778400000000002
OR5x100-0.75_9.dat,GA-QL-T,8,59453.0,1.8318620159989223,19700,True,79,0.08134800000000002
OR5x100-0.75_9.dat,GA-QL-T,9,59408.0,1.672115830999246,19700,True,31,0.06889600000000003
OR5x100-0.75_9.dat,GA-RAND,0,59453.0,1.4863746860028186,19700,True,82,0.033292
OR5x100-0.75_9.dat,GA-RAND,1,59291.0,1.515097716001037,19700,True,14,0.012068000000000006
OR5x100-0.75_9.dat,GA-RAND,2,59453.0,1.316950281001482,19700,True,94,0.06538400000000003
OR5x100-0.75_9.dat,GA-RAND,3,59453.0,0.9283645070026978,19700,True,70,0.015376000000000006
OR5x100-0.75_9.dat,GA-RAND,4,59367.0,1.501040652001393,19700,True,84,0.05546400000000001
OR5x100-0.75_9.dat,GA-RAND,5,59408.0,1.450225798998872,19700,True,87,0.020596000000000007
OR5x100-0.75_9.dat,GA-RAND,6,59408.0,1.4989835269989271,19700,True,59,0.03252
OR5x100-0.75_9.dat,GA-RAND,7,59453.0,1.454662180000014,19700,True,110,0.06688400000000001
OR5x100-0.75_9.dat,GA-RAND,8,59453.0,1.4504691080001066,19700,True,76,0.055276000000000006
OR5x100-0.75_9.dat,GA-RAND,9,59313.0,0.9078557280008681,19700,True,39,0.07696800000000001
OR5x100-0.75_9.dat,GA-UCB,0,59453.0,1.461529550000705,19700,True,113,0.06786400000000004
OR5x100-0.75_9.dat,GA-UCB,1,59453.0,1.5035007980004593,19700,True,152,0.028552000000000004
OR5x100-0.75_9.dat,GA-UCB,2,59453.0,1.505415150000772,19700,True,60,0.06016400000000001
OR5x100-0.75_9.dat,GA-UCB,3,59453.0,1.0956344969999918,19700,True,57,0.05199600000000002
OR5x100-0.75_9.dat,GA-UCB,4,59298.0,1.439866050001001,19700,True,184,0.16069600000000006
OR5x100-0.75_9.dat,GA-UCB,5,59266.0,1.5717880060001335,19700,True,15,0.051564000000000006
OR5x100-0.75_9.dat,GA-UCB,6,59453.0,1.5366386390014668,19700,True,90,0.028088000000000012
OR5x100-0.75_9.dat,GA-UCB,7,59453.0,1.427327470999444,19700,True,32,0.03586000000000002
OR5x100-0.75_9.dat,GA-UCB,8,59453.0,1.5030787200012128,19700,True,91,0.026896000000000003
OR5x100-0.75_9.dat,GA-UCB,9,59453.0,1.5813813950007898,19700,True,131,0.05700400000000001
OR5x250-0.25_1.dat,GA,0,59164.0,3.2739369379996788,19700,True,19,0.0034112000000000014
OR5x250-0.25_1.dat,GA,1,59089.0,3.2570707720005885,19700,True,77,0.006652800000000001
OR5x250-0.25_1.dat,GA,2,59157.0,3.1447526490010205,19700,True,16,0.0031488000000000015
OR5x250-0.25_1.dat,GA,3,59062.0,2.548942127999908,19700,True,36,0.0059088000000000005
OR5x250-0.25_1.dat,GA,4,59106.0,2.30982880800002,19700,True,15,0.004060800000000002
OR5x250-0.25_1.dat,GA,5,59045.0,3.3350583909996203,19700,True,21,0.0044848000000000015
OR5x250-0.25_1.dat,GA,6,59005.0,3.221691771999758,19700,True,62,0.003136000000000002
OR5x250-0.25_1.dat,GA,7,59057.0,2.7773233890002302,19700,True,126,0.0034272000000000018
OR5x250-0.25_1.dat,GA,8,59075.0,2.3662773460018798,19700,True,28,0.0063088
OR5x250-0.25_1.dat,GA,9,59166.0,2.8569763310006238,19700,True,21,0.005364800000000001
OR5x250-0.25_1.dat,GA-FIX-UX+BF3,0,59225.0,3.955455693001568,19700,True,74,0.011150400000000001
OR5x250-0.25_1.dat,GA-FIX-UX+BF3,1,59143.0,2.408166532000905,19700,True,63,0.026558400000000006
OR5x250-0.25_1.dat,GA-FIX-UX+BF3,2,59206.0,3.9244111089974467,19700,True,37,0.017926400000000002
OR5x250-0.25_1.dat,GA-FIX-UX+BF3,3,59135.0,3.97690995600351,19700,True,50,0.013612800000000005
OR5x250-0.25_1.dat,GA-FIX-UX+BF3,4,59206.0,3.9690066229995864,19700,True,23,0.019512000000000005
OR5x250-0.25_1.dat,GA-FIX-UX+BF3,5,59206.0,4.000820026998554,19700,True,21,0.017420800000000004
OR5x250-0.25_1.dat,GA-FIX-UX+BF3,6,59161.0,3.461815274997207,19700,True,48,0.017929600000000004
OR5x250-0.25_1.dat,GA-FIX-UX+BF3,7,59206.0,2.789962413997273,19700,True,23,0.014153600000000004
OR5x250-0.25_1.dat,GA-FIX-UX+BF3,8,59074.0,3.4642202600007295,19700,True,29,0.017376000000000006
OR5x250-0.25_1.dat,GA-FIX-UX+BF3,9,59226.0,3.392794055002014,19700,True,61,0.017331200000000005
OR5x250-0.25_1.dat,GA-QL,0,59124.0,3.617604571998527,19700,True,21,0.012393600000000003
OR5x250-0.25_1.dat,GA-QL,1,59065.0,3.5977752830003737,19700,True,73,0.009012800000000001
OR5x250-0.25_1.dat,GA-QL,2,59206.0,3.6971339020019514,19700,True,29,0.018934400000000004
OR5x250-0.25_1.dat,GA-QL,3,59126.0,3.580153340000834,19700,True,19,0.009772800000000003
OR5x250-0.25_1.dat,GA-QL,4,59206.0,2.5525314480000816,19700,True,30,0.003611200000000002
OR5x250-0.25_1.dat,GA-QL,5,59150.0,3.2282801589972223,19700,True,76,0.018320000000000003
OR5x250-0.25_1.dat,GA-QL,6,59180.0,3.529570770999271,19700,True,17,0.01632640000000001
OR5x250-0.25_1.dat,GA-QL,7,59206.0,3.648128270997404,19700,True,17,0.004364800000000003
OR5x250-0.25_1.dat,GA-QL,8,59156.0,2.899860351000825,19700,True,55,0.019094400000000008
OR5x250-0.25_1.dat,GA-QL,9,59220.0,3.6780481560017506,19700,True,40,0.014873600000000002
OR5x250-0.25_1.dat,GA-QL-T,0,59038.0,3.7178206349999527,19700,True,159,0.006134400000000001
OR5x250-0.25_1.dat,GA-QL-T,1,59144.0,2.6147852729991428,19700,True,88,0.025166400000000002
OR5x250-0.25_1.dat,GA-QL-T,2,59187.0,3.189573563999147,19700,True,136,0.021172800000000006
OR5x250-0.25_1.dat,GA-QL-T,3,59204.0,3.5128603570010455,19700,True,24,0.011897600000000005
OR5x250-0.25_1.dat,GA-QL-T,4,59168.0,3.5234887279984832,19700,True,37,0.009168000000000003
OR5x250-0.25_1.dat,GA-QL-T,5,59184.0,3.744699001999834,19700,True,63,0.006208000000000002
OR5x250-0.25_1.dat,GA-QL-T,6,59136.0,3.4816330339999695,19700,True,19,0.010340800000000006
OR5x250-0.25_1.dat,GA-QL-T,7,59101.0,2.9358688089996576,19700,True,26,0.0072320000000000014
OR5x250-0.25_1.dat,GA-QL-T,8,59181.0,3.6378620859977673,19700,True,87,0.010502400000000002
OR5x250-0.25_1.dat,GA-QL-T,9,59206.0,3.7276599739998346,19700,True,20,0.0195392
OR5x250-0.25_1.dat,GA-RAND,0,59206.0,3.54427890900115,19700,True,107,0.002806400000000002
OR5x250-0.25_1.dat,GA-RAND,1,59157.0,3.623804127000767,19700,True,20,0.003734400000000002
OR5x250-0.25_1.dat,GA-RAND,2,59206.0,3.5893389270022453,19700,True,14,0.006961600000000003
OR5x250-0.25_1.dat,GA-RAND,3,59185.0,3.557518114001141,19700,True,90,0.005622400000000002
OR5x250-0.25_1.dat,GA-RAND,4,59162.0,2.747800488003122,19700,True,16,0.0031552000000000017
OR5x250-0.25_1.dat,GA-RAND,5,59090.0,3.46521765199941,19700,True,19,0.016003200000000006
OR5x250-0.25_1.dat,GA-RAND,6,59218.0,3.1248634359981224,19700,True,143,0.022564800000000013
OR5x250-0.25_1.dat,GA-RAND,7,59206.0,3.6116524480021326,19700,True,28,0.003462400000000002
OR5x250-0.25_1.dat,GA-RAND,8,59225.0,3.1992474740000034,19700,True,16,0.002337600000000001
OR5x250-0.25_1.dat,GA-RAND,9,59161.0,3.5977454900021257,19700,True,31,0.008867200000000004
OR5x250-0.25_1.dat,GA-UCB,0,59113.0,2.8074878770021314,19700,True,115,0.008238400000000002
OR5x250-0.25_1.dat,GA-UCB,1,59136.0,3.6003063889984332,19700,True,46,0.006540800000000004
OR5x250-0.25_1.dat,GA-UCB,2,59133.0,3.3908197519995156,19700,True,34,0.01548
OR5x250-0.25_1.dat,GA-UCB,3,59130.0,3.5451896809972823,19700,True,17,0.008075200000000003
OR5x250-0.25_1.dat,GA-UCB,4,59168.0,2.214748917001998,19700,True,20,0.009763200000000001
OR5x250-0.25_1.dat,GA-UCB,5,59175.0,3.6449840559980657,19700,True,113,0.005755200000000004
OR5x250-0.25_1.dat,GA-UCB,6,59108.0,3.5784826439994504,19700,True,117,0.008833600000000002
OR5x250-0.25_1.dat,GA-UCB,7,59125.0,3.6605863620025048,19700,True,18,0.012275200000000005
OR5x250-0.25_1.dat,GA-UCB,8,59203.0,3.3151393820007797,19700,True,25,0.006318400000000003
OR5x250-0.25_1.dat,GA-UCB,9,59028.0,2.2505962819996057,19700,True,14,0.008104000000000002
OR5x250-0.25_10.dat,GA,0,58617.0,3.1963935470012075,19700,True,178,0.0028288000000000015
OR5x250-0.25_10.dat,GA,1,58687.0,2.7922605109997676,19700,True,151,0.013409599999999999
OR5x250-0.25_10.dat,GA,2,58587.0,3.259960980998585,19700,True,23,0.0155872
OR5x250-0.25_10.dat,GA,3,58759.0,3.084385221998673,19700,True,87,0.009076800000000003
OR5x250-0.25_10.dat,GA,4,58664.0,3.238541743001406,19700,True,55,0.005577600000000003
OR5x250-0.25_10.dat,GA,5,58525.0,2.506566232001205,19700,True,27,0.007740800000000003
OR5x250-0.25_10.dat,GA,6,58610.0,3.206066421000287,19700,True,26,0.008619200000000002
OR5x250-0.25_10.dat,GA,7,58559.0,2.981660704001115,19700,True,14,0.005448000000000003
OR5x250-0.25_10.dat,GA,8,58580.0,3.193508733998897,19700,True,90,0.007137600000000001
OR5x250-0.25_10.dat,GA,9,58518.0,2.9255377759982366,19700,True,14,0.011299199999999999
OR5x250-0.25_10.dat,GA-FIX-UX+BF3,0,58682.0,3.920570439000585,19700,True,42,0.025926400000000002
OR5x250-0.25_10.dat,GA-FIX-UX+BF3,1,58797.0,2.9938845899996522,19700,True,200,0.03101280000000001
OR5x250-0.25_10.dat,GA-FIX-UX+BF3,2,58702.0,4.011509218002175,19700,True,190,0.04240800000000001
OR5x250-0.25_10.dat,GA-FIX-UX+BF3,3,58762.0,3.8538034640005208,19700,True,67,0.028948800000000007
OR5x250-0.25_10.dat,GA-FIX-UX+BF3,4,58777.0,3.8962242269990384,19700,True,42,0.0346016
OR5x250-0.25_10.dat,GA-FIX-UX+BF3,5,58760.0,3.7732734580022225,19700,True,44,0.020633600000000002
OR5x250-0.25_10.dat,GA-FIX-UX+BF3,6,58760.0,2.7587130370011437,19700,True,28,0.026305600000000005
OR5x250-0.25_10.dat,GA-FIX-UX+BF3,7,58760.0,3.827438237000024,19700,True,41,0.022014400000000007
OR5x250-0.25_10.dat,GA-FIX-UX+BF3,8,58714.0,3.934270090001519,19700,True,61,0.025776000000000004
OR5x250-0.25_10.dat,GA-FIX-UX+BF3,9,58778.0,3.8746961149990966,19700,True,17,0.025420800000000007
OR5x250-0.25_10.dat,GA-QL,0,58746.0,3.5536287989998527,19700,True,33,0.002984000000000002
OR5x250-0.25_10.dat,GA-QL,1,58653.0,3.536232310001651,19700,True,54,0.03750080000000001
OR5x250-0.25_10.dat,GA-QL,2,58737.0,2.8840289319996373,19700,True,37,0.004779200000000001
OR5x250-0.25_10.dat,GA-QL,3,58737.0,3.5145966009986296,19700,True,84,0.004193600000000003
OR5x250-0.25_10.dat,GA-QL,4,58652.0,2.568846931000735,19700,True,22,0.005273600000000003
OR5x250-0.25_10.dat,GA-QL,5,58648.0,3.4312429989986413,19700,True,25,0.0167184
OR5x250-0.25_10.dat,GA-QL,6,58760.0,3.630030792999605,19700,True,25,0.009051200000000002
OR5x250-0.25_10.dat,GA-QL,7,58738.0,3.6174415570021665,19700,True,162,0.031160000000000007
OR5x250-0.25_10.dat,GA-QL,8,58757.0,3.571022895997885,19700,True,18,0.0176
OR5x250-0.25_10.dat,GA-QL,9,58701.0,3.6397653249987343,19700,True,21,0.020892800000000003
OR5x250-0.25_10.dat,GA-QL-T,0,58708.0,2.968549871002324,19700,True,47,0.015456000000000006
OR5x250-0.25_10.dat,GA-QL-T,1,58680.0,2.342216106997512,19700,True,68,0.008435200000000002
OR5x250-0.25_10.dat,GA-QL-T,2,58789.0,3.670113483000023,19700,True,50,0.004048000000000002
OR5x250-0.25_10.dat,GA-QL-T,3,58722.0,3.659598645001097,19700,True,46,0.028587200000000004
OR5x250-0.25_10.dat,GA-QL-T,4,58717.0,3.557418300999416,19700,True,19,0.006236800000000004
OR5x250-0.25_10.dat,GA-QL-T,5,58699.0,2.2871774900013406,19700,True,23,0.006486400000000002
OR5x250-0.25_10.dat,GA-QL-T,6,58760.0,3.5772452689998318,19700,True,36,0.012153600000000004
OR5x250-0.25_10.dat,GA-QL-T,7,58799.0,2.9877705440012505,19700,True,143,0.015491200000000004
OR5x250-0.25_10.dat,GA-QL-T,8,58739.0,3.6987427749991184,19700,True,61,0.013233600000000002
OR5x250-0.25_10.dat,GA-QL-T,9,58782.0,3.3500346490000084,19700,True,26,0.024385600000000004
OR5x250-0.25_10.dat,GA-RAND,0,58707.0,3.695194348001678,19700,True,27,0.008985600000000002
OR5x250-0.25_10.dat,GA-RAND,1,58699.0,3.5936100550025003,19700,True,24,0.0117616
OR5x250-0.25_10.dat,GA-RAND,2,58810.0,2.0997538579977117,19700,True,133,0.016721600000000003
OR5x250-0.25_10.dat,GA-RAND,3,58806.0,3.1768849170002795,19700,True,26,0.011336000000000004
OR5x250-0.25_10.dat,GA-RAND,4,58751.0,3.6835781510017114,19700,True,19,0.011256000000000002
OR5x250-0.25_10.dat,GA-RAND,5,58753.0,3.577413338000042,19700,True,28,0.02583680000000001
OR5x250-0.25_10.dat,GA-RAND,6,58665.0,2.363289414999599,19700,True,42,0.009304000000000002
OR5x250-0.25_10.dat,GA-RAND,7,58830.0,3.4387503569996625,19700,True,22,0.006964800000000004
OR5x250-0.25_10.dat,GA-RAND,8,58775.0,3.7006106080007157,19700,True,32,0.008376
OR5x250-0.25_10.dat,GA-RAND,9,58738.0,3.597082443000545,19700,True,35,0.017320000000000006
OR5x250-0.25_10.dat,GA-UCB,0,58655.0,2.9041461540000455,19700,True,21,0.005656000000000002
OR5x250-0.25_10.dat,GA-UCB,1,58725.0,2.3041536060009093,19700,True,24,0.013857600000000005
OR5x250-0.25_10.dat,GA-UCB,2,58723.0,3.525682555999083,19700,True,57,0.019076800000000005
OR5x250-0.25_10.dat,GA-UCB,3,58791.0,3.5897630589970504,19700,True,37,0.026560000000000004
OR5x250-0.25_10.dat,GA-UCB,4,58706.0,3.467337393998605,19700,True,26,0.0130976
OR5x250-0.25_10.dat,GA-UCB,5,58756.0,3.543193590001465,19700,True,104,0.013148800000000006
OR5x250-0.25_10.dat,GA-UCB,6,58821.0,3.583555997000076,19700,True,170,0.0336336
OR5x250-0.25_10.dat,GA-UCB,7,58700.0,3.209204515998863,19700,True,18,0.015331200000000003
OR5x250-0.25_10.dat,GA-UCB,8,58745.0,2.9650162430007185,19700,True,33,0.010787200000000002
OR5x250-0.25_10.dat,GA-UCB,9,58707.0,3.3514926739990187,19700,True,38,0.010126400000000004
OR5x250-0.25_2.dat,GA,0,61318.0,2.3652256909990683,19700,True,22,0.0014160000000000006
OR5x250-0.25_2.dat,GA,1,61280.0,3.2303717879985925,19700,True,81,0.0054944
OR5x250-0.25_2.dat,GA,2,61168.0,2.65571467799964,19700,True,59,0.009609600000000001
OR5x250-0.25_2.dat,GA,3,61341.0,3.217800824000733,19700,True,179,0.0015776000000000008
OR5x250-0.25_2.dat,GA,4,61287.0,2.0414177229977213,19700,True,21,0.004808000000000002
OR5x250-0.25_2.dat,GA,5,61353.0,2.8940018270004657,19700,True,22,0.005633600000000002
OR5x250-0.25_2.dat,GA,6,61262.0,3.2232438609971723,19700,True,170,0.003987200000000002
OR5x250-0.25_2.dat,GA,7,61280.0,3.2224035670005833,19700,True,16,0.002505600000000001
OR5x250-0.25_2.dat,GA,8,61435.0,3.2421852869993018,19700,True,145,0.003272000000000002
OR5x250-0.25_2.dat,GA,9,61344.0,3.102983705997758,19700,True,121,0.0075552000000000015
OR5x250-0.25_2.dat,GA-FIX-UX+BF3,0,61343.0,3.337502812999446,19700,True,146,0.027867200000000005
OR5x250-0.25_2.dat,GA-FIX-UX+BF3,1,61376.0,3.9561335840007814,19700,True,70,0.016086400000000004
OR5x250-0.25_2.dat,GA-FIX-UX+BF3,2,61369.0,3.884222229000443,19700,True,16,0.013784000000000003
OR5x250-0.25_2.dat,GA-FIX-UX+BF3,3,61450.0,3.8966104319988517,19700,True,18,0.008228800000000003
OR5x250-0.25_2.dat,GA-FIX-UX+BF3,4,61410.0,3.1687384550023125,19700,True,36,0.021180800000000007
OR5x250-0.25_2.dat,GA-FIX-UX+BF3,5,61369.0,3.756643573000474,19700,True,31,0.013067200000000003
OR5x250-0.25_2.dat,GA-FIX-UX+BF3,6,61435.0,3.7100393059990893,19700,True,101,0.01900320000000001
OR5x250-0.25_2.dat,GA-FIX-UX+BF3,7,61305.0,3.9046117319994664,19700,True,23,0.017067200000000005
OR5x250-0.25_2.dat,GA-FIX-UX+BF3,8,61376.0,3.925984942001378,19700,True,158,0.020836800000000003
OR5x250-0.25_2.dat,GA-FIX-UX+BF3,9,61446.0,3.954331106000609,19700,True,18,0.015724800000000004
OR5x250-0.25_2.dat,GA-QL,0,61435.0,2.6079399250011193,19700,True,143,0.015281600000000003
OR5x250-0.25_2.dat,GA-QL,1,61350.0,3.6647677770015434,19700,True,90,0.010544000000000001
OR5x250-0.25_2.dat,GA-QL,2,61329.0,3.674884698000824,19700,True,32,0.012955200000000002
OR5x250-0.25_2.dat,GA-QL,3,61375.0,2.6916383750030946,19700,True,23,0.015104000000000006
OR5x250-0.25_2.dat,GA-QL,4,61323.0,3.601274088003265,19700,True,58,0.008336000000000001
OR5x250-0.25_2.dat,GA-QL,5,61312.0,2.9581903940015764,19700,True,22,0.0023632000000000015
OR5x250-0.25_2.dat,GA-QL,6,61424.0,3.5775610889977543,19700,True,16,0.01831360000000001
OR5x250-0.25_2.dat,GA-QL,7,61286.0,3.612949057998776,19700,True,19,0.012532800000000005
OR5x250-0.25_2.dat,GA-QL,8,61307.0,3.4082482019985036,19700,True,22,0.016411200000000004
OR5x250-0.25_2.dat,GA-QL,9,61290.0,2.6956334139977116,19700,True,17,0.005593600000000002
OR5x250-0.25_2.dat,GA-QL-T,0,61290.0,3.6659651570007554,19700,True,40,0.016385600000000004
OR5x250-0.25_2.dat,GA-QL-T,1,61295.0,3.4716495079992455,19700,True,185,0.010153600000000002
OR5x250-0.25_2.dat,GA-QL-T,2,61395.0,3.3019343269988894,19700,True,139,0.010078400000000001
OR5x250-0.25_2.dat,GA-QL-T,3,61450.0,2.6825809469992237,19700,True,26,0.020376000000000005
OR5x250-0.25_2.dat,GA-QL-T,4,61331.0,3.6477306929991755,19700,True,17,0.015297600000000003
OR5x250-0.25_2.dat,GA-QL-T,5,61346.0,3.5318852119999065,19700,True,44,0.005884800000000002
OR5x250-0.25_2.dat,GA-QL-T,6,61400.0,3.3391631030026474,19700,True,24,0.010014400000000001
OR5x250-0.25_2.dat,GA-QL-T,7,61410.0,3.728660837998177,19700,True,30,0.012288000000000004
OR5x250-0.25_2.dat,GA-QL-T,8,61416.0,2.3645650970029237,19700,True,19,0.02031520000000001
OR5x250-0.25_2.dat,GA-QL-T,9,61375.0,3.6641482999984873,19700,True,26,0.0028352000000000013
OR5x250-0.25_2.dat,GA-RAND,0,61303.0,3.478065293002146,19700,True,87,0.0028384000000000018
OR5x250-0.25_2.dat,GA-RAND,1,61343.0,3.087002599000698,19700,True,21,0.006211200000000002
OR5x250-0.25_2.dat,GA-RAND,2,61396.0,2.642527951997181,19700,True,35,0.011868800000000004
OR5x250-0.25_2.dat,GA-RAND,3,61299.0,3.5054342600014934,19700,True,25,0.0026640000000000014
OR5x250-0.25_2.dat,GA-RAND,4,61336.0,3.594684246003453,19700,True,31,0.003152000000000002
OR5x250-0.25_2.dat,GA-RAND,5,61270.0,2.849858747002145,19700,True,19,0.017825600000000004
OR5x250-0.25_2.dat,GA-RAND,6,61294.0,3.5778863260020444,19700,True,20,0.007172800000000001
OR5x250-0.25_2.dat,GA-RAND,7,61412.0,2.6731244910006353,19700,True,25,0.0038992000000000015
OR5x250-0.25_2.dat,GA-RAND,8,61383.0,3.6317860070012102,19700,True,19,0.004073600000000002
OR5x250-0.25_2.dat,GA-RAND,9,61358.0,3.157695411999157,19700,True,25,0.010508800000000002
OR5x250-0.25_2.dat,GA-UCB,0,61435.0,3.6304691119985364,19700,True,180,0.005574400000000003
OR5x250-0.25_2.dat,GA-UCB,1,61292.0,3.6423815800008015,19700,True,18,0.005606400000000002
OR5x250-0.25_2.dat,GA-UCB,2,61280.0,3.720595577997301,19700,True,27,0.009224000000000003
OR5x250-0.25_2.dat,GA-UCB,3,61286.0,3.49875907599926,19700,True,22,0.011179200000000002
OR5x250-0.25_2.dat,GA-UCB,4,61369.0,3.464278354000271,19700,True,48,0.010451200000000004
OR5x250-0.25_2.dat,GA-UCB,5,61299.0,2.357309790997533,19700,True,171,0.005425600000000001
OR5x250-0.25_2.dat,GA-UCB,6,61435.0,3.5756922909968125,19700,True,89,0.0063056000000000015
OR5x250-0.25_2.dat,GA-UCB,7,61362.0,3.7101456230011536,19700,True,173,0.007780800000000001
OR5x250-0.25_2.dat,GA-UCB,8,61435.0,3.8220781139971223,19700,True,151,0.006331200000000003
OR5x250-0.25_2.dat,GA-UCB,9,61381.0,3.6575156830003834,19700,True,77,0.012584000000000003
OR5x250-0.25_3.dat,GA,0,61808.0,3.1055276869992667,19700,True,20,0.004200000000000003
OR5x250-0.25_3.dat,GA,1,61878.0,2.060843872000987,19700,True,17,0.0110016
OR5x250-0.25_3.dat,GA,2,61930.0,3.2035216289987147,19700,True,17,0.0063472000000000025
OR5x250-0.25_3.dat,GA,3,61898.0,1.927824326998234,19700,True,154,0.003304000000000002
OR5x250-0.25_3.dat,GA,4,61887.0,3.2715011949985637,19700,True,22,0.006851200000000004
OR5x250-0.25_3.dat,GA,5,62130.0,3.2226470299974608,19700,True,140,0.003576000000000002
OR5x250-0.25_3.dat,GA,6,61951.0,3.1993525530015177,19700,True,17,0.003452800000000002
OR5x250-0.25_3.dat,GA,7,61764.0,3.2049230140000873,19700,True,15,0.005745600000000002
OR5x250-0.25_3.dat,GA,8,61900.0,3.1309522749979806,19700,True,185,0.004950400000000002
OR5x250-0.25_3.dat,GA,9,61943.0,3.2874931920014205,19700,True,144,0.004640000000000001
OR5x250-0.25_3.dat,GA-FIX-UX+BF3,0,61990.0,3.881565904997842,19700,True,68,0.017678400000000004
OR5x250-0.25_3.dat,GA-FIX-UX+BF3,1,61980.0,3.866602469999634,19700,True,18,0.012448000000000002
OR5x250-0.25_3.dat,GA-FIX-UX+BF3,2,61981.0,3.7038997290001134,19700,True,100,0.024598400000000006
OR5x250-0.25_3.dat,GA-FIX-UX+BF3,3,61993.0,3.9529906140014646,19700,True,22,0.011449600000000004
OR5x250-0.25_3.dat,GA-FIX-UX+BF3,4,61957.0,3.7981492129983963,19700,True,20,0.021924800000000005
OR5x250-0.25_3.dat,GA-FIX-UX+BF3,5,61957.0,3.5330668930000684,19700,True,18,0.012361600000000004
OR5x250-0.25_3.dat,GA-FIX-UX+BF3,6,61981.0,3.961296025001502,19700,True,28,0.015388800000000006
OR5x250-0.25_3.dat,GA-FIX-UX+BF3,7,62021.0,3.967321757998434,19700,True,31,0.015065600000000002
OR5x250-0.25_3.dat,GA-FIX-UX+BF3,8,62015.0,4.163684237999405,19700,True,37,0.014926400000000006
OR5x250-0.25_3.dat,GA-FIX-UX+BF3,9,62013.0,3.496665283000766,19700,True,86,0.013459200000000004
OR5x250-0.25_3.dat,GA-QL,0,61952.0,3.5791577320014767,19700,True,17,0.004400000000000002
OR5x250-0.25_3.dat,GA-QL,1,61990.0,3.293642634002026,19700,True,117,0.004177600000000003
OR5x250-0.25_3.dat,GA-QL,2,61938.0,2.9529218830030004,19700,True,19,0.0026512000000000016
OR5x250-0.25_3.dat,GA-QL,3,61945.0,3.5388350089997402,19700,True,32,0.006638400000000003
OR5x250-0.25_3.dat,GA-QL,4,61961.0,3.6690846650017193,19700,True,17,0.005454400000000003
OR5x250-0.25_3.dat,GA-QL,5,61996.0,3.3453408739987935,19700,True,15,0.005577600000000002
OR5x250-0.25_3.dat,GA-QL,6,61918.0,3.5806362929979514,19700,True,185,0.004209600000000003
OR5x250-0.25_3.dat,GA-QL,7,61989.0,3.993094764999114,19700,True,83,0.015875200000000006
OR5x250-0.25_3.dat,GA-QL,8,61980.0,4.142666226001893,19700,True,15,0.018324800000000002
OR5x250-0.25_3.dat,GA-QL,9,61930.0,2.8978725349988963,19700,True,19,0.0031296000000000015
OR5x250-0.25_3.dat,GA-QL-T,0,61940.0,4.006691865000903,19700,True,35,0.0022048000000000016
OR5x250-0.25_3.dat,GA-QL-T,1,61927.0,4.1031272420004825,19700,True,25,0.019841600000000008
OR5x250-0.25_3.dat,GA-QL-T,2,61970.0,4.016272091001156,19700,True,187,0.009924800000000004
OR5x250-0.25_3.dat,GA-QL-T,3,62001.0,3.839395101000264,19700,True,20,0.0170176
OR5x250-0.25_3.dat,GA-QL-T,4,61956.0,3.7685769439995056,19700,True,181,0.015329600000000004
OR5x250-0.25_3.dat,GA-QL-T,5,61935.0,2.957496615999844,19700,True,15,0.01992320000000001
OR5x250-0.25_3.dat,GA-QL-T,6,62019.0,3.7326614539997536,19700,True,50,0.013456000000000004
OR5x250-0.25_3.dat,GA-QL-T,7,61989.0,3.8089993210014654,19700,True,18,0.017052800000000003
OR5x250-0.25_3.dat,GA-QL-T,8,62019.0,2.8199007459988934,19700,True,23,0.019406400000000004
OR5x250-0.25_3.dat,GA-QL-T,9,62014.0,3.8562046449987974,19700,True,16,0.006964800000000002
OR5x250-0.25_3.dat,GA-RAND,0,62035.0,2.1471849089975876,19700,True,90,0.004984
OR5x250-0.25_3.dat,GA-RAND,1,61924.0,3.5989298239983327,19700,True,17,0.004652800000000002
OR5x250-0.25_3.dat,GA-RAND,2,61960.0,3.5415951479990326,19700,True,15,0.009411200000000003
OR5x250-0.25_3.dat,GA-RAND,3,61958.0,2.6765771780010255,19700,True,78,0.011033600000000003
OR5x250-0.25_3.dat,GA-RAND,4,61953.0,2.6406430399983947,19700,True,55,0.005080000000000002
OR5x250-0.25_3.dat,GA-RAND,5,61866.0,3.395977922999009,19700,True,52,0.024395200000000002
OR5x250-0.25_3.dat,GA-RAND,6,61959.0,3.6016748100009863,19700,True,69,0.014486400000000003
OR5x250-0.25_3.dat,GA-RAND,7,61872.0,3.6254657060017053,19700,True,15,0.0051904
OR5x250-0.25_3.dat,GA-RAND,8,61998.0,3.583813597000699,19700,True,27,0.004364800000000003
OR5x250-0.25_3.dat,GA-RAND,9,61928.0,3.0965297920010926,19700,True,17,0.009088
OR5x250-0.25_3.dat,GA-UCB,0,61901.0,3.564487856998312,19700,True,22,0.014936000000000005
OR5x250-0.25_3.dat,GA-UCB,1,62019.0,2.324656300999777,19700,True,16,0.018516800000000003
OR5x250-0.25_3.dat,GA-UCB,2,61957.0,3.5425940130007803,19700,True,40,0.0015744000000000012
OR5x250-0.25_3.dat,GA-UCB,3,61926.0,3.2526545219989202,19700,True,26,0.021632000000000005
OR5x250-0.25_3.dat,GA-UCB,4,61970.0,3.5188595460022043,19700,True,167,0.0044880000000000015
OR5x250-0.25_3.dat,GA-UCB,5,62045.0,3.109459784998762,19700,True,129,0.0167472
OR5x250-0.25_3.dat,GA-UCB,6,61951.0,3.581506926999282,19700,True,191,0.008825600000000001
OR5x250-0.25_3.dat,GA-UCB,7,61991.0,2.9741647010014276,19700,True,123,0.005904000000000001
OR5x250-0.25_3.dat,GA-UCB,8,61970.0,3.632820697999705,19700,True,34,0.014051200000000003
OR5x250-0.25_3.dat,GA-UCB,9,62057.0,3.182637290999992,19700,True,24,0.0046368000000000026
OR5x250-0.25_4.dat,GA,0,59208.0,3.059692148999602,19700,True,42,0.010307200000000002
OR5x250-0.25_4.dat,GA,1,59230.0,3.213315197997872,19700,True,26,0.009576000000000003
OR5x250-0.25_4.dat,GA,2,59279.0,2.8130150149991096,19700,True,48,0.011897600000000005
OR5x250-0.25_4.dat,GA,3,59123.0,3.3015417240021634,19700,True,22,0.0033200000000000018
OR5x250-0.25_4.dat,GA,4,59165.0,3.339131209999323,19700,True,46,0.008784
OR5x250-0.25_4.dat,GA,5,59145.0,2.991454667000653,19700,True,174,0.0111648
OR5x250-0.25_4.dat,GA,6,59122.0,2.1986144309994415,19700,True,113,0.0066848
OR5x250-0.25_4.dat,GA,7,59214.0,3.3171760360019107,19700,True,57,0.0038704000000000017
OR5x250-0.25_4.dat,GA,8,59053.0,3.263845030000084,19700,True,33,0.009643200000000003
OR5x250-0.25_4.dat,GA,9,59146.0,3.2379268440017768,19700,True,28,0.008638400000000001
OR5x250-0.25_4.dat,GA-FIX-UX+BF3,0,59304.0,3.395404495000548,19700,True,46,0.015636800000000003
OR5x250-0.25_4.dat,GA-FIX-UX+BF3,1,59304.0,3.2760709559988754,19700,True,32,0.022398400000000006
OR5x250-0.25_4.dat,GA-FIX-UX+BF3,2,59395.0,4.086248085997795,19700,True,26,0.021486400000000003
OR5x250-0.25_4.dat,GA-FIX-UX+BF3,3,59268.0,4.092631472001813,19700,True,63,0.03071840000000001
OR5x250-0.25_4.dat,GA-FIX-UX+BF3,4,59312.0,4.049975302998064,19700,True,127,0.03207840000000001
OR5x250-0.25_4.dat,GA-FIX-UX+BF3,5,59297.0,4.181443051002134,19700,True,49,0.020049600000000004
OR5x250-0.25_4.dat,GA-FIX-UX+BF3,6,59299.0,3.963898664998851,19700,True,77,0.028588800000000004
OR5x250-0.25_4.dat,GA-FIX-UX+BF3,7,59319.0,3.0103569170023547,19700,True,59,0.029372800000000004
OR5x250-0.25_4.dat,GA-FIX-UX+BF3,8,59265.0,3.976331953999761,19700,True,20,0.020772800000000004
OR5x250-0.25_4.dat,GA-FIX-UX+BF3,9,59284.0,3.794895009999891,19700,True,68,0.027091200000000006
OR5x250-0.25_4.dat,GA-QL,0,59190.0,2.729618126999412,19700,True,27,0.02875840000000001
OR5x250-0.25_4.dat,GA-QL,1,59313.0,3.5941725810007483,19700,True,170,0.03610080000000001
OR5x250-0.25_4.dat,GA-QL,2,59259.0,3.4834311890008394,19700,True,28,0.013342400000000003
OR5x250-0.25_4.dat,GA-QL,3,59273.0,3.7327946680015884,19700,True,30,0.015568000000000004
OR5x250-0.25_4.dat,GA-QL,4,59178.0,3.767778499000997,19700,True,28,0.008190400000000004
OR5x250-0.25_4.dat,GA-QL,5,59254.0,3.1874895059991104,19700,True,97,0.005028799999999999
OR5x250-0.25_4.dat,GA-QL,6,59245.0,3.854298453999945,19700,True,162,0.03060000000000001
OR5x250-0.25_4.dat,GA-QL,7,59347.0,3.7454595910021453,19700,True,113,0.015430400000000002
OR5x250-0.25_4.dat,GA-QL,8,59412.0,3.9247095470018394,19700,True,25,0.011195200000000004
OR5x250-0.25_4.dat,GA-QL,9,59164.0,3.68918351100001,19700,True,19,0.023200000000000002
OR5x250-0.25_4.dat,GA-QL-T,0,59268.0,3.695679780001228,19700,True,85,0.008499200000000004
OR5x250-0.25_4.dat,GA-QL-T,1,59295.0,3.0505562709986407,19700,True,36,0.019043200000000007
OR5x250-0.25_4.dat,GA-QL-T,2,59193.0,3.91370106499744,19700,True,70,0.010875200000000003
OR5x250-0.25_4.dat,GA-QL-T,3,59299.0,3.713060375997884,19700,True,42,0.022238400000000005
OR5x250-0.25_4.dat,GA-QL-T,4,59279.0,3.5663208379992284,19700,True,76,0.009267200000000003
OR5x250-0.25_4.dat,GA-QL-T,5,59337.0,3.709195693001675,19700,True,26,0.018974400000000002
OR5x250-0.25_4.dat,GA-QL-T,6,59167.0,3.4804098710010294,19700,True,27,0.007854400000000003
OR5x250-0.25_4.dat,GA-QL-T,7,59225.0,3.5515318020006816,19700,True,37,0.0068976
OR5x250-0.25_4.dat,GA-QL-T,8,59217.0,3.29909146099817,19700,True,35,0.018904000000000004
OR5x250-0.25_4.dat,GA-QL-T,9,59260.0,3.5145846430023084,19700,True,29,0.006438400000000001
OR5x250-0.25_4.dat,GA-RAND,0,59279.0,3.9147964080002566,19700,True,178,0.004856000000000003
OR5x250-0.25_4.dat,GA-RAND,1,59247.0,3.7534922679988085,19700,True,41,0.008104000000000004
OR5x250-0.25_4.dat,GA-RAND,2,59315.0,3.2827255390002392,19700,True,80,0.009756800000000003
OR5x250-0.25_4.dat,GA-RAND,3,59281.0,3.7668317740026396,19700,True,99,0.015328000000000001
OR5x250-0.25_4.dat,GA-RAND,4,59283.0,3.8087615959993855,19700,True,99,0.005448000000000003
OR5x250-0.25_4.dat,GA-RAND,5,59237.0,3.5776143580005737,19700,True,152,0.0313712
OR5x250-0.25_4.dat,GA-RAND,6,59206.0,3.566258150000067,19700,True,110,0.027670400000000008
OR5x250-0.25_4.dat,GA-RAND,7,59244.0,3.664627456000744,19700,True,88,0.017443200000000006
OR5x250-0.25_4.dat,GA-RAND,8,59254.0,3.1026848550027353,19700,True,45,0.005105600000000003
OR5x250-0.25_4.dat,GA-RAND,9,59327.0,3.613965200001985,19700,True,29,0.012649600000000004
OR5x250-0.25_4.dat,GA-UCB,0,59309.0,3.0600100199990266,19700,True,50,0.011360000000000004
OR5x250-0.25_4.dat,GA-UCB,1,59269.0,3.4340689509990625,19700,True,21,0.006841600000000002
OR5x250-0.25_4.dat,GA-UCB,2,59284.0,3.2620889819991135,19700,True,155,0.03382240000000001
OR5x250-0.25_4.dat,GA-UCB,3,59253.0,3.527080289000878,19700,True,114,0.026118400000000003
OR5x250-0.25_4.dat,GA-UCB,4,59241.0,3.423993271000654,19700,True,111,0.0073168000000000035
OR5x250-0.25_4.dat,GA-UCB,5,59176.0,3.5688540909977746,19700,True,67,0.012876800000000002
OR5x250-0.25_4.dat,GA-UCB,6,59223.0,2.761908508000488,19700,True,23,0.011028800000000002
OR5x250-0.25_4.dat,GA-UCB,7,59381.0,3.5747012030005862,19700,True,47,0.015345600000000004
OR5x250-0.25_4.dat,GA-UCB,8,59299.0,3.4116463940008543,19700,True,177,0.008113600000000002
OR5x250-0.25_4.dat,GA-UCB,9,59269.0,3.6183050209983776,19700,True,42,0.006609600000000001
OR5x250-0.25_5.dat,GA,0,58671.0,3.454562545000954,19700,True,74,0.010076800000000002
OR5x250-0.25_5.dat,GA,1,58703.0,3.4086662530025933,19700,True,186,0.007502400000000001
OR5x250-0.25_5.dat,GA,2,58626.0,2.5840844580015983,19700,True,18,0.0120224
OR5x250-0.25_5.dat,GA,3,58658.0,3.3153501190026873,19700,True,135,0.004678400000000003
OR5x250-0.25_5.dat,GA,4,58564.0,3.447921930997836,19700,True,20,0.008723200000000002
OR5x250-0.25_5.dat,GA,5,58717.0,3.0123112280016358,19700,True,130,0.0092272
OR5x250-0.25_5.dat,GA,6,58808.0,3.197562753000966,19700,True,111,0.008408
OR5x250-0.25_5.dat,GA,7,58621.0,3.176815702998283,19700,True,155,0.014236800000000003
OR5x250-0.25_5.dat,GA,8,58716.0,3.257026310002402,19700,True,38,0.0119376
OR5x250-0.25_5.dat,GA,9,58808.0,3.1167543410010694,19700,True,27,0.013233600000000003
OR5x250-0.25_5.dat,GA-FIX-UX+BF3,0,58827.0,3.9355025270015176,19700,True,63,0.041091200000000015
OR5x250-0.25_5.dat,GA-FIX-UX+BF3,1,58738.0,3.3130896740003664,19700,True,167,0.027921600000000005
OR5x250-0.25_5.dat,GA-FIX-UX+BF3,2,58866.0,4.030828622999252,19700,True,57,0.02568000000000001
OR5x250-0.25_5.dat,GA-FIX-UX+BF3,3,58745.0,3.2530366540013347,19700,True,178,0.053996800000000005
OR5x250-0.25_5.dat,GA-FIX-UX+BF3,4,58746.0,3.908882353000081,19700,True,21,0.018646400000000007
OR5x250-0.25_5.dat,GA-FIX-UX+BF3,5,58846.0,3.8700640740025847,19700,True,109,0.019347200000000005
OR5x250-0.25_5.dat,GA-FIX-UX+BF3,6,58739.0,3.919225218000065,19700,True,154,0.035835200000000005
OR5x250-0.25_5.dat,GA-FIX-UX+BF3,7,58746.0,2.7581348060011806,19700,True,29,0.01830720000000001
OR5x250-0.25_5.dat,GA-FIX-UX+BF3,8,58757.0,3.5976087560011365,19700,True,88,0.028254400000000002
OR5x250-0.25_5.dat,GA-FIX-UX+BF3,9,58783.0,3.711446107001393,19700,True,62,0.030681600000000003
OR5x250-0.25_5.dat,GA-QL,0,58739.0,2.9219644270015124,19700,True,24,0.028190400000000004
OR5x250-0.25_5.dat,GA-QL,1,58820.0,3.2497825469981763,19700,True,194,0.029984000000000004
OR5x250-0.25_5.dat,GA-QL,2,58830.0,3.7308426549971045,19700,True,42,0.021934400000000003
OR5x250-0.25_5.dat,GA-QL,3,58821.0,3.64315380500193,19700,True,41,0.018556800000000005
OR5x250-0.25_5.dat,GA-QL,4,58599.0,3.6496518370004196,19700,True,99,0.011883200000000002
OR5x250-0.25_5.dat,GA-QL,5,58736.0,3.571490510003059,19700,True,145,0.03970400000000001
OR5x250-0.25_5.dat,GA-QL,6,58741.0,3.7804084649978904,19700,True,27,0.009496000000000003
OR5x250-0.25_5.dat,GA-QL,7,58747.0,3.8981786650001595,19700,True,182,0.015622400000000003
OR5x250-0.25_5.dat,GA-QL,8,58796.0,3.0216463549986656,19700,True,143,0.019054400000000006
OR5x250-0.25_5.dat,GA-QL,9,58780.0,3.6918080100003863,19700,True,28,0.011784000000000005
OR5x250-0.25_5.dat,GA-QL-T,0,58856.0,3.6605465280008502,19700,True,35,0.014337600000000004
OR5x250-0.25_5.dat,GA-QL-T,1,58839.0,3.9153846480003267,19700,True,44,0.006683200000000003
OR5x250-0.25_5.dat,GA-QL-T,2,58795.0,3.7589495649990567,19700,True,83,0.0107632
OR5x250-0.25_5.dat,GA-QL-T,3,58784.0,3.7115614020003704,19700,True,104,0.003608000000000002
OR5x250-0.25_5.dat,GA-QL-T,4,58733.0,3.801980532000016,19700,True,22,0.009696
OR5x250-0.25_5.dat,GA-QL-T,5,58768.0,3.8207748339991667,19700,True,63,0.0105488
OR5x250-0.25_5.dat,GA-QL-T,6,58810.0,3.7009960180002963,19700,True,125,0.016950400000000004
OR5x250-0.25_5.dat,GA-QL-T,7,58820.0,3.5001930430007633,19700,True,50,0.018016000000000004
OR5x250-0.25_5.dat,GA-QL-T,8,58798.0,3.240333573998214,19700,True,68,0.0130288
OR5x250-0.25_5.dat,GA-QL-T,9,58806.0,3.6137061400004313,19700,True,32,0.0053232
OR5x250-0.25_5.dat,GA-RAND,0,58811.0,3.6949017260012624,19700,True,23,0.007704000000000002
OR5x250-0.25_5.dat,GA-RAND,1,58697.0,3.5654689639995922,19700,True,163,0.007564800000000001
OR5x250-0.25_5.dat,GA-RAND,2,58666.0,2.8894087899971055,19700,True,25,0.0104544
OR5x250-0.25_5.dat,GA-RAND,3,58746.0,3.248150318999251,19700,True,21,0.011216000000000005
OR5x250-0.25_5.dat,GA-RAND,4,58713.0,3.4833192299993243,19700,True,36,0.006990400000000003
OR5x250-0.25_5.dat,GA-RAND,5,58833.0,3.6095996699987154,19700,True,31,0.026803200000000003
OR5x250-0.25_5.dat,GA-RAND,6,58799.0,3.5722859779998544,19700,True,26,0.010777600000000003
OR5x250-0.25_5.dat,GA-RAND,7,58745.0,3.658155209002871,19700,True,150,0.014404800000000004
OR5x250-0.25_5.dat,GA-RAND,8,58758.0,3.5111460499974783,19700,True,32,0.0086672
OR5x250-0.25_5.dat,GA-RAND,9,58840.0,3.5033765900006983,19700,True,173,0.008035200000000001
OR5x250-0.25_5.dat,GA-UCB,0,58785.0,3.473234209999646,19700,True,115,0.024512000000000006
OR5x250-0.25_5.dat,GA-UCB,1,58787.0,3.750029604001611,19700,True,31,0.005884800000000001
OR5x250-0.25_5.dat,GA-UCB,2,58825.0,3.6476762070014956,19700,True,48,0.01344
OR5x250-0.25_5.dat,GA-UCB,3,58706.0,2.444716983001854,19700,True,20,0.0178048
OR5x250-0.25_5.dat,GA-UCB,4,58732.0,3.7211649359996954,19700,True,29,0.022584000000000003
OR5x250-0.25_5.dat,GA-UCB,5,58745.0,3.6500226149983064,19700,True,57,0.017534400000000006
OR5x250-0.25_5.dat,GA-UCB,6,58767.0,3.371985759000381,19700,True,33,0.007862399999999999
OR5x250-0.25_5.dat,GA-UCB,7,58706.0,3.725980224997329,19700,True,29,0.008184000000000002
OR5x250-0.25_5.dat,GA-UCB,8,58798.0,3.5259269919988583,19700,True,171,0.013936000000000004
OR5x250-0.25_5.dat,GA-UCB,9,58751.0,3.672681162999652,19700,True,170,0.0090544
OR5x250-0.25_6.dat,GA,0,59850.0,3.061471540000639,19700,True,17,0.008296
OR5x250-0.25_6.dat,GA,1,59843.0,3.124940797999443,19700,True,97,0.004624000000000002
OR5x250-0.25_6.dat,GA,2,59758.0,3.109132601002784,19700,True,18,0.008747200000000004
OR5x250-0.25_6.dat,GA,3,59767.0,3.2723878709985,19700,True,14,0.010012800000000002
OR5x250-0.25_6.dat,GA,4,59925.0,3.2839825919982104,19700,True,186,0.0069376
OR5x250-0.25_6.dat,GA,5,59866.0,3.2565504320009495,19700,True,99,0.004164800000000002
OR5x250-0.25_6.dat,GA,6,59895.0,3.1116900560009526,19700,True,39,0.002660800000000002
OR5x250-0.25_6.dat,GA,7,59988.0,2.3732620650007448,19700,True,73,0.0071552000000000004
OR5x250-0.25_6.dat,GA,8,59875.0,3.270599419000064,19700,True,55,0.001580800000000001
OR5x250-0.25_6.dat,GA,9,59887.0,3.136303205999866,19700,True,17,0.006368000000000002
OR5x250-0.25_6.dat,GA-FIX-UX+BF3,0,59926.0,4.021622168002068,19700,True,32,0.018328000000000004
OR5x250-0.25_6.dat,GA-FIX-UX+BF3,1,59904.0,4.103187676999369,19700,True,17,0.016724800000000005
OR5x250-0.25_6.dat,GA-FIX-UX+BF3,2,59896.0,3.7916706110008818,19700,True,25,0.012771200000000005
OR5x250-0.25_6.dat,GA-FIX-UX+BF3,3,59941.0,3.9364554550011235,19700,True,21,0.0181152
OR5x250-0.25_6.dat,GA-FIX-UX+BF3,4,60008.0,2.7025270390004152,19700,True,29,0.014707200000000005
OR5x250-0.25_6.dat,GA-FIX-UX+BF3,5,59965.0,3.3618830790001084,19700,True,19,0.018886400000000005
OR5x250-0.25_6.dat,GA-FIX-UX+BF3,6,59990.0,4.02981485899727,19700,True,20,0.012184000000000004
OR5x250-0.25_6.dat,GA-FIX-UX+BF3,7,59941.0,3.9741237279995403,19700,True,21,0.014822400000000005
OR5x250-0.25_6.dat,GA-FIX-UX+BF3,8,59941.0,4.03873665699939,19700,True,32,0.022665600000000004
OR5x250-0.25_6.dat,GA-FIX-UX+BF3,9,59969.0,3.832855054999527,19700,True,18,0.021860800000000003
OR5x250-0.25_6.dat,GA-QL,0,59830.0,4.850419566002529,19700,True,19,0.0084464
OR5x250-0.25_6.dat,GA-QL,1,59833.0,5.557638638001663,19700,True,19,0.009198399999999999
OR5x250-0.25_6.dat,GA-QL,2,59865.0,4.473323354999593,19700,True,49,0.017921600000000006
OR5x250-0.25_6.dat,GA-QL,3,59978.0,6.582158645000163,19700,True,19,0.006195200000000001
OR5x250-0.25_6.dat,GA-QL,4,59990.0,4.66296001000228,19700,True,93,0.0172688
OR5x250-0.25_6.dat,GA-QL,5,59918.0,5.01217780099978,19700,True,21,0.008134400000000003
OR5x250-0.25_6.dat,GA-QL,6,59916.0,4.6416258140016,19700,True,28,0.004396800000000003
OR5x250-0.25_6.dat,GA-QL,7,59964.0,4.631172540000989,19700,True,27,0.0071104
OR5x250-0.25_6.dat,GA-QL,8,59976.0,4.943465868000203,19700,True,159,0.021326400000000006
OR5x250-0.25_6.dat,GA-QL,9,59920.0,4.851517625997076,19700,True,67,0.006480000000000002
OR5x250-0.25_6.dat,GA-QL-T,0,59941.0,4.172057501000381,19700,True,28,0.022889600000000006
OR5x250-0.25_6.dat,GA-QL-T,1,59941.0,4.2042871760022535,19700,True,36,0.014380800000000004
OR5x250-0.25_6.dat,GA-QL-T,2,59864.0,4.160393600999669,19700,True,22,0.020584000000000005
OR5x250-0.25_6.dat,GA-QL-T,3,59941.0,4.051433757998893,19700,True,38,0.005276800000000002
OR5x250-0.25_6.dat,GA-QL-T,4,59987.0,3.784617507000803,19700,True,51,0.012313600000000003
OR5x250-0.25_6.dat,GA-QL-T,5,59947.0,3.189474875001906,19700,True,30,0.007680000000000004
OR5x250-0.25_6.dat,GA-QL-T,6,60033.0,3.531120796000323,19700,True,23,0.021382400000000003
OR5x250-0.25_6.dat,GA-QL-T,7,60046.0,3.1298034389983513,19700,True,112,0.016886400000000003
OR5x250-0.25_6.dat,GA-QL-T,8,59964.0,3.1283910569982254,19700,True,101,0.020808000000000007
OR5x250-0.25_6.dat,GA-QL-T,9,59889.0,3.7145926890007104,19700,True,82,0.011859200000000006
OR5x250-0.25_6.dat,GA-RAND,0,59919.0,3.8650110960006714,19700,True,38,0.006547200000000002
OR5x250-0.25_6.dat,GA-RAND,1,59894.0,3.764639734999946,19700,True,30,0.007515200000000002
OR5x250-0.25_6.dat,GA-RAND,2,59841.0,3.504565866998746,19700,True,15,0.007528000000000003
OR5x250-0.25_6.dat,GA-RAND,3,59904.0,2.7854523559981317,19700,True,127,0.016388800000000002
OR5x250-0.25_6.dat,GA-RAND,4,59803.0,3.9804424139983894,19700,True,19,0.011009600000000003
OR5x250-0.25_6.dat,GA-RAND,5,59964.0,4.149387009998463,19700,True,31,0.011643200000000005
OR5x250-0.25_6.dat,GA-RAND,6,59962.0,4.051234532998933,19700,True,23,0.008000000000000004
OR5x250-0.25_6.dat,GA-RAND,7,59987.0,4.917133122999076,19700,True,24,0.0043552000000000035
OR5x250-0.25_6.dat,GA-RAND,8,59916.0,4.962242270001298,19700,True,59,0.009123200000000003
OR5x250-0.25_6.dat,GA-RAND,9,59987.0,4.01318518500193,19700,True,25,0.004681600000000002
OR5x250-0.25_6.dat,GA-UCB,0,59895.0,4.8489745580009185,19700,True,31,0.003456000000000002
OR5x250-0.25_6.dat,GA-UCB,1,59921.0,5.335727183999552,19700,True,177,0.004824000000000003
OR5x250-0.25_6.dat,GA-UCB,2,59882.0,4.400512250998872,19700,True,19,0.007601600000000003
OR5x250-0.25_6.dat,GA-UCB,3,59990.0,6.658947451000131,19700,True,21,0.008598400000000003
OR5x250-0.25_6.dat,GA-UCB,4,59987.0,4.922999713999161,19700,True,22,0.0025024000000000014
OR5x250-0.25_6.dat,GA-UCB,5,59941.0,5.264445471999352,19700,True,28,0.008516800000000001
OR5x250-0.25_6.dat,GA-UCB,6,59959.0,4.750043289001042,19700,True,22,0.018904000000000008
OR5x250-0.25_6.dat,GA-UCB,7,59974.0,6.504176462000032,19700,True,126,0.0193648
OR5x250-0.25_6.dat,GA-UCB,8,59991.0,6.7108815089995915,19700,True,37,0.007272000000000002
OR5x250-0.25_6.dat,GA-UCB,9,59884.0,5.138023128998611,19700,True,154,0.007896000000000002
OR5x250-0.25_7.dat,GA,0,60202.0,2.376698136002233,19700,True,146,0.0070144000000000005
OR5x250-0.25_7.dat,GA,1,60208.0,2.858641251001245,19700,True,166,0.007644800000000003
OR5x250-0.25_7.dat,GA,2,60092.0,3.2356877230013197,19700,True,90,0.0048496000000000025
OR5x250-0.25_7.dat,GA,3,60208.0,3.080688778998592,19700,True,25,0.0032848000000000013
OR5x250-0.25_7.dat,GA,4,60120.0,2.0836126880021766,19700,True,195,0.023608000000000004
OR5x250-0.25_7.dat,GA,5,60174.0,3.3013106520011206,19700,True,75,0.004048000000000002
OR5x250-0.25_7.dat,GA,6,60197.0,3.0474298469998757,19700,True,122,0.0044944000000000026
OR5x250-0.25_7.dat,GA,7,60108.0,3.6138857109981473,19700,True,25,0.005435200000000004
OR5x250-0.25_7.dat,GA,8,60052.0,3.490646263999224,19700,True,14,0.0096448
OR5x250-0.25_7.dat,GA,9,60256.0,3.1682437150011538,19700,True,18,0.0060544000000000014
OR5x250-0.25_7.dat,GA-FIX-UX+BF3,0,60297.0,4.00766405000104,19700,True,159,0.04560320000000001
OR5x250-0.25_7.dat,GA-FIX-UX+BF3,1,60293.0,4.17158139899766,19700,True,19,0.014060800000000005
OR5x250-0.25_7.dat,GA-FIX-UX+BF3,2,60295.0,3.345119579000311,19700,True,29,0.023043200000000007
OR5x250-0.25_7.dat,GA-FIX-UX+BF3,3,60306.0,4.020371538998006,19700,True,39,0.021443200000000006
OR5x250-0.25_7.dat,GA-FIX-UX+BF3,4,60315.0,4.056616260000737,19700,True,164,0.019913600000000007
OR5x250-0.25_7.dat,GA-FIX-UX+BF3,5,60218.0,3.745533045002958,19700,True,114,0.017817600000000003
OR5x250-0.25_7.dat,GA-FIX-UX+BF3,6,60225.0,3.627791734001221,19700,True,44,0.024588799999999997
OR5x250-0.25_7.dat,GA-FIX-UX+BF3,7,60304.0,3.308543359999021,19700,True,22,0.015052800000000003
OR5x250-0.25_7.dat,GA-FIX-UX+BF3,8,60244.0,3.8801456640030665,19700,True,21,0.023752000000000002
OR5x250-0.25_7.dat,GA-FIX-UX+BF3,9,60334.0,3.940671028998622,19700,True,68,0.022931200000000006
OR5x250-0.25_7.dat,GA-QL,0,60231.0,3.8562594940012787,19700,True,53,0.012280000000000001
OR5x250-0.25_7.dat,GA-QL,1,60237.0,3.8274597890012956,19700,True,36,0.022715200000000005
OR5x250-0.25_7.dat,GA-QL,2,60158.0,3.4363132789985684,19700,True,31,0.015001600000000006
OR5x250-0.25_7.dat,GA-QL,3,60156.0,3.461075126000651,19700,True,31,0.0050896000000000005
OR5x250-0.25_7.dat,GA-QL,4,60182.0,2.865983349001908,19700,True,21,0.008934400000000004
OR5x250-0.25_7.dat,GA-QL,5,60256.0,3.4304522590027773,19700,True,20,0.008854400000000002
OR5x250-0.25_7.dat,GA-QL,6,60329.0,3.6382718200002273,19700,True,67,0.005862400000000001
OR5x250-0.25_7.dat,GA-QL,7,60313.0,3.2430909920003614,19700,True,22,0.017246400000000005
OR5x250-0.25_7.dat,GA-QL,8,60172.0,3.505347939000785,19700,True,56,0.016795200000000003
OR5x250-0.25_7.dat,GA-QL,9,60296.0,3.71589224499985,19700,True,23,0.0171152
OR5x250-0.25_7.dat,GA-QL-T,0,60329.0,3.7382459129985364,19700,True,35,0.008582400000000004
OR5x250-0.25_7.dat,GA-QL-T,1,60187.0,2.7291358500006027,19700,True,180,0.008857600000000002
OR5x250-0.25_7.dat,GA-QL-T,2,60178.0,3.7834556510024413,19700,True,82,0.0164176
OR5x250-0.25_7.dat,GA-QL-T,3,60256.0,3.7077595480004675,19700,True,59,0.006414400000000002
OR5x250-0.25_7.dat,GA-QL-T,4,60306.0,3.6538564239999687,19700,True,124,0.011212800000000002
OR5x250-0.25_7.dat,GA-QL-T,5,60258.0,2.3058428459989955,19700,True,21,0.006036800000000002
OR5x250-0.25_7.dat,GA-QL-T,6,60167.0,3.7267223660019226,19700,True,24,0.018670400000000007
OR5x250-0.25_7.dat,GA-QL-T,7,60288.0,3.8212852139986353,19700,True,33,0.019411200000000003
OR5x250-0.25_7.dat,GA-QL-T,8,60216.0,3.0466714940012025,19700,True,76,0.019732800000000005
OR5x250-0.25_7.dat,GA-QL-T,9,60188.0,3.010348306997912,19700,True,26,0.020739200000000003
OR5x250-0.25_7.dat,GA-RAND,0,60310.0,3.5295595489988045,19700,True,131,0.007880000000000002
OR5x250-0.25_7.dat,GA-RAND,1,60249.0,2.9657317970013537,19700,True,41,0.021812800000000004
OR5x250-0.25_7.dat,GA-RAND,2,60302.0,3.778574675998243,19700,True,67,0.007449600000000003
OR5x250-0.25_7.dat,GA-RAND,3,60219.0,3.126613880998775,19700,True,191,0.006774400000000002
OR5x250-0.25_7.dat,GA-RAND,4,60291.0,3.592935700999078,19700,True,27,0.006688
OR5x250-0.25_7.dat,GA-RAND,5,60190.0,3.673486645002413,19700,True,55,0.021857600000000005
OR5x250-0.25_7.dat,GA-RAND,6,60188.0,3.5366248710015498,19700,True,31,0.011497600000000002
OR5x250-0.25_7.dat,GA-RAND,7,60265.0,2.973122595998575,19700,True,169,0.0012640000000000006
OR5x250-0.25_7.dat,GA-RAND,8,60283.0,3.617117669000436,19700,True,30,0.008278400000000002
OR5x250-0.25_7.dat,GA-RAND,9,60256.0,2.395183700002235,19700,True,15,0.0062864
OR5x250-0.25_7.dat,GA-UCB,0,60183.0,3.6669783359975554,19700,True,29,0.017246400000000002
OR5x250-0.25_7.dat,GA-UCB,1,60242.0,3.401544002001174,19700,True,22,0.0117376
OR5x250-0.25_7.dat,GA-UCB,2,60315.0,3.7262100070001907,19700,True,79,0.006632000000000002
OR5x250-0.25_7.dat,GA-UCB,3,60227.0,3.7141475079988595,19700,True,69,0.03171040000000001
OR5x250-0.25_7.dat,GA-UCB,4,60187.0,3.6181373670005996,19700,True,130,0.010080000000000002
OR5x250-0.25_7.dat,GA-UCB,5,60228.0,3.626110510998842,19700,True,141,0.0144416
OR5x250-0.25_7.dat,GA-UCB,6,60238.0,2.318346432999533,19700,True,19,0.008326400000000003
OR5x250-0.25_7.dat,GA-UCB,7,60214.0,3.777768676998676,19700,True,28,0.017856000000000004
OR5x250-0.25_7.dat,GA-UCB,8,60306.0,3.394277454000985,19700,True,171,0.014865600000000003
OR5x250-0.25_7.dat,GA-UCB,9,60315.0,3.141191254999285,19700,True,124,0.008104000000000004
OR5x250-0.25_8.dat,GA,0,61168.0,2.878721035998751,19700,True,16,0.0025248000000000015
OR5x250-0.25_8.dat,GA,1,61257.0,3.375731469997845,19700,True,22,0.0054192000000000025
OR5x250-0.25_8.dat,GA,2,61277.0,2.131798427999456,19700,True,18,0.005470400000000003
OR5x250-0.25_8.dat,GA,3,61369.0,2.651020717999927,19700,True,30,0.004824000000000003
OR5x250-0.25_8.dat,GA,4,61377.0,3.2736914380002418,19700,True,16,0.0086384
OR5x250-0.25_8.dat,GA,5,61234.0,3.3742504929978168,19700,True,102,0.0108672
OR5x250-0.25_8.dat,GA,6,61360.0,2.7881285700023,19700,True,32,0.0035056000000000006
OR5x250-0.25_8.dat,GA,7,61335.0,3.4075435410013597,19700,True,20,0.004152000000000003
OR5x250-0.25_8.dat,GA,8,61143.0,3.4238986160016793,19700,True,21,0.012915200000000002
OR5x250-0.25_8.dat,GA,9,61244.0,2.721101548999286,19700,True,176,0.004006400000000001
OR5x250-0.25_8.dat,GA-FIX-UX+BF3,0,61350.0,3.682709740998689,19700,True,131,0.018459200000000005
OR5x250-0.25_8.dat,GA-FIX-UX+BF3,1,61388.0,3.6614719070021238,19700,True,23,0.014347200000000004
OR5x250-0.25_8.dat,GA-FIX-UX+BF3,2,61350.0,2.724324817001616,19700,True,100,0.015542400000000003
OR5x250-0.25_8.dat,GA-FIX-UX+BF3,3,61317.0,3.8866263419986353,19700,True,15,0.009238400000000003
OR5x250-0.25_8.dat,GA-FIX-UX+BF3,4,61334.0,3.328850682002667,19700,True,25,0.021953600000000004
OR5x250-0.25_8.dat,GA-FIX-UX+BF3,5,61290.0,3.9432404680010222,19700,True,20,0.014846400000000006
OR5x250-0.25_8.dat,GA-FIX-UX+BF3,6,61393.0,3.8670293199975276,19700,True,200,0.019779200000000004
OR5x250-0.25_8.dat,GA-FIX-UX+BF3,7,61349.0,3.891363475999242,19700,True,128,0.021224000000000003
OR5x250-0.25_8.dat,GA-FIX-UX+BF3,8,61332.0,3.992674500001158,19700,True,20,0.018990400000000004
OR5x250-0.25_8.dat,GA-FIX-UX+BF3,9,61342.0,2.1312317150004674,19700,True,39,0.021235200000000006
OR5x250-0.25_8.dat,GA-QL,0,61294.0,3.6059377399978985,19700,True,112,0.014620800000000003
OR5x250-0.25_8.dat,GA-QL,1,61367.0,3.666702324000653,19700,True,24,0.014993600000000004
OR5x250-0.25_8.dat,GA-QL,2,61340.0,2.6707616339990636,19700,True,38,0.014494400000000005
OR5x250-0.25_8.dat,GA-QL,3,61317.0,3.4810108299971034,19700,True,15,0.0042064000000000025
OR5x250-0.25_8.dat,GA-QL,4,61302.0,3.6611908129998483,19700,True,21,0.0193392
OR5x250-0.25_8.dat,GA-QL,5,61284.0,2.393260092001583,19700,True,17,0.006232
OR5x250-0.25_8.dat,GA-QL,6,61388.0,3.302412731001823,19700,True,28,0.021201600000000008
OR5x250-0.25_8.dat,GA-QL,7,61419.0,3.0020662490023824,19700,True,25,0.005900800000000002
OR5x250-0.25_8.dat,GA-QL,8,61308.0,3.747876888999599,19700,True,149,0.018083200000000004
OR5x250-0.25_8.dat,GA-QL,9,61411.0,3.607481121998717,19700,True,22,0.009947200000000002
OR5x250-0.25_8.dat,GA-QL-T,0,61304.0,3.4570133199995325,19700,True,22,0.010857600000000002
OR5x250-0.25_8.dat,GA-QL-T,1,61330.0,3.5837561009975616,19700,True,15,0.006171200000000002
OR5x250-0.25_8.dat,GA-QL-T,2,61411.0,3.347180319000472,19700,True,25,0.020238400000000007
OR5x250-0.25_8.dat,GA-QL-T,3,61336.0,2.4629011990000436,19700,True,189,0.018896000000000003
OR5x250-0.25_8.dat,GA-QL-T,4,61287.0,3.350777146002656,19700,True,26,0.010947200000000002
OR5x250-0.25_8.dat,GA-QL-T,5,61338.0,3.485403047001455,19700,True,24,0.024105600000000005
OR5x250-0.25_8.dat,GA-QL-T,6,61350.0,3.3761264759996266,19700,True,56,0.007123200000000002
OR5x250-0.25_8.dat,GA-QL-T,7,61290.0,3.592024213001423,19700,True,20,0.0071984000000000015
OR5x250-0.25_8.dat,GA-QL-T,8,61372.0,2.4143987229981576,19700,True,23,0.007984000000000003
OR5x250-0.25_8.dat,GA-QL-T,9,61286.0,3.557023105000553,19700,True,189,0.050345600000000004
OR5x250-0.25_8.dat,GA-RAND,0,61326.0,3.684314081998309,19700,True,147,0.008188800000000001
OR5x250-0.25_8.dat,GA-RAND,1,61322.0,3.589525962001062,19700,True,192,0.026662400000000003
OR5x250-0.25_8.dat,GA-RAND,2,61297.0,2.091745993002405,19700,True,69,0.012532800000000002
OR5x250-0.25_8.dat,GA-RAND,3,61219.0,2.6710299360020144,19700,True,104,0.008012800000000002
OR5x250-0.25_8.dat,GA-RAND,4,61279.0,3.5394675499992445,19700,True,80,0.006897600000000002
OR5x250-0.25_8.dat,GA-RAND,5,61391.0,3.362527113997203,19700,True,128,0.016758400000000007
OR5x250-0.25_8.dat,GA-RAND,6,61312.0,2.930826875999628,19700,True,14,0.0054160000000000015
OR5x250-0.25_8.dat,GA-RAND,7,61258.0,3.5051328520021343,19700,True,180,0.008104000000000004
OR5x250-0.25_8.dat,GA-RAND,8,61196.0,2.939443367999047,19700,True,148,0.008680000000000004
OR5x250-0.25_8.dat,GA-RAND,9,61369.0,3.4933025850004924,19700,True,36,0.003921600000000002
OR5x250-0.25_8.dat,GA-UCB,0,61299.0,3.541185858000972,19700,True,16,0.0032880000000000014
OR5x250-0.25_8.dat,GA-UCB,1,61352.0,3.5676342449987715,19700,True,125,0.007923200000000004
OR5x250-0.25_8.dat,GA-UCB,2,61293.0,3.13258984300046,19700,True,18,0.014699200000000004
OR5x250-0.25_8.dat,GA-UCB,3,61407.0,3.2039413300008164,19700,True,20,0.0034432000000000017
OR5x250-0.25_8.dat,GA-UCB,4,61274.0,2.9813907300012943,19700,True,28,0.015099200000000004
OR5x250-0.25_8.dat,GA-UCB,5,61325.0,3.6197690720000537,19700,True,28,0.002828800000000002
OR5x250-0.25_8.dat,GA-UCB,6,61322.0,3.4606582329979574,19700,True,97,0.008164800000000003
OR5x250-0.25_8.dat,GA-UCB,7,61288.0,3.0614114820018585,19700,True,15,0.005280000000000003
OR5x250-0.25_8.dat,GA-UCB,8,61308.0,3.3900492089996987,19700,True,17,0.006830400000000001
OR5x250-0.25_8.dat,GA-UCB,9,61252.0,3.564026867999928,19700,True,30,0.021344000000000005
OR5x250-0.25_9.dat,GA,0,61596.0,3.249601471998176,19700,True,17,0.003430400000000002
OR5x250-0.25_9.dat,GA,1,61768.0,3.2097378260004916,19700,True,17,0.008353600000000001
OR5x250-0.25_9.dat,GA,2,61700.0,1.7863235229997372,19700,True,100,0.009800000000000005
OR5x250-0.25_9.dat,GA,3,61697.0,3.237015741997311,19700,True,15,0.007632000000000001
OR5x250-0.25_9.dat,GA,4,61599.0,3.238640182000381,19700,True,164,0.011936
OR5x250-0.25_9.dat,GA,5,61593.0,3.2960714070031827,19700,True,109,0.008337600000000002
OR5x250-0.25_9.dat,GA,6,61633.0,3.3297908880012983,19700,True,25,0.004620800000000002
OR5x250-0.25_9.dat,GA,7,61581.0,2.4553639689984266,19700,True,50,0.007092800000000001
OR5x250-0.25_9.dat,GA,8,61711.0,3.136354019999999,19700,True,106,0.003585600000000002
OR5x250-0.25_9.dat,GA,9,61646.0,2.5479909440000483,19700,True,165,0.0101952
OR5x250-0.25_9.dat,GA-FIX-UX+BF3,0,61746.0,4.0183050250016095,19700,True,29,0.014523200000000003
OR5x250-0.25_9.dat,GA-FIX-UX+BF3,1,61690.0,3.918090037001093,19700,True,22,0.027904000000000005
OR5x250-0.25_9.dat,GA-FIX-UX+BF3,2,61744.0,3.8662601560026815,19700,True,58,0.020572800000000002
OR5x250-0.25_9.dat,GA-FIX-UX+BF3,3,61711.0,2.450121599002159,19700,True,27,0.020027200000000005
OR5x250-0.25_9.dat,GA-FIX-UX+BF3,4,61759.0,3.982752186999278,19700,True,72,0.0184496
OR5x250-0.25_9.dat,GA-FIX-UX+BF3,5,61730.0,3.893142912998883,19700,True,16,0.021268800000000004
OR5x250-0.25_9.dat,GA-FIX-UX+BF3,6,61704.0,3.9214866930014978,19700,True,36,0.02125760000000001
OR5x250-0.25_9.dat,GA-FIX-UX+BF3,7,61744.0,3.821475687997008,19700,True,23,0.023022400000000005
OR5x250-0.25_9.dat,GA-FIX-UX+BF3,8,61747.0,2.3507186280003225,19700,True,18,0.015078400000000006
OR5x250-0.25_9.dat,GA-FIX-UX+BF3,9,61754.0,4.065491663001012,19700,True,39,0.027382400000000005
OR5x250-0.25_9.dat,GA-QL,0,61730.0,3.724731625003187,19700,True,19,0.009313600000000002
OR5x250-0.25_9.dat,GA-QL,1,61747.0,2.6957369939991622,19700,True,30,0.007540800000000003
OR5x250-0.25_9.dat,GA-QL,2,61693.0,3.568281896998087,19700,True,88,0.023225600000000006
OR5x250-0.25_9.dat,GA-QL,3,61768.0,3.328389703998255,19700,True,23,0.010572800000000002
OR5x250-0.25_9.dat,GA-QL,4,61746.0,3.380548758999794,19700,True,158,0.017371200000000003
OR5x250-0.25_9.dat,GA-QL,5,61680.0,2.4377150330001314,19700,True,22,0.020670400000000005
OR5x250-0.25_9.dat,GA-QL,6,61744.0,3.5833959769988724,19700,True,21,0.013784000000000003
OR5x250-0.25_9.dat,GA-QL,7,61739.0,3.073033648001001,19700,True,69,0.011859200000000004
OR5x250-0.25_9.dat,GA-QL,8,61730.0,2.8793983920004393,19700,True,113,0.006417600000000003
OR5x250-0.25_9.dat,GA-QL,9,61659.0,3.6824675960015156,19700,True,21,0.020040000000000006
OR5x250-0.25_9.dat,GA-QL-T,0,61744.0,2.834072068999376,19700,True,178,0.015304000000000005
OR5x250-0.25_9.dat,GA-QL-T,1,61639.0,3.600986325996928,19700,True,24,0.013696000000000002
OR5x250-0.25_9.dat,GA-QL-T,2,61728.0,3.704533571999491,19700,True,53,0.00888
OR5x250-0.25_9.dat,GA-QL-T,3,61684.0,3.425510007000412,19700,True,20,0.013084800000000004
OR5x250-0.25_9.dat,GA-QL-T,4,61674.0,3.4069358250017103,19700,True,23,0.0072191999999999985
OR5x250-0.25_9.dat,GA-QL-T,5,61786.0,3.55019239199828,19700,True,200,0.031408000000000005
OR5x250-0.25_9.dat,GA-QL-T,6,61675.0,3.0354493999984697,19700,True,106,0.007337600000000004
OR5x250-0.25_9.dat,GA-QL-T,7,61688.0,3.770525804000499,19700,True,25,0.004032000000000002
OR5x250-0.25_9.dat,GA-QL-T,8,61706.0,3.784114551002858,19700,True,100,0.02252800000000001
OR5x250-0.25_9.dat,GA-QL-T,9,61814.0,3.260970768998959,19700,True,25,0.021988800000000006
OR5x250-0.25_9.dat,GA-RAND,0,61707.0,3.6169342100001813,19700,True,15,0.0122112
OR5x250-0.25_9.dat,GA-RAND,1,61746.0,3.4594645670003956,19700,True,125,0.008875200000000003
OR5x250-0.25_9.dat,GA-RAND,2,61730.0,3.7040407089989458,19700,True,22,0.007598400000000003
OR5x250-0.25_9.dat,GA-RAND,3,61726.0,2.901639488998626,19700,True,39,0.014371200000000004
OR5x250-0.25_9.dat,GA-RAND,4,61667.0,3.127721016997384,19700,True,34,0.005771200000000003
OR5x250-0.25_9.dat,GA-RAND,5,61768.0,3.7526332339984947,19700,True,64,0.018116800000000006
OR5x250-0.25_9.dat,GA-RAND,6,61656.0,3.6150061740008823,19700,True,137,0.0080528
OR5x250-0.25_9.dat,GA-RAND,7,61726.0,3.5878063430027396,19700,True,128,0.011336000000000002
OR5x250-0.25_9.dat,GA-RAND,8,61697.0,3.6266165859997272,19700,True,28,0.012440000000000003
OR5x250-0.25_9.dat,GA-RAND,9,61648.0,3.0892816000014136,19700,True,160,0.0039152000000000015
OR5x250-0.25_9.dat,GA-UCB,0,61688.0,2.7875545659990166,19700,True,20,0.009432000000000003
OR5x250-0.25_9.dat,GA-UCB,1,61742.0,3.5383780650008703,19700,True,20,0.011169600000000003
OR5x250-0.25_9.dat,GA-UCB,2,61803.0,2.5386299329984467,19700,True,24,0.0034496000000000014
OR5x250-0.25_9.dat,GA-UCB,3,61685.0,3.52507389099992,19700,True,95,0.010185600000000001
OR5x250-0.25_9.dat,GA-UCB,4,61687.0,3.460953406000044,19700,True,24,0.014942400000000003
OR5x250-0.25_9.dat,GA-UCB,5,61743.0,3.5247715510013222,19700,True,155,0.014798400000000005
OR5x250-0.25_9.dat,GA-UCB,6,61760.0,3.555463405999035,19700,True,25,0.015547200000000004
OR5x250-0.25_9.dat,GA-UCB,7,61746.0,3.6092449959978694,19700,True,18,0.004041600000000003
OR5x250-0.25_9.dat,GA-UCB,8,61698.0,2.376730634001433,19700,True,28,0.024504000000000005
OR5x250-0.25_9.dat,GA-UCB,9,61730.0,3.094153631998779,19700,True,20,0.021396800000000007
weing1.dat,GA,0,141278.0,0.5730175040007452,19700,True,61,0.2510857142857143
weing1.dat,GA,1,141278.0,0.560469097999885,19700,True,40,0.1934571428571429
weing1.dat,GA,2,141278.0,0.5482804099992791,19700,True,38,0.19275714285714288
weing1.dat,GA,3,141278.0,0.3802437109989114,19700,True,23,0.18862857142857153
weing1.dat,GA,4,141278.0,0.5701267149997875,19700,True,70,0.23084285714285718
weing1.dat,GA,5,141278.0,0.54846974999964,19700,True,43,0.2112714285714286
weing1.dat,GA,6,141278.0,0.5067774819981423,19700,True,99,0.18584285714285717
weing1.dat,GA,7,141278.0,0.30938573499952327,19700,True,97,0.19762857142857146
weing1.dat,GA,8,141278.0,0.45173935500133666,19700,True,32,0.20227142857142857
weing1.dat,GA,9,141278.0,0.5578267050004797,19700,True,10,0.19965714285714292
weing1.dat,GA-FIX-UX+BF3,0,141278.0,0.6199824350005656,19700,True,11,0.3533857142857143
weing1.dat,GA-FIX-UX+BF3,1,141278.0,0.6138560289982706,19700,True,4,0.3222428571428572
weing1.dat,GA-FIX-UX+BF3,2,141278.0,0.6131781370022509,19700,True,6,0.3746714285714286
weing1.dat,GA-FIX-UX+BF3,3,141278.0,0.3263959710020572,19700,True,40,0.3843142857142857
weing1.dat,GA-FIX-UX+BF3,4,141278.0,0.6169321980014502,19700,True,7,0.36595714285714287
weing1.dat,GA-FIX-UX+BF3,5,141278.0,0.6250570670017623,19700,True,16,0.3688428571428572
weing1.dat,GA-FIX-UX+BF3,6,141278.0,0.6268231030007883,19700,True,53,0.34715714285714283
weing1.dat,GA-FIX-UX+BF3,7,141278.0,0.37283820700031356,19700,True,66,0.3276857142857143
weing1.dat,GA-FIX-UX+BF3,8,141278.0,0.6165295239989064,19700,True,60,0.35241428571428585
weing1.dat,GA-FIX-UX+BF3,9,141278.0,0.6086918519977189,19700,True,50,0.3610571428571428
weing1.dat,GA-QL,0,141278.0,0.622465160999127,19700,True,41,0.1925714285714286
weing1.dat,GA-QL,1,141278.0,0.6154457770026056,19700,True,21,0.23138571428571433
weing1.dat,GA-QL,2,141278.0,0.3441749859994161,19700,True,12,0.2976571428571428
weing1.dat,GA-QL,3,141278.0,0.6338831960019888,19700,True,29,0.3772285714285714
weing1.dat,GA-QL,4,141278.0,0.34327939100330696,19700,True,50,0.18431428571428574
weing1.dat,GA-QL,5,141278.0,0.5877313379969564,19700,True,38,0.19154285714285715
weing1.dat,GA-QL,6,141278.0,0.6141430960014986,19700,True,11,0.33825714285714287
weing1.dat,GA-QL,7,141278.0,0.6159604120002768,19700,True,45,0.3659857142857143
weing1.dat,GA-QL,8,141278.0,0.6117016540010809,19700,True,27,0.2866857142857143
weing1.dat,GA-QL,9,141278.0,0.6221957570014638,19700,True,10,0.13225714285714285
weing1.dat,GA-QL-T,0,141278.0,0.6361032569984673,19700,True,17,0.3424142857142858
weing1.dat,GA-QL-T,1,141278.0,0.3662619070018991,19700,True,28,0.29912857142857147
weing1.dat,GA-QL-T,2,141278.0,0.6282279420011037,19700,True,62,0.3211428571428572
weing1.dat,GA-QL-T,3,141278.0,0.36302474400145,19700,True,35,0.3296285714285715
weing1.dat,GA-QL-T,4,141278.0,0.6240292100010265,19700,True,15,0.3163000000000001
weing1.dat,GA-QL-T,5,141278.0,0.6290284860006068,19700,True,35,0.2627428571428572
weing1.dat,GA-QL-T,6,141278.0,0.6350074550027784,19700,True,32,0.3551714285714285
weing1.dat,GA-QL-T,7,141278.0,0.6217831829999341,19700,True,58,0.27778571428571425
weing1.dat,GA-QL-T,8,141278.0,0.63644669399946,19700,True,32,0.3548714285714286
weing1.dat,GA-QL-T,9,141278.0,0.33588839099684265,19700,True,66,0.30780000000000013
weing1.dat,GA-RAND,0,141278.0,0.6250668709981255,19700,True,10,0.3317857142857143
weing1.dat,GA-RAND,1,141278.0,0.560025279999536,19700,True,20,0.31910000000000005
weing1.dat,GA-RAND,2,141278.0,0.36531217399897287,19700,True,19,0.26774285714285717
weing1.dat,GA-RAND,3,141278.0,0.6200295950002328,19700,True,35,0.35452857142857147
weing1.dat,GA-RAND,4,141278.0,0.325341446998209,19700,True,14,0.39310000000000006
weing1.dat,GA-RAND,5,141278.0,0.6069806529994821,19700,True,17,0.3017
weing1.dat,GA-RAND,6,141278.0,0.5017726690020936,19700,True,15,0.32342857142857145
weing1.dat,GA-RAND,7,141278.0,0.6042735909977637,19700,True,30,0.34765714285714283
weing1.dat,GA-RAND,8,141278.0,0.6219862780017138,19700,True,9,0.24437142857142863
weing1.dat,GA-RAND,9,141278.0,0.4174353480011632,19700,True,16,0.27754285714285715
weing1.dat,GA-UCB,0,141278.0,0.39598565099731786,19700,True,32,0.33647142857142853
weing1.dat,GA-UCB,1,141278.0,0.6253705830022227,19700,True,25,0.29344285714285717
weing1.dat,GA-UCB,2,141278.0,0.6135927219984296,19700,True,22,0.26402857142857145
weing1.dat,GA-UCB,3,141278.0,0.617149531000905,19700,True,21,0.3436857142857143
weing1.dat,GA-UCB,4,141278.0,0.6288635150012851,19700,True,44,0.31470000000000004
weing1.dat,GA-UCB,5,141278.0,0.47042089800015674,19700,True,16,0.29225714285714294
weing1.dat,GA-UCB,6,141278.0,0.39990873400165583,19700,True,30,0.3656428571428572
weing1.dat,GA-UCB,7,141278.0,0.6169581179965462,19700,True,8,0.3170428571428571
weing1.dat,GA-UCB,8,141278.0,0.6266263659999822,19700,True,54,0.29040000000000005
weing1.dat,GA-UCB,9,141278.0,0.6120201260018803,19700,True,35,0.2372857142857143
weing2.dat,GA,0,130883.0,0.557009640000615,19700,True,14,0.21792857142857144
weing2.dat,GA,1,130883.0,0.5687302589976753,19700,True,8,0.18770000000000003
weing2.dat,GA,2,130883.0,0.5647909130020707,19700,True,16,0.2061
weing2.dat,GA,3,130883.0,0.30176157399910153,19700,True,15,0.18972857142857144
weing2.dat,GA,4,130883.0,0.5770158380000794,19700,True,21,0.2247857142857143
weing2.dat,GA,5,130883.0,0.35900237000169,19700,True,13,0.22121428571428572
weing2.dat,GA,6,130883.0,0.5043736640000134,19700,True,56,0.1955
weing2.dat,GA,7,130883.0,0.5796379370003706,19700,True,27,0.2179428571428572
weing2.dat,GA,8,130883.0,0.5958614539995324,19700,True,16,0.20600000000000002
weing2.dat,GA,9,130883.0,0.5897970160003752,19700,True,16,0.19518571428571432
weing2.dat,GA-FIX-UX+BF3,0,130883.0,0.6551262609973492,19700,True,45,0.38655714285714293
weing2.dat,GA-FIX-UX+BF3,1,130883.0,0.6418630779990053,19700,True,44,0.4054571428571429
weing2.dat,GA-FIX-UX+BF3,2,130883.0,0.6401402010014863,19700,True,45,0.41259999999999997
weing2.dat,GA-FIX-UX+BF3,3,130883.0,0.3889676210019388,19700,True,58,0.40935714285714286
weing2.dat,GA-FIX-UX+BF3,4,130883.0,0.6468930139999429,19700,True,29,0.4126714285714286
weing2.dat,GA-FIX-UX+BF3,5,130883.0,0.6619602350001514,19700,True,28,0.4091571428571429
weing2.dat,GA-FIX-UX+BF3,6,130883.0,0.6444304169999668,19700,True,13,0.45248571428571427
weing2.dat,GA-FIX-UX+BF3,7,130883.0,0.6597098470010678,19700,True,13,0.3965571428571428
weing2.dat,GA-FIX-UX+BF3,8,130883.0,0.3931946379998408,19700,True,11,0.3787571428571429
weing2.dat,GA-FIX-UX+BF3,9,130883.0,0.6446034109976608,19700,True,16,0.4227
weing2.dat,GA-QL,0,130883.0,0.6546509899999364,19700,True,29,0.15512857142857145
weing2.dat,GA-QL,1,130883.0,0.6474409389993525,19700,True,47,0.3741714285714286
weing2.dat,GA-QL,2,130883.0,0.6662129590004042,19700,True,31,0.40304285714285715
weing2.dat,GA-QL,3,130883.0,0.6446028319987818,19700,True,18,0.4061285714285714
weing2.dat,GA-QL,4,130883.0,0.4030958519979322,19700,True,17,0.4125
weing2.dat,GA-QL,5,130883.0,0.6578517689995351,19700,True,56,0.3923142857142857
weing2.dat,GA-QL,6,130883.0,0.636347077001119,19700,True,8,0.38547142857142863
weing2.dat,GA-QL,7,130883.0,0.5746380419986963,19700,True,2,0.42342857142857143
weing2.dat,GA-QL,8,130883.0,0.38802369899713085,19700,True,14,0.37682857142857146
weing2.dat,GA-QL,9,130883.0,0.644538554999599,19700,True,34,0.43892857142857145
weing2.dat,GA-QL-T,0,130883.0,0.652288129000226,19700,True,19,0.40212857142857145
weing2.dat,GA-QL-T,1,130883.0,0.6471758709994901,19700,True,20,0.3803
weing2.dat,GA-QL-T,2,130883.0,0.6669416920012736,19700,True,18,0.40371428571428575
weing2.dat,GA-QL-T,3,130883.0,0.4730362869995588,19700,True,9,0.3028142857142857
weing2.dat,GA-QL-T,4,130883.0,0.6168030869994254,19700,True,28,0.3178142857142857
weing2.dat,GA-QL-T,5,130883.0,0.6553863589979301,19700,True,13,0.36254285714285717
weing2.dat,GA-QL-T,6,130883.0,0.6598838169993542,19700,True,39,0.4110571428571429
weing2.dat,GA-QL-T,7,130883.0,0.6519883580003807,19700,True,34,0.39300000000000007
weing2.dat,GA-QL-T,8,130883.0,0.6456596849966445,19700,True,28,0.39251428571428576
weing2.dat,GA-QL-T,9,130883.0,0.3883331619981618,19700,True,9,0.37174285714285726
weing2.dat,GA-RAND,0,130883.0,0.6304023429984227,19700,True,12,0.41331428571428575
weing2.dat,GA-RAND,1,130883.0,0.5872233919981227,19700,True,14,0.38798571428571427
weing2.dat,GA-RAND,2,130883.0,0.6620023630021024,19700,True,15,0.3215857142857143
weing2.dat,GA-RAND,3,130883.0,0.43457424599910155,19700,True,7,0.3991142857142857
weing2.dat,GA-RAND,4,130883.0,0.6498154850014544,19700,True,8,0.4587571428571428
weing2.dat,GA-RAND,5,130883.0,0.6542926760012051,19700,True,2,0.3066714285714286
weing2.dat,GA-RAND,6,130883.0,0.6545163609989686,19700,True,15,0.35127142857142857
weing2.dat,GA-RAND,7,130883.0,0.6670959520015458,19700,True,9,0.3413428571428571
weing2.dat,GA-RAND,8,130883.0,0.6522695900021063,19700,True,8,0.25094285714285713
weing2.dat,GA-RAND,9,130883.0,0.4314775240018207,19700,True,16,0.2851428571428572
weing2.dat,GA-UCB,0,130883.0,0.6757210430005216,19700,True,6,0.3490285714285714
weing2.dat,GA-UCB,1,130883.0,0.6592108239965455,19700,True,13,0.4328571428571429
weing2.dat,GA-UCB,2,130883.0,0.6572764619995723,19700,True,20,0.3367714285714286
weing2.dat,GA-UCB,3,130883.0,0.46170967500074767,19700,True,9,0.39030000000000004
weing2.dat,GA-UCB,4,130883.0,0.6652521459982381,19700,True,41,0.3632571428571429
weing2.dat,GA-UCB,5,130883.0,0.6598934859975998,19700,True,3,0.38155714285714293
weing2.dat,GA-UCB,6,130883.0,0.6609372050006641,19700,True,3,0.37932857142857157
weing2.dat,GA-UCB,7,130883.0,0.6746557950027636,19700,True,21,0.3923571428571429
weing2.dat,GA-UCB,8,130883.0,0.4512928389995068,19700,True,8,0.33185714285714285
weing2.dat,GA-UCB,9,130883.0,0.652990653001325,19700,True,9,0.3822857142857143
weing3.dat,GA,0,95677.0,0.629443657999218,19700,True,14,0.2327142857142857
weing3.dat,GA,1,95677.0,0.6378789700029301,19700,True,8,0.22608571428571425
weing3.dat,GA,2,95677.0,0.39879455600021174,19700,True,16,0.23865714285714285
weing3.dat,GA,3,95677.0,0.6345755469992582,19700,True,8,0.22540000000000002
weing3.dat,GA,4,95677.0,0.6534945000021253,19700,True,21,0.22074285714285716
weing3.dat,GA,5,95677.0,0.6506437470015953,19700,True,13,0.22231428571428574
weing3.dat,GA,6,95677.0,0.45335062599770026,19700,True,56,0.19447142857142857
weing3.dat,GA,7,95677.0,0.6566028390006977,19700,True,27,0.21537142857142855
weing3.dat,GA,8,95677.0,0.638397022998106,19700,True,2,0.18402857142857146
weing3.dat,GA,9,95677.0,0.6510113210024429,19700,True,7,0.2065714285714286
weing3.dat,GA-FIX-UX+BF3,0,95677.0,0.6688252269996156,19700,True,10,0.2702714285714286
weing3.dat,GA-FIX-UX+BF3,1,95677.0,0.38806373400075245,19700,True,4,0.2747
weing3.dat,GA-FIX-UX+BF3,2,95677.0,0.6793304220009304,19700,True,5,0.25799999999999995
weing3.dat,GA-FIX-UX+BF3,3,95677.0,0.6835184510018735,19700,True,4,0.2838
weing3.dat,GA-FIX-UX+BF3,4,95677.0,0.6900483800018264,19700,True,2,0.3078571428571429
weing3.dat,GA-FIX-UX+BF3,5,95677.0,0.4503141079985653,19700,True,10,0.22565714285714283
weing3.dat,GA-FIX-UX+BF3,6,95677.0,0.6761484000016935,19700,True,7,0.23694285714285715
weing3.dat,GA-FIX-UX+BF3,7,95677.0,0.5241240479990665,19700,True,7,0.25481428571428577
weing3.dat,GA-FIX-UX+BF3,8,95677.0,0.6820911069989961,19700,True,11,0.2724428571428571
weing3.dat,GA-FIX-UX+BF3,9,95677.0,0.6988150860015594,19700,True,10,0.2594714285714286
weing3.dat,GA-QL,0,95677.0,0.6883337229992321,19700,True,10,0.26357142857142857
weing3.dat,GA-QL,1,95677.0,0.5921581110014813,19700,True,5,0.17102857142857145
weing3.dat,GA-QL,2,95677.0,0.42188826900019194,19700,True,6,0.2902571428571429
weing3.dat,GA-QL,3,95677.0,0.676774868999928,19700,True,8,0.3021142857142857
weing3.dat,GA-QL,4,95677.0,0.6835106510006881,19700,True,8,0.1339
weing3.dat,GA-QL,5,95677.0,0.6671639249980217,19700,True,8,0.18152857142857146
weing3.dat,GA-QL,6,95677.0,0.6962172940002347,19700,True,26,0.28531428571428574
weing3.dat,GA-QL,7,95677.0,0.37952176199905807,19700,True,32,0.18814285714285717
weing3.dat,GA-QL,8,95677.0,0.6746922570018796,19700,True,13,0.26671428571428574
weing3.dat,GA-QL,9,95677.0,0.6846164939997834,19700,True,12,0.1408714285714286
weing3.dat,GA-QL-T,0,95677.0,0.6909240649983985,19700,True,13,0.25622857142857147
weing3.dat,GA-QL-T,1,95677.0,0.6994351139983337,19700,True,12,0.24114285714285713
weing3.dat,GA-QL-T,2,95677.0,0.43277031800244004,19700,True,11,0.2706571428571429
weing3.dat,GA-QL-T,3,95677.0,0.688871669000946,19700,True,4,0.14204285714285717
weing3.dat,GA-QL-T,4,95677.0,0.5888995640016219,19700,True,6,0.2286857142857143
weing3.dat,GA-QL-T,5,95677.0,0.5894561650020478,19700,True,11,0.27111428571428575
weing3.dat,GA-QL-T,6,95677.0,0.6921534920002159,19700,True,12,0.27999999999999997
weing3.dat,GA-QL-T,7,95677.0,0.7048698180005886,19700,True,12,0.3299714285714286
weing3.dat,GA-QL-T,8,95677.0,0.684676724999008,19700,True,5,0.2820142857142857
weing3.dat,GA-QL-T,9,95677.0,0.6904841620016668,19700,True,9,0.2853428571428572
weing3.dat,GA-RAND,0,95677.0,0.6937999849978951,19700,True,10,0.33009999999999995
weing3.dat,GA-RAND,1,95677.0,0.6850703629970667,19700,True,10,0.2623857142857143
weing3.dat,GA-RAND,2,95677.0,0.6817105769987393,19700,True,13,0.2430857142857143
weing3.dat,GA-RAND,3,95677.0,0.49755457699939143,19700,True,6,0.28147142857142854
weing3.dat,GA-RAND,4,95677.0,0.4093413189984858,19700,True,8,0.3356
weing3.dat,GA-RAND,5,95677.0,0.6664632150022953,19700,True,12,0.23224285714285717
weing3.dat,GA-RAND,6,95677.0,0.5003450550029811,19700,True,2,0.2399857142857143
weing3.dat,GA-RAND,7,95677.0,0.656389241998113,19700,True,8,0.2819
weing3.dat,GA-RAND,8,95677.0,0.6558358289985335,19700,True,8,0.17755714285714289
weing3.dat,GA-RAND,9,95677.0,0.6643417649975163,19700,True,16,0.2383714285714286
weing3.dat,GA-UCB,0,95677.0,0.6562781579996226,19700,True,6,0.23914285714285716
weing3.dat,GA-UCB,1,95677.0,0.6697215640015202,19700,True,7,0.22641428571428573
weing3.dat,GA-UCB,2,95677.0,0.3395721130000311,19700,True,6,0.22099999999999995
weing3.dat,GA-UCB,3,95677.0,0.6565841049996379,19700,True,6,0.23615714285714287
weing3.dat,GA-UCB,4,95677.0,0.6032792719997815,19700,True,4,0.2557142857142857
weing3.dat,GA-UCB,5,95677.0,0.68499785899985,19700,True,3,0.2603714285714286
weing3.dat,GA-UCB,6,95677.0,0.6887102779983252,19700,True,9,0.2162
weing3.dat,GA-UCB,7,95677.0,0.4348313529990264,19700,True,9,0.29050000000000004
weing3.dat,GA-UCB,8,95677.0,0.6770609999985027,19700,True,5,0.24371428571428574
weing3.dat,GA-UCB,9,95677.0,0.7283209039997018,19700,True,9,0.24667142857142857
weing4.dat,GA,0,119337.0,0.661606939000194,19700,True,1,0.026300000000000007
weing4.dat,GA,1,119337.0,0.62881272300001,19700,True,1,0.02788571428571429
weing4.dat,GA,2,119337.0,0.6342809900015709,19700,True,1,0.03328571428571429
weing4.dat,GA,3,119337.0,0.5511847970010422,19700,True,1,0.03594285714285715
weing4.dat,GA,4,119337.0,0.4212425029982114,19700,True,1,0.03054285714285715
weing4.dat,GA,5,119337.0,0.6115329679996648,19700,True,1,0.0615857142857143
weing4.dat,GA,6,119337.0,0.6382451440003933,19700,True,1,0.036057142857142864
weing4.dat,GA,7,119337.0,0.6289119479988585,19700,True,1,0.03342857142857144
weing4.dat,GA,8,119337.0,0.5997988519993669,19700,True,1,0.030657142857142862
weing4.dat,GA,9,119337.0,0.6141711730015231,19700,True,1,0.025257142857142867
weing4.dat,GA-FIX-UX+BF3,0,119337.0,0.6422866829998384,19700,True,1,0.14874285714285715
weing4.dat,GA-FIX-UX+BF3,1,119337.0,0.6336473299998033,19700,True,1,0.15750000000000003
weing4.dat,GA-FIX-UX+BF3,2,119337.0,0.6393025940014923,19700,True,1,0.18808571428571427
weing4.dat,GA-FIX-UX+BF3,3,119337.0,0.3400931899996067,19700,True,1,0.1528428571428572
weing4.dat,GA-FIX-UX+BF3,4,119337.0,0.6386108099977719,19700,True,1,0.1961571428571429
weing4.dat,GA-FIX-UX+BF3,5,119337.0,0.5498667340034444,19700,True,1,0.2005142857142857
weing4.dat,GA-FIX-UX+BF3,6,119337.0,0.6345336420017702,19700,True,1,0.21582857142857148
weing4.dat,GA-FIX-UX+BF3,7,119337.0,0.6350517379978555,19700,True,1,0.1677571428571429
weing4.dat,GA-FIX-UX+BF3,8,119337.0,0.50267522699869,19700,True,1,0.12602857142857146
weing4.dat,GA-FIX-UX+BF3,9,119337.0,0.6327433930018742,19700,True,1,0.1748857142857143
weing4.dat,GA-QL,0,119337.0,0.5384549040027196,19700,True,1,0.023757142857142862
weing4.dat,GA-QL,1,119337.0,0.6471797179983696,19700,True,1,0.14657142857142863
weing4.dat,GA-QL,2,119337.0,0.6601699839993671,19700,True,1,0.17050000000000004
weing4.dat,GA-QL,3,119337.0,0.6856325490007293,19700,True,1,0.1504571428571429
weing4.dat,GA-QL,4,119337.0,0.5799614880015724,19700,True,1,0.06621428571428573
weing4.dat,GA-QL,5,119337.0,0.6269124800019199,19700,True,1,0.2077857142857143
weing4.dat,GA-QL,6,119337.0,0.36461937299827696,19700,True,1,0.14740000000000003
weing4.dat,GA-QL,7,119337.0,0.6026444279996213,19700,True,1,0.13375714285714288
weing4.dat,GA-QL,8,119337.0,0.5965025090008567,19700,True,1,0.16387142857142864
weing4.dat,GA-QL,9,119337.0,0.6525724709972565,19700,True,1,0.12901428571428572
weing4.dat,GA-QL-T,0,119337.0,0.6582121669998742,19700,True,1,0.11342857142857146
weing4.dat,GA-QL-T,1,119337.0,0.6715260540004238,19700,True,1,0.16371428571428576
weing4.dat,GA-QL-T,2,119337.0,0.5915551889993367,19700,True,1,0.1997857142857143
weing4.dat,GA-QL-T,3,119337.0,0.44752562299981946,19700,True,1,0.14974285714285718
weing4.dat,GA-QL-T,4,119337.0,0.6394188899976143,19700,True,1,0.0559857142857143
weing4.dat,GA-QL-T,5,119337.0,0.6410334230022272,19700,True,1,0.14542857142857146
weing4.dat,GA-QL-T,6,119337.0,0.672281789000408,19700,True,1,0.17272857142857143
weing4.dat,GA-QL-T,7,119337.0,0.6416948160003813,19700,True,1,0.17324285714285717
weing4.dat,GA-QL-T,8,119337.0,0.5097883679991355,19700,True,1,0.14042857142857143
weing4.dat,GA-QL-T,9,119337.0,0.4804624200005492,19700,True,1,0.20589999999999997
weing4.dat,GA-RAND,0,119337.0,0.5110094699994079,19700,True,1,0.13572857142857145
weing4.dat,GA-RAND,1,119337.0,0.5004062439984409,19700,True,1,0.11520000000000004
weing4.dat,GA-RAND,2,119337.0,0.6291509849979775,19700,True,1,0.16110000000000002
weing4.dat,GA-RAND,3,119337.0,0.4386561070023163,19700,True,1,0.24157142857142858
weing4.dat,GA-RAND,4,119337.0,0.6500933360002819,19700,True,1,0.21639999999999998
weing4.dat,GA-RAND,5,119337.0,0.613189458999841,19700,True,1,0.1800428571428572
weing4.dat,GA-RAND,6,119337.0,0.6503903859993443,19700,True,1,0.07372857142857146
weing4.dat,GA-RAND,7,119337.0,0.6484788910020143,19700,True,1,0.17762857142857144
weing4.dat,GA-RAND,8,119337.0,0.6505589259977569,19700,True,1,0.03187142857142858
weing4.dat,GA-RAND,9,119337.0,0.6430728100021952,19700,True,1,0.05960000000000002
weing4.dat,GA-UCB,0,119337.0,0.4034514199993282,19700,True,1,0.158
weing4.dat,GA-UCB,1,119337.0,0.6525744459977432,19700,True,1,0.1732714285714286
weing4.dat,GA-UCB,2,119337.0,0.6638359889984713,19700,True,1,0.12642857142857147
weing4.dat,GA-UCB,3,119337.0,0.6532978659997752,19700,True,1,0.1883142857142857
weing4.dat,GA-UCB,4,119337.0,0.47582605999923544,19700,True,1,0.13880000000000003
weing4.dat,GA-UCB,5,119337.0,0.6569730429982883,19700,True,1,0.14447142857142858
weing4.dat,GA-UCB,6,119337.0,0.6481993460001831,19700,True,1,0.15491428571428575
weing4.dat,GA-UCB,7,119337.0,0.6386528940020071,19700,True,1,0.1531428571428572
weing4.dat,GA-UCB,8,119337.0,0.397640863997367,19700,True,1,0.2078
weing4.dat,GA-UCB,9,119337.0,0.6501112739970267,19700,True,1,0.15461428571428576
weing5.dat,GA,0,98796.0,0.35953603100278997,19700,True,2,0.18777142857142856
weing5.dat,GA,1,98796.0,0.6330419259975315,19700,True,2,0.17865714285714285
weing5.dat,GA,2,98796.0,0.6251717439990898,19700,True,3,0.2007714285714286
weing5.dat,GA,3,98796.0,0.6214526290023059,19700,True,9,0.1629857142857143
weing5.dat,GA,4,98796.0,0.5421250190011051,19700,True,23,0.18392857142857144
weing5.dat,GA,5,98796.0,0.6577453159989091,19700,True,1,0.17882857142857148
weing5.dat,GA,6,98796.0,0.5782235090009635,19700,True,5,0.1610428571428571
weing5.dat,GA,7,98796.0,0.5351909040000464,19700,True,4,0.17557142857142857
weing5.dat,GA,8,98796.0,0.6294809559985879,19700,True,19,0.1723714285714286
weing5.dat,GA,9,98796.0,0.6312625669997942,19700,True,2,0.18485714285714286
weing5.dat,GA-FIX-UX+BF3,0,98796.0,0.6765510789991822,19700,True,6,0.3478428571428571
weing5.dat,GA-FIX-UX+BF3,1,98796.0,0.6929494619980687,19700,True,7,0.35069999999999996
weing5.dat,GA-FIX-UX+BF3,2,98796.0,0.44620950000171433,19700,True,3,0.32775714285714297
weing5.dat,GA-FIX-UX+BF3,3,98796.0,0.6718419740027457,19700,True,21,0.3107857142857142
weing5.dat,GA-FIX-UX+BF3,4,98796.0,0.6643135619997338,19700,True,12,0.35265714285714284
weing5.dat,GA-FIX-UX+BF3,5,98796.0,0.6608727509992605,19700,True,35,0.32385714285714295
weing5.dat,GA-FIX-UX+BF3,6,98796.0,0.6658821300006821,19700,True,8,0.2733
weing5.dat,GA-FIX-UX+BF3,7,98796.0,0.6636153309991641,19700,True,7,0.34131428571428574
weing5.dat,GA-FIX-UX+BF3,8,98796.0,0.6543550679998589,19700,True,4,0.3299142857142857
weing5.dat,GA-FIX-UX+BF3,9,98796.0,0.36008261399911135,19700,True,6,0.35264285714285715
weing5.dat,GA-QL,0,98796.0,0.5842421449997346,19700,True,18,0.16955714285714288
weing5.dat,GA-QL,1,98796.0,0.6287494589996641,19700,True,1,0.3865428571428572
weing5.dat,GA-QL,2,98796.0,0.7018662080008653,19700,True,6,0.3306714285714286
weing5.dat,GA-QL,3,98796.0,0.6908643110000412,19700,True,3,0.3943285714285714
weing5.dat,GA-QL,4,98796.0,0.7146657120028976,19700,True,10,0.3453857142857143
weing5.dat,GA-QL,5,98796.0,0.6831328509979357,19700,True,3,0.37181428571428576
weing5.dat,GA-QL,6,98796.0,0.6676691390021006,19700,True,8,0.29430000000000006
weing5.dat,GA-QL,7,98796.0,0.4175980630025151,19700,True,5,0.3691285714285715
weing5.dat,GA-QL,8,98796.0,0.7149746929972025,19700,True,5,0.3745428571428571
weing5.dat,GA-QL,9,98796.0,0.6139807239997026,19700,True,2,0.35162857142857146
weing5.dat,GA-QL-T,0,98796.0,0.6635622649992001,19700,True,2,0.3415428571428572
weing5.dat,GA-QL-T,1,98796.0,0.7391047409983003,19700,True,7,0.3300285714285715
weing5.dat,GA-QL-T,2,98796.0,0.6416231799994421,19700,True,3,0.3156714285714286
weing5.dat,GA-QL-T,3,98796.0,0.6881147489984869,19700,True,8,0.2719285714285714
weing5.dat,GA-QL-T,4,98796.0,0.5052382779977052,19700,True,3,0.27764285714285714
weing5.dat,GA-QL-T,5,98796.0,0.6926144140015822,19700,True,10,0.3809571428571429
weing5.dat,GA-QL-T,6,98796.0,0.6945205179981713,19700,True,3,0.33997142857142865
weing5.dat,GA-QL-T,7,98796.0,0.4692049709992716,19700,True,3,0.31170000000000003
weing5.dat,GA-QL-T,8,98796.0,0.6964535150000302,19700,True,8,0.26302857142857144
weing5.dat,GA-QL-T,9,98796.0,0.7105845830010367,19700,True,3,0.2830428571428571
weing5.dat,GA-RAND,0,98796.0,0.6357698460014944,19700,True,7,0.3532285714285715
weing5.dat,GA-RAND,1,98796.0,0.6450259299999743,19700,True,10,0.3323714285714286
weing5.dat,GA-RAND,2,98796.0,0.3830047010014823,19700,True,14,0.2655285714285714
weing5.dat,GA-RAND,3,98796.0,0.6001683449976554,19700,True,13,0.3351285714285714
weing5.dat,GA-RAND,4,98796.0,0.6453109850008332,19700,True,15,0.3902
weing5.dat,GA-RAND,5,98796.0,0.47625177599911694,19700,True,9,0.27617142857142857
weing5.dat,GA-RAND,6,98796.0,0.6760283879993949,19700,True,4,0.34345714285714285
weing5.dat,GA-RAND,7,98796.0,0.6596351670013973,19700,True,9,0.29327142857142857
weing5.dat,GA-RAND,8,98796.0,0.6518004669997026,19700,True,12,0.23195714285714283
weing5.dat,GA-RAND,9,98796.0,0.6471014350026962,19700,True,9,0.2917571428571429
weing5.dat,GA-UCB,0,98796.0,0.38900104999993346,19700,True,3,0.3413857142857143
weing5.dat,GA-UCB,1,98796.0,0.6499181809995207,19700,True,5,0.25285714285714284
weing5.dat,GA-UCB,2,98796.0,0.3884353690009448,19700,True,6,0.2982714285714286
weing5.dat,GA-UCB,3,98796.0,0.6711032370003522,19700,True,5,0.2481571428571429
weing5.dat,GA-UCB,4,98796.0,0.7179058060028183,19700,True,5,0.3660857142857143
weing5.dat,GA-UCB,5,98796.0,0.6941404879980837,19700,True,1,0.36525714285714284
weing5.dat,GA-UCB,6,98796.0,0.6612828530014667,19700,True,12,0.33422857142857143
weing5.dat,GA-UCB,7,98796.0,0.7123678060015664,19700,True,3,0.35114285714285715
weing5.dat,GA-UCB,8,98796.0,0.45300863400188973,19700,True,12,0.3779571428571429
weing5.dat,GA-UCB,9,98796.0,0.6769934299991291,19700,True,3,0.3329571428571429
weing6.dat,GA,0,130623.0,0.5895593140012352,19700,True,31,0.2683714285714286
weing6.dat,GA,1,130623.0,0.3739534000014828,19700,True,10,0.2851571428571429
weing6.dat,GA,2,130623.0,0.5921968589973403,19700,True,27,0.27092857142857146
weing6.dat,GA,3,130623.0,0.5910406270013482,19700,True,16,0.23289999999999997
weing6.dat,GA,4,130623.0,0.5776157929976762,19700,True,51,0.2939714285714286
weing6.dat,GA,5,130623.0,0.4943240600005083,19700,True,15,0.2660571428571429
weing6.dat,GA,6,130623.0,0.5906011150000268,19700,True,14,0.23882857142857145
weing6.dat,GA,7,130623.0,0.4508288119977806,19700,True,19,0.2596428571428572
weing6.dat,GA,8,130623.0,0.579129568002827,19700,True,22,0.2566857142857143
weing6.dat,GA,9,130623.0,0.5963705409994873,19700,True,65,0.26092857142857145
weing6.dat,GA-FIX-UX+BF3,0,130623.0,0.6633834409985866,19700,True,33,0.39185714285714296
weing6.dat,GA-FIX-UX+BF3,1,130623.0,0.7047985970020818,19700,True,69,0.43817142857142866
weing6.dat,GA-FIX-UX+BF3,2,130623.0,0.664082043000235,19700,True,106,0.40541428571428584
weing6.dat,GA-FIX-UX+BF3,3,130623.0,0.42193572799806134,19700,True,7,0.4336142857142858
weing6.dat,GA-FIX-UX+BF3,4,130623.0,0.6881075119999878,19700,True,29,0.3962857142857143
weing6.dat,GA-FIX-UX+BF3,5,130623.0,0.6638185839983635,19700,True,37,0.35618571428571427
weing6.dat,GA-FIX-UX+BF3,6,130623.0,0.6636577120007132,19700,True,24,0.44652857142857144
weing6.dat,GA-FIX-UX+BF3,7,130623.0,0.6252607349997561,19700,True,5,0.3798428571428572
weing6.dat,GA-FIX-UX+BF3,8,130623.0,0.5836805979997735,19700,True,20,0.4133285714285715
weing6.dat,GA-FIX-UX+BF3,9,130623.0,0.6475673319982889,19700,True,16,0.41195714285714286
weing6.dat,GA-QL,0,130623.0,0.44407478900029673,19700,True,37,0.43179999999999996
weing6.dat,GA-QL,1,130623.0,0.6885512240005482,19700,True,7,0.3349714285714286
weing6.dat,GA-QL,2,130623.0,0.38631100700149545,19700,True,47,0.4123142857142857
weing6.dat,GA-QL,3,130623.0,0.6525678139987576,19700,True,22,0.4140142857142857
weing6.dat,GA-QL,4,130623.0,0.6767683300022327,19700,True,36,0.3278571428571429
weing6.dat,GA-QL,5,130623.0,0.667991632999474,19700,True,22,0.39024285714285717
weing6.dat,GA-QL,6,130623.0,0.6730151990013837,19700,True,35,0.38210000000000005
weing6.dat,GA-QL,7,130623.0,0.6998958739968657,19700,True,14,0.3605428571428572
weing6.dat,GA-QL,8,130623.0,0.4559324410001864,19700,True,10,0.4091428571428571
weing6.dat,GA-QL,9,130623.0,0.7054588030005107,19700,True,30,0.34275714285714287
weing6.dat,GA-QL-T,0,130623.0,0.6618318510008976,19700,True,35,0.31112857142857137
weing6.dat,GA-QL-T,1,130623.0,0.6844817389974196,19700,True,26,0.3119
weing6.dat,GA-QL-T,2,130623.0,0.605343017999985,19700,True,20,0.3233
weing6.dat,GA-QL-T,3,130623.0,0.7069691469987447,19700,True,11,0.3409285714285714
weing6.dat,GA-QL-T,4,130623.0,0.6466710210006568,19700,True,13,0.4092571428571428
weing6.dat,GA-QL-T,5,130623.0,0.732314500000939,19700,True,16,0.4149142857142857
weing6.dat,GA-QL-T,6,130623.0,0.7301081890000205,19700,True,37,0.4208571428571429
weing6.dat,GA-QL-T,7,130623.0,0.5847804479999468,19700,True,27,0.3829714285714286
weing6.dat,GA-QL-T,8,130623.0,0.692654237998795,19700,True,30,0.38997142857142864
weing6.dat,GA-QL-T,9,130623.0,0.5228792829984741,19700,True,23,0.2554428571428572
weing6.dat,GA-RAND,0,130623.0,0.6467909540006076,19700,True,25,0.4141857142857144
weing6.dat,GA-RAND,1,130623.0,0.6580652869997721,19700,True,6,0.3967428571428572
weing6.dat,GA-RAND,2,130623.0,0.651567654000246,19700,True,32,0.4045285714285714
weing6.dat,GA-RAND,3,130623.0,0.493002045997855,19700,True,12,0.4346285714285715
weing6.dat,GA-RAND,4,130623.0,0.6430709989981551,19700,True,41,0.46159999999999995
weing6.dat,GA-RAND,5,130623.0,0.4268259290001879,19700,True,31,0.3567285714285715
weing6.dat,GA-RAND,6,130623.0,0.6666579470002034,19700,True,27,0.32371428571428573
weing6.dat,GA-RAND,7,130623.0,0.5450879529998929,19700,True,11,0.3834571428571429
weing6.dat,GA-RAND,8,130623.0,0.6451888199990208,19700,True,31,0.3132428571428572
weing6.dat,GA-RAND,9,130623.0,0.6037631780018273,19700,True,69,0.3196857142857143
weing6.dat,GA-UCB,0,130623.0,0.6721579789991665,19700,True,24,0.40700000000000003
weing6.dat,GA-UCB,1,130623.0,0.6441653889996815,19700,True,22,0.3072142857142857
weing6.dat,GA-UCB,2,130623.0,0.5423655630002031,19700,True,56,0.4232
weing6.dat,GA-UCB,3,130623.0,0.3835025869993842,19700,True,29,0.3885714285714285
weing6.dat,GA-UCB,4,130623.0,0.6449982680023822,19700,True,18,0.44699999999999995
weing6.dat,GA-UCB,5,130623.0,0.6445199090012466,19700,True,22,0.42102857142857136
weing6.dat,GA-UCB,6,130623.0,0.6516281459989841,19700,True,5,0.3975857142857143
weing6.dat,GA-UCB,7,130623.0,0.6970592360012233,19700,True,18,0.42470000000000013
weing6.dat,GA-UCB,8,130623.0,0.5643503920000512,19700,True,64,0.3110714285714286
weing6.dat,GA-UCB,9,130623.0,0.6454957210007706,19700,True,32,0.4077571428571429
weing7.dat,GA,0,1095206.0,1.3029672909979126,19700,True,10,0.021238095238095243
weing7.dat,GA,1,1094917.0,1.4237498990005406,19700,True,62,0.0052342857142857165
weing7.dat,GA,2,1094356.0,1.4776075329973537,19700,True,28,0.00632761904761905
weing7.dat,GA,3,1095206.0,1.4189810839998245,19700,True,70,0.025439999999999997
weing7.dat,GA,4,1094262.0,1.0110317719991144,19700,True,26,0.009706666666666672
weing7.dat,GA,5,1095206.0,1.0679217309989326,19700,True,119,0.013535238095238102
weing7.dat,GA,6,1094356.0,1.427977423001721,19700,True,111,0.020125714285714295
weing7.dat,GA,7,1095206.0,0.9216079780017026,19700,True,177,0.023455238095238105
weing7.dat,GA,8,1094356.0,1.193552565000573,19700,True,50,0.007405714285714289
weing7.dat,GA,9,1094262.0,1.4530669560008391,19700,True,58,0.009977142857142862
weing7.dat,GA-FIX-UX+BF3,0,1095382.0,1.3699572309997166,19700,True,29,0.057356190476190484
weing7.dat,GA-FIX-UX+BF3,1,1094356.0,1.672721842998726,19700,True,8,0.042194285714285726
weing7.dat,GA-FIX-UX+BF3,2,1095206.0,1.3541639979994216,19700,True,183,0.08024761904761907
weing7.dat,GA-FIX-UX+BF3,3,1095206.0,1.645455977999518,19700,True,38,0.05303238095238096
weing7.dat,GA-FIX-UX+BF3,4,1095382.0,1.4484477370024251,19700,True,195,0.0838704761904762
weing7.dat,GA-FIX-UX+BF3,5,1095382.0,1.6726326550015074,19700,True,183,0.047641904761904774
weing7.dat,GA-FIX-UX+BF3,6,1095382.0,1.3757531570008723,19700,True,140,0.048411428571428584
weing7.dat,GA-FIX-UX+BF3,7,1094356.0,1.6664813360002881,19700,True,7,0.04336000000000001
weing7.dat,GA-FIX-UX+BF3,8,1094356.0,1.6679374119994463,19700,True,3,0.03963428571428572
weing7.dat,GA-FIX-UX+BF3,9,1094416.0,1.4970723619990167,19700,True,195,0.0880457142857143
weing7.dat,GA-QL,0,1095382.0,1.5507778110004438,19700,True,66,0.025180952380952384
weing7.dat,GA-QL,1,1095206.0,1.1513530659976823,19700,True,34,0.06744000000000001
weing7.dat,GA-QL,2,1094356.0,1.600584200998128,19700,True,8,0.08645333333333335
weing7.dat,GA-QL,3,1095382.0,1.5589615630015032,19700,True,22,0.0920304761904762
weing7.dat,GA-QL,4,1095382.0,1.2180390559988155,19700,True,96,0.058956190476190495
weing7.dat,GA-QL,5,1094356.0,1.6229546280010254,19700,True,17,0.06507428571428574
weing7.dat,GA-QL,6,1094356.0,1.5167708059998404,19700,True,7,0.03274285714285715
weing7.dat,GA-QL,7,1095382.0,1.581626826999127,19700,True,182,0.06755047619047622
weing7.dat,GA-QL,8,1095382.0,1.311930317999213,19700,True,29,0.05793142857142858
weing7.dat,GA-QL,9,1095382.0,1.3976510579996102,19700,True,184,0.020685714285714286
weing7.dat,GA-QL-T,0,1095382.0,1.5381047739974747,19700,True,22,0.07167238095238096
weing7.dat,GA-QL-T,1,1095206.0,1.5725587970009656,19700,True,10,0.08517333333333332
weing7.dat,GA-QL-T,2,1095206.0,1.5879721160017652,19700,True,19,0.08336000000000002
weing7.dat,GA-QL-T,3,1095382.0,1.4103356800005713,19700,True,169,0.04366857142857144
weing7.dat,GA-QL-T,4,1095382.0,1.5458244399997056,19700,True,44,0.0929409523809524
weing7.dat,GA-QL-T,5,1095382.0,0.9218531679980515,19700,True,152,0.11424761904761907
weing7.dat,GA-QL-T,6,1095206.0,1.6344551440015493,19700,True,51,0.09008380952380955
weing7.dat,GA-QL-T,7,1095382.0,1.4229319940022833,19700,True,24,0.09425523809523811
weing7.dat,GA-QL-T,8,1094356.0,1.5386625610008196,19700,True,10,0.0807504761904762
weing7.dat,GA-QL-T,9,1094356.0,1.0823107550022542,19700,True,6,0.07856000000000003
weing7.dat,GA-RAND,0,1095382.0,1.5407865560009668,19700,True,15,0.03264761904761906
weing7.dat,GA-RAND,1,1095382.0,1.5349619900007383,19700,True,135,0.020521904761904766
weing7.dat,GA-RAND,2,1095382.0,1.5860747469996568,19700,True,151,0.08774095238095239
weing7.dat,GA-RAND,3,1094356.0,1.5801522950023354,19700,True,8,0.07222857142857143
weing7.dat,GA-RAND,4,1095206.0,1.402722939998057,19700,True,172,0.11005333333333335
weing7.dat,GA-RAND,5,1095382.0,1.3170862129991292,19700,True,51,0.011447619047619052
weing7.dat,GA-RAND,6,1094356.0,1.041187828999682,19700,True,7,0.03741333333333335
weing7.dat,GA-RAND,7,1094356.0,1.6127401389967417,19700,True,14,0.08485333333333335
weing7.dat,GA-RAND,8,1095206.0,1.57546850899962,19700,True,157,0.08592000000000001
weing7.dat,GA-RAND,9,1094356.0,1.5650432399997953,19700,True,14,0.08916952380952382
weing7.dat,GA-UCB,0,1095382.0,1.6143761530001939,19700,True,19,0.08038095238095239
weing7.dat,GA-UCB,1,1095206.0,1.5340816850002739,19700,True,66,0.020266666666666676
weing7.dat,GA-UCB,2,1094356.0,1.653285500997299,19700,True,9,0.08065142857142857
weing7.dat,GA-UCB,3,1094356.0,1.2273198080001748,19700,True,5,0.05557714285714287
weing7.dat,GA-UCB,4,1094356.0,1.4932106109990855,19700,True,11,0.047569523809523825
weing7.dat,GA-UCB,5,1094356.0,1.438536532001308,19700,True,9,0.06662095238095239
weing7.dat,GA-UCB,6,1094356.0,1.449951021000743,19700,True,13,0.07401523809523812
weing7.dat,GA-UCB,7,1094356.0,1.444262617998902,19700,True,25,0.06284952380952383
weing7.dat,GA-UCB,8,1094356.0,1.5172164510004222,19700,True,21,0.050495238095238114
weing7.dat,GA-UCB,9,1094736.0,1.5938305739982752,19700,True,190,0.09118476190476195
weing8.dat,GA,0,621086.0,1.7806254509996506,19700,True,1,0.02189714285714286
weing8.dat,GA,1,621086.0,1.6374857319970033,19700,True,5,0.012400000000000001
weing8.dat,GA,2,624319.0,1.0934916839978541,19700,True,15,0.02651809523809524
weing8.dat,GA,3,621086.0,1.659535742001026,19700,True,3,0.014019047619047618
weing8.dat,GA,4,624319.0,1.642253140998946,19700,True,7,0.013104761904761907
weing8.dat,GA,5,624319.0,1.690249794999545,19700,True,79,0.026320000000000007
weing8.dat,GA,6,624319.0,1.671540974999516,19700,True,148,0.02555809523809524
weing8.dat,GA,7,624319.0,0.9501254399983736,19700,True,124,0.03269714285714286
weing8.dat,GA,8,621086.0,1.7148891420001746,19700,True,2,0.01253714285714286
weing8.dat,GA,9,621086.0,1.6655049459986913,19700,True,2,0.00806857142857143
weing8.dat,GA-FIX-UX+BF3,0,621086.0,1.9801951330009615,19700,True,2,0.04064380952380953
weing8.dat,GA-FIX-UX+BF3,1,624319.0,1.973685008000757,19700,True,12,0.061123809523809525
weing8.dat,GA-FIX-UX+BF3,2,624319.0,1.9833403689990519,19700,True,23,0.054076190476190486
weing8.dat,GA-FIX-UX+BF3,3,621086.0,1.1582762369980628,19700,True,3,0.04985142857142858
weing8.dat,GA-FIX-UX+BF3,4,624319.0,1.8739982900005998,19700,True,23,0.061961904761904774
weing8.dat,GA-FIX-UX+BF3,5,624319.0,1.8695196509979723,19700,True,42,0.0526552380952381
weing8.dat,GA-FIX-UX+BF3,6,624319.0,1.9695833949990629,19700,True,26,0.06104000000000001
weing8.dat,GA-FIX-UX+BF3,7,621086.0,1.7282520740009204,19700,True,2,0.046308571428571435
weing8.dat,GA-FIX-UX+BF3,8,624319.0,1.701402460999816,19700,True,72,0.060876190476190487
weing8.dat,GA-FIX-UX+BF3,9,624319.0,1.6791172830016876,19700,True,12,0.06429714285714287
weing8.dat,GA-QL,0,621086.0,1.799440564998804,19700,True,1,0.012998095238095241
weing8.dat,GA-QL,1,624319.0,1.0151824870008568,19700,True,45,0.05261333333333333
weing8.dat,GA-QL,2,621086.0,1.8677073670005484,19700,True,2,0.042167619047619044
weing8.dat,GA-QL,3,624319.0,1.8193335719988681,19700,True,119,0.05627047619047619
weing8.dat,GA-QL,4,624319.0,1.9146395930001745,19700,True,26,0.03078857142857144
weing8.dat,GA-QL,5,621086.0,1.310845705000247,19700,True,2,0.023500952380952383
weing8.dat,GA-QL,6,624319.0,1.7446081069974753,19700,True,12,0.02521142857142858
weing8.dat,GA-QL,7,621086.0,1.6030922579993785,19700,True,2,0.03912761904761905
weing8.dat,GA-QL,8,621086.0,1.768299063998711,19700,True,4,0.018083809523809523
weing8.dat,GA-QL,9,621086.0,1.897715523999068,19700,True,2,0.03384761904761905
weing8.dat,GA-QL-T,0,621086.0,1.7721142570007942,19700,True,1,0.02680380952380953
weing8.dat,GA-QL-T,1,621086.0,1.866072360000544,19700,True,4,0.037539047619047625
weing8.dat,GA-QL-T,2,621086.0,1.8470092640018265,19700,True,2,0.009184761904761906
weing8.dat,GA-QL-T,3,624319.0,1.5964899079990573,19700,True,11,0.041177142857142864
weing8.dat,GA-QL-T,4,621086.0,1.1160357209992071,19700,True,2,0.01390857142857143
weing8.dat,GA-QL-T,5,621086.0,1.8216758279995702,19700,True,2,0.023771428571428572
weing8.dat,GA-QL-T,6,621086.0,1.0105328639983782,19700,True,2,0.013478095238095239
weing8.dat,GA-QL-T,7,621086.0,1.8609239560028072,19700,True,2,0.010742857142857144
weing8.dat,GA-QL-T,8,621086.0,1.849216864000482,19700,True,2,0.02143619047619048
weing8.dat,GA-QL-T,9,621086.0,1.7512142790001235,19700,True,2,0.009321904761904762
weing8.dat,GA-RAND,0,621086.0,1.8555633470023167,19700,True,2,0.01568
weing8.dat,GA-RAND,1,624319.0,1.8532791760007967,19700,True,26,0.049630476190476204
weing8.dat,GA-RAND,2,624319.0,1.098616780996963,19700,True,15,0.0601409523809524
weing8.dat,GA-RAND,3,624319.0,1.8239430860012362,19700,True,15,0.060849523809523826
weing8.dat,GA-RAND,4,624319.0,1.8625055539996538,19700,True,76,0.0665257142857143
weing8.dat,GA-RAND,5,624319.0,1.1613730149983894,19700,True,12,0.021897142857142855
weing8.dat,GA-RAND,6,624319.0,1.3161471109997365,19700,True,133,0.05765714285714288
weing8.dat,GA-RAND,7,624319.0,1.886383583998395,19700,True,14,0.05804952380952383
weing8.dat,GA-RAND,8,621086.0,1.7168789310017019,19700,True,2,0.03416761904761906
weing8.dat,GA-RAND,9,621086.0,1.6094357340007264,19700,True,3,0.035440000000000006
weing8.dat,GA-UCB,0,621086.0,1.827291261000937,19700,True,1,0.025127619047619048
weing8.dat,GA-UCB,1,624319.0,1.400039606000064,19700,True,9,0.04856380952380953
weing8.dat,GA-UCB,2,624319.0,1.8487507909994747,19700,True,19,0.028209523809523816
weing8.dat,GA-UCB,3,624319.0,1.4943645409985038,19700,True,24,0.05673142857142857
weing8.dat,GA-UCB,4,621086.0,1.853483883998706,19700,True,3,0.02441904761904763
weing8.dat,GA-UCB,5,621086.0,1.849589517001732,19700,True,4,0.03475047619047619
weing8.dat,GA-UCB,6,624319.0,1.8454853200018988,19700,True,80,0.0536457142857143
weing8.dat,GA-UCB,7,624319.0,1.016484544998093,19700,True,12,0.05055238095238096
weing8.dat,GA-UCB,8,624319.0,1.8210710089988424,19700,True,33,0.061413333333333334
weing8.dat,GA-UCB,9,621086.0,1.8035305390003487,19700,True,2,0.045504761904761916
