instance,method,seed,value,time,evaluations,feasible,gen_to_best,final_diversity
knapPI_1_1000_1000_1,GA,0,54503.0,2.362040244999662,19700,True,9,0.00015840000000000006
knapPI_1_1000_1000_1,GA,1,54503.0,3.1474067689996446,19700,True,9,0.0
knapPI_1_1000_1000_1,GA,2,54503.0,2.5282776359999843,19700,True,8,0.0
knapPI_1_1000_1000_1,GA,3,54503.0,2.912602792999678,19700,True,9,0.0
knapPI_1_1000_1000_1,GA,4,54503.0,2.9420175139966886,19700,True,6,0.0
knapPI_1_1000_1000_1,GA,5,54503.0,2.9162246490013786,19700,True,8,0.0
knapPI_1_1000_1000_1,GA,6,54503.0,2.205837566001719,19700,True,9,0.00015840000000000003
knapPI_1_1000_1000_1,GA,7,54503.0,2.727369536001788,19700,True,7,0.0
knapPI_1_1000_1000_1,GA,8,54503.0,2.580848165998759,19700,True,7,0.0
knapPI_1_1000_1000_1,GA,9,54503.0,2.3315401669970015,19700,True,6,0.0
knapPI_1_1000_1000_1,GA-FIX-UX+BF3,0,54503.0,4.110230663998664,19700,True,10,0.00023760000000000008
knapPI_1_1000_1000_1,GA-FIX-UX+BF3,1,54503.0,4.6411222710012225,19700,True,11,0.00011880000000000004
knapPI_1_1000_1000_1,GA-FIX-UX+BF3,2,54503.0,4.018765441000141,19700,True,10,0.00023680000000000006
knapPI_1_1000_1000_1,GA-FIX-UX+BF3,3,54440.0,4.875199180998607,19700,True,11,0.0001980000000000001
knapPI_1_1000_1000_1,GA-FIX-UX+BF3,4,54503.0,4.505417323001893,19700,True,10,0.0003136000000000001
knapPI_1_1000_1000_1,GA-FIX-UX+BF3,5,54503.0,4.244882720999158,19700,True,11,0.0002772000000000001
knapPI_1_1000_1000_1,GA-FIX-UX+BF3,6,54503.0,4.553859559000557,19700,True,10,0.0
knapPI_1_1000_1000_1,GA-FIX-UX+BF3,7,54503.0,4.7636034800016205,19700,True,9,0.0
knapPI_1_1000_1000_1,GA-FIX-UX+BF3,8,54503.0,3.9759593720009434,19700,True,10,0.0001584000000000001
knapPI_1_1000_1000_1,GA-FIX-UX+BF3,9,54503.0,4.829640813997685,19700,True,8,0.00011880000000000004
knapPI_1_1000_1000_1,GA-QL,0,54503.0,3.892539284999657,19700,True,7,0.0
knapPI_1_1000_1000_1,GA-QL,1,54503.0,3.887946055998327,19700,True,11,0.00015840000000000006
knapPI_1_1000_1000_1,GA-QL,2,54503.0,3.920228450999275,19700,True,9,0.0001584000000000001
knapPI_1_1000_1000_1,GA-QL,3,54503.0,2.9010888390002947,19700,True,11,0.0
knapPI_1_1000_1000_1,GA-QL,4,54503.0,3.9000034279997635,19700,True,10,0.0001584000000000001
knapPI_1_1000_1000_1,GA-QL,5,54503.0,2.7735681919984927,19700,True,8,0.0
knapPI_1_1000_1000_1,GA-QL,6,54503.0,4.045082987999194,19700,True,79,0.00011880000000000004
knapPI_1_1000_1000_1,GA-QL,7,54503.0,3.6015840270010813,19700,True,7,0.0001584000000000001
knapPI_1_1000_1000_1,GA-QL,8,54503.0,3.361542824000935,19700,True,9,0.0
knapPI_1_1000_1000_1,GA-QL,9,54503.0,3.8638904789986555,19700,True,7,7.920000000000005e-05
knapPI_1_1000_1000_1,GA-QL-T,0,54503.0,3.964939149998827,19700,True,8,0.00011880000000000004
knapPI_1_1000_1000_1,GA-QL-T,1,54503.0,3.517415995000192,19700,True,8,0.0001584000000000001
knapPI_1_1000_1000_1,GA-QL-T,2,54503.0,3.9812922989985964,19700,True,7,0.0
knapPI_1_1000_1000_1,GA-QL-T,3,54503.0,4.081198193998716,19700,True,9,0.00023760000000000014
knapPI_1_1000_1000_1,GA-QL-T,4,54503.0,4.2720029230004,19700,True,9,0.0
knapPI_1_1000_1000_1,GA-QL-T,5,54503.0,3.7310460369990324,19700,True,8,0.00015840000000000006
knapPI_1_1000_1000_1,GA-QL-T,6,54503.0,3.6355914330015366,19700,True,8,0.0
knapPI_1_1000_1000_1,GA-QL-T,7,54503.0,3.698532360001991,19700,True,7,0.00011880000000000008
knapPI_1_1000_1000_1,GA-QL-T,8,54503.0,3.602930152999761,19700,True,9,0.0002764000000000001
knapPI_1_1000_1000_1,GA-QL-T,9,54503.0,4.25711354500163,19700,True,8,0.00015840000000000006
knapPI_1_1000_1000_1,GA-RAND,0,54503.0,3.536385960000189,19700,True,8,0.00011880000000000004
knapPI_1_1000_1000_1,GA-RAND,1,54503.0,3.784613494997757,19700,True,13,0.0003952000000000001
knapPI_1_1000_1000_1,GA-RAND,2,54503.0,3.639874578002491,19700,True,10,0.0
knapPI_1_1000_1000_1,GA-RAND,3,54503.0,3.6437183899979573,19700,True,26,0.0
knapPI_1_1000_1000_1,GA-RAND,4,54503.0,3.4867493599995214,19700,True,8,7.920000000000005e-05
knapPI_1_1000_1000_1,GA-RAND,5,54503.0,3.748867138001515,19700,True,11,0.0
knapPI_1_1000_1000_1,GA-RAND,6,54503.0,3.632791627002007,19700,True,10,0.0
knapPI_1_1000_1000_1,GA-RAND,7,54503.0,3.9410220669997216,19700,True,6,0.00011880000000000004
knapPI_1_1000_1000_1,GA-RAND,8,54503.0,2.769526369000232,19700,True,9,0.0
knapPI_1_1000_1000_1,GA-RAND,9,54503.0,4.1294986290013185,19700,True,9,0.0
knapPI_1_1000_1000_1,GA-UCB,0,54503.0,3.935301124001853,19700,True,10,0.0
knapPI_1_1000_1000_1,GA-UCB,1,54429.0,3.820548003001022,19700,True,10,0.00015680000000000004
knapPI_1_1000_1000_1,GA-UCB,2,54503.0,3.604239180996956,19700,True,9,7.920000000000005e-05
knapPI_1_1000_1000_1,GA-UCB,3,54503.0,3.7284866879999754,19700,True,11,0.0
knapPI_1_1000_1000_1,GA-UCB,4,54503.0,4.0359755660028895,19700,True,8,0.0
knapPI_1_1000_1000_1,GA-UCB,5,54503.0,3.7842903889977606,19700,True,8,0.0
knapPI_1_1000_1000_1,GA-UCB,6,54503.0,4.003211778999685,19700,True,11,0.0
knapPI_1_1000_1000_1,GA-UCB,7,54503.0,2.614653216998704,19700,True,7,7.920000000000005e-05
knapPI_1_1000_1000_1,GA-UCB,8,54503.0,3.658780961002776,19700,True,10,0.00011880000000000004
knapPI_1_1000_1000_1,GA-UCB,9,54503.0,3.418882759000553,19700,True,8,7.920000000000005e-05
knapPI_1_100_1000_1,GA,0,9147.0,0.9338314609994995,19700,True,4,0.004712000000000002
knapPI_1_100_1000_1,GA,1,9147.0,0.9382249189984577,19700,True,1,0.003492000000000001
knapPI_1_100_1000_1,GA,2,9147.0,0.870284904998698,19700,True,1,0.0007920000000000005
knapPI_1_100_1000_1,GA,3,9147.0,0.848338898998918,19700,True,1,0.004260000000000001
knapPI_1_100_1000_1,GA,4,9147.0,0.82228715599922,19700,True,1,0.0027400000000000007
knapPI_1_100_1000_1,GA,5,9147.0,0.8782710660016164,19700,True,3,0.0015760000000000008
knapPI_1_100_1000_1,GA,6,9147.0,0.8379337859987572,19700,True,1,0.002756000000000002
knapPI_1_100_1000_1,GA,7,9147.0,0.843638351001573,19700,True,1,0.0027400000000000007
knapPI_1_100_1000_1,GA,8,9147.0,0.8292997620010283,19700,True,12,0.0027560000000000006
knapPI_1_100_1000_1,GA,9,9147.0,0.8558734929974889,19700,True,1,0.005012000000000002
knapPI_1_100_1000_1,GA-FIX-UX+BF3,0,9147.0,0.6590590809973946,19700,True,1,0.006912000000000002
knapPI_1_100_1000_1,GA-FIX-UX+BF3,1,9147.0,1.0705145229985646,19700,True,1,0.005691999999999999
knapPI_1_100_1000_1,GA-FIX-UX+BF3,2,9147.0,0.694717809001304,19700,True,1,0.0098
knapPI_1_100_1000_1,GA-FIX-UX+BF3,3,9147.0,1.1237419940007385,19700,True,1,0.006112000000000002
knapPI_1_100_1000_1,GA-FIX-UX+BF3,4,9147.0,1.104762186998414,19700,True,1,0.006580000000000002
knapPI_1_100_1000_1,GA-FIX-UX+BF3,5,9147.0,1.1441449019985157,19700,True,1,0.01024
knapPI_1_100_1000_1,GA-FIX-UX+BF3,6,9147.0,1.1253569120017346,19700,True,1,0.004228000000000003
knapPI_1_100_1000_1,GA-FIX-UX+BF3,7,9147.0,1.1286509390010906,19700,True,1,0.008691999999999998
knapPI_1_100_1000_1,GA-FIX-UX+BF3,8,9147.0,1.1285708519972104,19700,True,3,0.005060000000000002
knapPI_1_100_1000_1,GA-FIX-UX+BF3,9,9147.0,0.7229719599999953,19700,True,1,0.006112000000000002
knapPI_1_100_1000_1,GA-QL,0,9147.0,0.9926805099967169,19700,True,13,0.006736
knapPI_1_100_1000_1,GA-QL,1,9147.0,0.9695497449974937,19700,True,1,0.005304000000000002
knapPI_1_100_1000_1,GA-QL,2,9147.0,0.9659465309996449,19700,True,1,0.005432000000000003
knapPI_1_100_1000_1,GA-QL,3,9147.0,0.9637397580008837,19700,True,1,0.007332000000000003
knapPI_1_100_1000_1,GA-QL,4,9147.0,0.9707857210014481,19700,True,1,0.005788000000000002
knapPI_1_100_1000_1,GA-QL,5,9147.0,0.5964029970018601,19700,True,1,0.009332
knapPI_1_100_1000_1,GA-QL,6,9147.0,0.9793126380027388,19700,True,1,0.005999999999999998
knapPI_1_100_1000_1,GA-QL,7,9147.0,0.6139637109990872,19700,True,1,0.006968000000000003
knapPI_1_100_1000_1,GA-QL,8,9147.0,1.000712705001206,19700,True,1,0.0109
knapPI_1_100_1000_1,GA-QL,9,9147.0,0.9633330600008776,19700,True,1,0.003492000000000001
knapPI_1_100_1000_1,GA-QL-T,0,9147.0,0.898814467000193,19700,True,4,0.0093
knapPI_1_100_1000_1,GA-QL-T,1,9147.0,1.0235280179986148,19700,True,1,0.009176
knapPI_1_100_1000_1,GA-QL-T,2,9147.0,0.9691729019978084,19700,True,1,0.008683999999999999
knapPI_1_100_1000_1,GA-QL-T,3,9147.0,0.6426473829997121,19700,True,3,0.008616
knapPI_1_100_1000_1,GA-QL-T,4,9147.0,1.0064528490001976,19700,True,1,0.006435999999999998
knapPI_1_100_1000_1,GA-QL-T,5,9147.0,1.0280895450014214,19700,True,2,0.006112000000000002
knapPI_1_100_1000_1,GA-QL-T,6,9147.0,1.0019970050016127,19700,True,1,0.007356000000000002
knapPI_1_100_1000_1,GA-QL-T,7,9147.0,1.0218377330020303,19700,True,1,0.006184000000000003
knapPI_1_100_1000_1,GA-QL-T,8,9147.0,1.0106137020011374,19700,True,10,0.009568
knapPI_1_100_1000_1,GA-QL-T,9,9147.0,0.9943472529994324,19700,True,1,0.00964
knapPI_1_100_1000_1,GA-RAND,0,9147.0,0.9731144680008583,19700,True,1,0.0015680000000000006
knapPI_1_100_1000_1,GA-RAND,1,9147.0,0.994525671001611,19700,True,1,0.0011880000000000005
knapPI_1_100_1000_1,GA-RAND,2,9147.0,0.9649336009970284,19700,True,1,0.012616
knapPI_1_100_1000_1,GA-RAND,3,9147.0,0.7737561060021108,19700,True,1,0.003096000000000001
knapPI_1_100_1000_1,GA-RAND,4,9147.0,0.5713718260012683,19700,True,1,0.007272000000000001
knapPI_1_100_1000_1,GA-RAND,5,9147.0,0.9712539329993888,19700,True,2,0.003492000000000001
knapPI_1_100_1000_1,GA-RAND,6,9147.0,0.9680136459974165,19700,True,1,0.001972000000000001
knapPI_1_100_1000_1,GA-RAND,7,9147.0,0.9776554989985016,19700,True,1,0.010500000000000002
knapPI_1_100_1000_1,GA-RAND,8,9147.0,0.8868502600016654,19700,True,1,0.006387999999999998
knapPI_1_100_1000_1,GA-RAND,9,9147.0,0.7300129079994804,19700,True,1,0.004948000000000002
knapPI_1_100_1000_1,GA-UCB,0,9147.0,0.9869100950018037,19700,True,3,0.004340000000000003
knapPI_1_100_1000_1,GA-UCB,1,9147.0,0.9691099369993026,19700,True,1,0.008127999999999998
knapPI_1_100_1000_1,GA-UCB,2,9147.0,0.7310367149984813,19700,True,1,0.007711999999999999
knapPI_1_100_1000_1,GA-UCB,3,9147.0,1.0025783379969653,19700,True,1,0.009996
knapPI_1_100_1000_1,GA-UCB,4,9147.0,0.9388683170000149,19700,True,1,0.00866
knapPI_1_100_1000_1,GA-UCB,5,9147.0,0.9870849059989268,19700,True,2,0.010628000000000002
knapPI_1_100_1000_1,GA-UCB,6,9147.0,0.9737381969971466,19700,True,1,0.009288000000000005
knapPI_1_100_1000_1,GA-UCB,7,9147.0,0.8022273460010183,19700,True,1,0.010716000000000002
knapPI_1_100_1000_1,GA-UCB,8,9147.0,0.608920146998571,19700,True,2,0.007584
knapPI_1_100_1000_1,GA-UCB,9,9147.0,0.8762066990020685,19700,True,1,0.008888
knapPI_1_2000_1000_1,GA,0,110619.0,5.046597656000813,19700,True,26,0.0
knapPI_1_2000_1000_1,GA,1,110619.0,4.957692179999867,19700,True,24,3.960000000000003e-05
knapPI_1_2000_1000_1,GA,2,110619.0,5.247149774000718,19700,True,39,5.940000000000002e-05
knapPI_1_2000_1000_1,GA,3,110593.0,5.609221905000595,19700,True,20,0.0
knapPI_1_2000_1000_1,GA,4,110619.0,5.23797069200009,19700,True,65,0.0
knapPI_1_2000_1000_1,GA,5,110593.0,5.831078080002044,19700,True,20,0.0
knapPI_1_2000_1000_1,GA,6,110619.0,5.604883514999528,19700,True,95,5.940000000000002e-05
knapPI_1_2000_1000_1,GA,7,110593.0,5.795234252000228,19700,True,17,0.0
knapPI_1_2000_1000_1,GA,8,110619.0,4.319120617001317,19700,True,30,0.0
knapPI_1_2000_1000_1,GA,9,110619.0,5.370019524998497,19700,True,21,0.0
knapPI_1_2000_1000_1,GA-FIX-UX+BF3,0,110593.0,9.99434613899939,19700,True,17,0.0
knapPI_1_2000_1000_1,GA-FIX-UX+BF3,1,110562.0,9.719292201996723,19700,True,19,0.0001584000000000001
knapPI_1_2000_1000_1,GA-FIX-UX+BF3,2,110619.0,8.983831462002854,19700,True,20,5.940000000000002e-05
knapPI_1_2000_1000_1,GA-FIX-UX+BF3,3,110580.0,8.926680354001292,19700,True,142,0.0003306000000000001
knapPI_1_2000_1000_1,GA-FIX-UX+BF3,4,110593.0,9.000364952000382,19700,True,20,0.00015800000000000007
knapPI_1_2000_1000_1,GA-FIX-UX+BF3,5,110619.0,8.950005730999692,19700,True,18,5.940000000000002e-05
knapPI_1_2000_1000_1,GA-FIX-UX+BF3,6,110570.0,8.663091097001598,19700,True,18,0.00011880000000000007
knapPI_1_2000_1000_1,GA-FIX-UX+BF3,7,110619.0,9.171271298000647,19700,True,19,5.940000000000002e-05
knapPI_1_2000_1000_1,GA-FIX-UX+BF3,8,110619.0,9.494998841000779,19700,True,39,0.00011880000000000004
knapPI_1_2000_1000_1,GA-FIX-UX+BF3,9,110619.0,9.114527546000318,19700,True,22,5.940000000000002e-05
knapPI_1_2000_1000_1,GA-QL,0,110619.0,7.2987488400031,19700,True,26,0.0
knapPI_1_2000_1000_1,GA-QL,1,110593.0,7.168678322002961,19700,True,18,0.0002566000000000001
knapPI_1_2000_1000_1,GA-QL,2,110619.0,8.205722630002128,19700,True,33,7.920000000000001e-05
knapPI_1_2000_1000_1,GA-QL,3,110625.0,8.47582911200152,19700,True,50,0.0
knapPI_1_2000_1000_1,GA-QL,4,110593.0,7.408650332999969,19700,True,17,0.00011840000000000006
knapPI_1_2000_1000_1,GA-QL,5,110593.0,8.7108706839972,19700,True,17,0.0
knapPI_1_2000_1000_1,GA-QL,6,110619.0,7.708954339999764,19700,True,39,5.940000000000002e-05
knapPI_1_2000_1000_1,GA-QL,7,110580.0,8.535543146997952,19700,True,28,0.00017740000000000006
knapPI_1_2000_1000_1,GA-QL,8,110619.0,7.936240316001204,19700,True,49,0.0
knapPI_1_2000_1000_1,GA-QL,9,110619.0,8.391716094000003,19700,True,70,0.0004486000000000001
knapPI_1_2000_1000_1,GA-QL-T,0,110619.0,8.950273439000739,19700,True,23,0.0
knapPI_1_2000_1000_1,GA-QL-T,1,110570.0,8.45100655799979,19700,True,14,0.0
knapPI_1_2000_1000_1,GA-QL-T,2,110593.0,8.303047110002808,19700,True,16,0.00033220000000000016
knapPI_1_2000_1000_1,GA-QL-T,3,110593.0,8.783302507999906,19700,True,72,0.0
knapPI_1_2000_1000_1,GA-QL-T,4,110597.0,8.880548502998863,19700,True,24,0.00017740000000000006
knapPI_1_2000_1000_1,GA-QL-T,5,110562.0,8.806713881000178,19700,True,16,0.0002934000000000001
knapPI_1_2000_1000_1,GA-QL-T,6,110619.0,8.276885253999353,19700,True,23,5.940000000000002e-05
knapPI_1_2000_1000_1,GA-QL-T,7,110619.0,8.973562286002561,19700,True,19,0.00011840000000000003
knapPI_1_2000_1000_1,GA-QL-T,8,110619.0,9.378872878001857,19700,True,33,5.940000000000002e-05
knapPI_1_2000_1000_1,GA-QL-T,9,110619.0,8.973905301998457,19700,True,17,0.0
knapPI_1_2000_1000_1,GA-RAND,0,110619.0,7.6691018950004946,19700,True,29,0.00017620000000000005
knapPI_1_2000_1000_1,GA-RAND,1,110619.0,8.204647254999145,19700,True,70,0.00011760000000000004
knapPI_1_2000_1000_1,GA-RAND,2,110571.0,7.918932901000517,19700,True,16,0.00019440000000000004
knapPI_1_2000_1000_1,GA-RAND,3,110593.0,7.389927315998648,19700,True,18,0.0
knapPI_1_2000_1000_1,GA-RAND,4,110619.0,6.916596536997531,19700,True,21,0.0
knapPI_1_2000_1000_1,GA-RAND,5,110619.0,8.199452095999732,19700,True,20,0.00019680000000000007
knapPI_1_2000_1000_1,GA-RAND,6,110619.0,7.72862553700179,19700,True,21,0.00011880000000000004
knapPI_1_2000_1000_1,GA-RAND,7,110619.0,7.556209878999653,19700,True,49,0.0
knapPI_1_2000_1000_1,GA-RAND,8,110619.0,7.64080031100093,19700,True,27,0.0
knapPI_1_2000_1000_1,GA-RAND,9,110619.0,6.931674075000046,19700,True,22,0.0
knapPI_1_2000_1000_1,GA-UCB,0,110619.0,7.390860297997278,19700,True,41,5.940000000000002e-05
knapPI_1_2000_1000_1,GA-UCB,1,110560.0,7.519168897000782,19700,True,16,0.00017820000000000008
knapPI_1_2000_1000_1,GA-UCB,2,110593.0,7.486660746999405,19700,True,27,3.960000000000003e-05
knapPI_1_2000_1000_1,GA-UCB,3,110619.0,8.150421070000448,19700,True,33,0.0
knapPI_1_2000_1000_1,GA-UCB,4,110619.0,6.501679480999883,19700,True,35,5.940000000000002e-05
knapPI_1_2000_1000_1,GA-UCB,5,110619.0,8.25252997699863,19700,True,27,0.0
knapPI_1_2000_1000_1,GA-UCB,6,110593.0,6.448259951997898,19700,True,17,0.0002372000000000001
knapPI_1_2000_1000_1,GA-UCB,7,110619.0,7.43575835899901,19700,True,30,0.0
knapPI_1_2000_1000_1,GA-UCB,8,110619.0,6.834207527997933,19700,True,24,0.00015800000000000007
knapPI_1_2000_1000_1,GA-UCB,9,110597.0,7.847861530000955,19700,True,16,0.0
knapPI_1_200_1000_1,GA,0,11227.0,1.14440844499768,19700,True,1,0.0
knapPI_1_200_1000_1,GA,1,11227.0,1.1404424700012896,19700,True,1,0.00039600000000000025
knapPI_1_200_1000_1,GA,2,11227.0,1.1371644229984668,19700,True,1,0.0
knapPI_1_200_1000_1,GA,3,11227.0,1.0200885529993684,19700,True,1,0.0
knapPI_1_200_1000_1,GA,4,11227.0,1.1159391379987937,19700,True,1,0.0
knapPI_1_200_1000_1,GA,5,11227.0,0.6961124519984878,19700,True,1,0.0
knapPI_1_200_1000_1,GA,6,11227.0,0.8708616059993801,19700,True,1,0.0
knapPI_1_200_1000_1,GA,7,11227.0,1.158537773997523,19700,True,1,0.0
knapPI_1_200_1000_1,GA,8,11227.0,0.8954265130014392,19700,True,1,0.0
knapPI_1_200_1000_1,GA,9,11238.0,1.177920226000424,19700,True,1,0.00039600000000000025
knapPI_1_200_1000_1,GA-FIX-UX+BF3,0,11238.0,1.7550950959994225,19700,True,12,0.0007920000000000005
knapPI_1_200_1000_1,GA-FIX-UX+BF3,1,11238.0,1.6253952820006816,19700,True,2,0.0015480000000000008
knapPI_1_200_1000_1,GA-FIX-UX+BF3,2,11238.0,1.7610526009993919,19700,True,51,0.001924000000000001
knapPI_1_200_1000_1,GA-FIX-UX+BF3,3,11238.0,1.4539441759989131,19700,True,107,0.0015480000000000008
knapPI_1_200_1000_1,GA-FIX-UX+BF3,4,11238.0,1.7385463349964994,19700,True,2,0.0027240000000000007
knapPI_1_200_1000_1,GA-FIX-UX+BF3,5,11238.0,1.2834126449997711,19700,True,58,0.0019440000000000006
knapPI_1_200_1000_1,GA-FIX-UX+BF3,6,11238.0,1.769765011002164,19700,True,21,0.002518000000000001
knapPI_1_200_1000_1,GA-FIX-UX+BF3,7,11238.0,1.7582024760013155,19700,True,1,0.0015360000000000007
knapPI_1_200_1000_1,GA-FIX-UX+BF3,8,11238.0,1.7353413689997979,19700,True,31,0.002154000000000001
knapPI_1_200_1000_1,GA-FIX-UX+BF3,9,11238.0,1.7704798220001976,19700,True,1,0.00039600000000000025
knapPI_1_200_1000_1,GA-QL,0,11238.0,1.5420483050002076,19700,True,44,0.006052000000000002
knapPI_1_200_1000_1,GA-QL,1,11238.0,1.458972578002431,19700,True,16,0.0011720000000000005
knapPI_1_200_1000_1,GA-QL,2,11238.0,1.3528069860003598,19700,True,63,0.002308000000000001
knapPI_1_200_1000_1,GA-QL,3,11238.0,0.8835458710018429,19700,True,35,0.00039600000000000025
knapPI_1_200_1000_1,GA-QL,4,11238.0,1.1476811120010098,19700,True,8,0.004472000000000001
knapPI_1_200_1000_1,GA-QL,5,11238.0,1.3555099000004702,19700,True,80,0.0011640000000000005
knapPI_1_200_1000_1,GA-QL,6,11238.0,1.4226240950010833,19700,True,61,0.0007920000000000005
knapPI_1_200_1000_1,GA-QL,7,11238.0,1.1638694229986868,19700,True,40,0.0011640000000000005
knapPI_1_200_1000_1,GA-QL,8,11238.0,1.4131415230003768,19700,True,26,0.0015680000000000008
knapPI_1_200_1000_1,GA-QL,9,11238.0,0.9346336760027043,19700,True,1,0.0049960000000000004
knapPI_1_200_1000_1,GA-QL-T,0,11238.0,1.4168311869980244,19700,True,62,0.0017460000000000008
knapPI_1_200_1000_1,GA-QL-T,1,11238.0,1.4762524600009783,19700,True,22,0.0011800000000000005
knapPI_1_200_1000_1,GA-QL-T,2,11238.0,1.4591905449997284,19700,True,50,0.0034000000000000015
knapPI_1_200_1000_1,GA-QL-T,3,11238.0,1.4358733669978392,19700,True,2,0.0015480000000000008
knapPI_1_200_1000_1,GA-QL-T,4,11238.0,1.4606789859972196,19700,True,16,0.0015600000000000008
knapPI_1_200_1000_1,GA-QL-T,5,11227.0,0.8690556490000745,19700,True,1,0.0007920000000000004
knapPI_1_200_1000_1,GA-QL-T,6,11238.0,1.4640270929994585,19700,True,7,0.0037199999999999998
knapPI_1_200_1000_1,GA-QL-T,7,11238.0,1.4777853979976499,19700,True,23,0.002142000000000001
knapPI_1_200_1000_1,GA-QL-T,8,11238.0,1.4793054330002633,19700,True,3,0.003023999999999999
knapPI_1_200_1000_1,GA-QL-T,9,11238.0,0.8614189830004761,19700,True,1,0.0007920000000000005
knapPI_1_200_1000_1,GA-RAND,0,11238.0,1.285924455998611,19700,True,28,0.0030480000000000012
knapPI_1_200_1000_1,GA-RAND,1,11238.0,1.293965801000013,19700,True,54,0.0022560000000000006
knapPI_1_200_1000_1,GA-RAND,2,11238.0,1.141951498000708,19700,True,1,0.007424000000000001
knapPI_1_200_1000_1,GA-RAND,3,11238.0,1.15412344500146,19700,True,7,0.002328000000000001
knapPI_1_200_1000_1,GA-RAND,4,11238.0,1.3649703779992706,19700,True,93,0.0037320000000000014
knapPI_1_200_1000_1,GA-RAND,5,11238.0,1.3619220299988228,19700,True,16,0.004684000000000001
knapPI_1_200_1000_1,GA-RAND,6,11238.0,1.4088363189985103,19700,True,71,0.00506
knapPI_1_200_1000_1,GA-RAND,7,11238.0,1.3559481579977728,19700,True,156,0.0
knapPI_1_200_1000_1,GA-RAND,8,11238.0,0.7661684030026663,19700,True,2,0.00039600000000000025
knapPI_1_200_1000_1,GA-RAND,9,11238.0,1.3841877369995927,19700,True,1,0.001940000000000001
knapPI_1_200_1000_1,GA-UCB,0,11238.0,1.4196434180012147,19700,True,74,0.0040960000000000015
knapPI_1_200_1000_1,GA-UCB,1,11238.0,1.2363567969987344,19700,True,11,0.004364
knapPI_1_200_1000_1,GA-UCB,2,11238.0,1.1223877669981448,19700,True,14,0.0047279999999999996
knapPI_1_200_1000_1,GA-UCB,3,11238.0,1.292132311999012,19700,True,75,0.006607999999999999
knapPI_1_200_1000_1,GA-UCB,4,11238.0,1.4283689620024234,19700,True,59,0.004436
knapPI_1_200_1000_1,GA-UCB,5,11238.0,1.5209385880007176,19700,True,35,0.0011840000000000004
knapPI_1_200_1000_1,GA-UCB,6,11238.0,1.401465326998732,19700,True,12,0.00512
knapPI_1_200_1000_1,GA-UCB,7,11238.0,1.4655155770014971,19700,True,54,0.002336000000000001
knapPI_1_200_1000_1,GA-UCB,8,11238.0,1.453704982999625,19700,True,12,0.004332
knapPI_1_200_1000_1,GA-UCB,9,11238.0,1.4117416420012887,19700,True,1,0.0011840000000000006
knapPI_1_500_1000_1,GA,0,28834.0,1.6077038129988068,19700,True,3,0.0
knapPI_1_500_1000_1,GA,1,28857.0,1.2371643959995708,19700,True,6,0.0
knapPI_1_500_1000_1,GA,2,28834.0,1.772522999002831,19700,True,3,0.0
knapPI_1_500_1000_1,GA,3,28834.0,1.8075651159997506,19700,True,3,0.0
knapPI_1_500_1000_1,GA,4,28834.0,1.5678095760013093,19700,True,4,0.0
knapPI_1_500_1000_1,GA,5,28834.0,1.3284502620008425,19700,True,5,0.0
knapPI_1_500_1000_1,GA,6,28834.0,1.7767449099992518,19700,True,3,0.0
knapPI_1_500_1000_1,GA,7,28834.0,1.6089217850021669,19700,True,1,0.0
knapPI_1_500_1000_1,GA,8,28834.0,1.823893158001738,19700,True,2,0.0
knapPI_1_500_1000_1,GA,9,28834.0,1.8036851449978712,19700,True,4,0.0
knapPI_1_500_1000_1,GA-FIX-UX+BF3,0,28834.0,2.8413671470007102,19700,True,4,0.00023760000000000008
knapPI_1_500_1000_1,GA-FIX-UX+BF3,1,28834.0,2.951325772999553,19700,True,4,0.0
knapPI_1_500_1000_1,GA-FIX-UX+BF3,2,28834.0,2.99300702400069,19700,True,4,0.0001584000000000001
knapPI_1_500_1000_1,GA-FIX-UX+BF3,3,28834.0,2.525536731998727,19700,True,3,0.0003960000000000002
knapPI_1_500_1000_1,GA-FIX-UX+BF3,4,28834.0,3.0101638630003436,19700,True,3,0.0004752000000000003
knapPI_1_500_1000_1,GA-FIX-UX+BF3,5,28834.0,2.9183833389979554,19700,True,5,0.0001584000000000001
knapPI_1_500_1000_1,GA-FIX-UX+BF3,6,28834.0,2.9464736499976425,19700,True,4,0.0003960000000000002
knapPI_1_500_1000_1,GA-FIX-UX+BF3,7,28834.0,3.0774961530005385,19700,True,5,0.0
knapPI_1_500_1000_1,GA-FIX-UX+BF3,8,28834.0,2.9455866140015132,19700,True,3,0.0001584000000000001
knapPI_1_500_1000_1,GA-FIX-UX+BF3,9,28834.0,2.377989221000462,19700,True,1,0.0
knapPI_1_500_1000_1,GA-QL,0,28834.0,2.104975980000745,19700,True,3,0.0001584000000000001
knapPI_1_500_1000_1,GA-QL,1,28834.0,2.3221372420011903,19700,True,3,0.0
knapPI_1_500_1000_1,GA-QL,2,28834.0,2.160992487999465,19700,True,3,0.0
knapPI_1_500_1000_1,GA-QL,3,28834.0,1.987184804998833,19700,True,4,0.0
knapPI_1_500_1000_1,GA-QL,4,28834.0,1.7660801380006887,19700,True,2,0.0003168000000000002
knapPI_1_500_1000_1,GA-QL,5,28834.0,2.340311906002171,19700,True,4,0.0
knapPI_1_500_1000_1,GA-QL,6,28834.0,2.2938922789981007,19700,True,3,0.0001584000000000001
knapPI_1_500_1000_1,GA-QL,7,28834.0,1.8824823559989454,19700,True,2,0.0
knapPI_1_500_1000_1,GA-QL,8,28834.0,1.9027106569992611,19700,True,2,0.0001584000000000001
knapPI_1_500_1000_1,GA-QL,9,28834.0,2.285157131998858,19700,True,2,0.0
knapPI_1_500_1000_1,GA-QL-T,0,28834.0,2.6076160640004673,19700,True,3,0.0003168000000000002
knapPI_1_500_1000_1,GA-QL-T,1,28834.0,2.2217851820023498,19700,True,2,0.0
knapPI_1_500_1000_1,GA-QL-T,2,28834.0,1.908188675999554,19700,True,3,0.0
knapPI_1_500_1000_1,GA-QL-T,3,28834.0,2.5331970029983495,19700,True,3,0.0
knapPI_1_500_1000_1,GA-QL-T,4,28834.0,2.4263848629998392,19700,True,3,0.00023760000000000008
knapPI_1_500_1000_1,GA-QL-T,5,28834.0,2.6563417529978324,19700,True,3,0.0001584000000000001
knapPI_1_500_1000_1,GA-QL-T,6,28834.0,2.5594809130016074,19700,True,4,0.0003960000000000002
knapPI_1_500_1000_1,GA-QL-T,7,28834.0,2.6719598050003697,19700,True,3,0.0007904000000000003
knapPI_1_500_1000_1,GA-QL-T,8,28834.0,2.0586721780018706,19700,True,2,0.0003960000000000002
knapPI_1_500_1000_1,GA-QL-T,9,28834.0,2.5005019929994887,19700,True,3,0.0
knapPI_1_500_1000_1,GA-RAND,0,28834.0,2.4074384799969266,19700,True,3,0.0
knapPI_1_500_1000_1,GA-RAND,1,28834.0,1.7571620420021645,19700,True,2,0.0
knapPI_1_500_1000_1,GA-RAND,2,28834.0,2.0693063580001763,19700,True,3,0.0003944000000000001
knapPI_1_500_1000_1,GA-RAND,3,28834.0,2.3880146160008735,19700,True,4,0.0
knapPI_1_500_1000_1,GA-RAND,4,28834.0,1.9224457689997507,19700,True,2,0.0010232000000000004
knapPI_1_500_1000_1,GA-RAND,5,28834.0,2.0636786320028477,19700,True,5,0.0005544000000000002
knapPI_1_500_1000_1,GA-RAND,6,28834.0,2.285300941999594,19700,True,3,0.0
knapPI_1_500_1000_1,GA-RAND,7,28834.0,2.2975562440005888,19700,True,4,0.0
knapPI_1_500_1000_1,GA-RAND,8,28834.0,2.396073380001326,19700,True,3,0.00023760000000000008
knapPI_1_500_1000_1,GA-RAND,9,28834.0,2.311442773003364,19700,True,3,0.0003168000000000002
knapPI_1_500_1000_1,GA-UCB,0,28834.0,2.2008601220004493,19700,True,4,0.0
knapPI_1_500_1000_1,GA-UCB,1,28834.0,2.2244936450006207,19700,True,5,0.0
knapPI_1_500_1000_1,GA-UCB,2,28834.0,1.398324371999479,19700,True,4,0.00023760000000000008
knapPI_1_500_1000_1,GA-UCB,3,28834.0,2.334643390000565,19700,True,4,0.0
knapPI_1_500_1000_1,GA-UCB,4,28834.0,1.9727300000013201,19700,True,4,0.0007112000000000003
knapPI_1_500_1000_1,GA-UCB,5,28834.0,1.905586012002459,19700,True,4,0.0003152000000000001
knapPI_1_500_1000_1,GA-UCB,6,28834.0,2.4230211590002,19700,True,4,0.0
knapPI_1_500_1000_1,GA-UCB,7,28834.0,2.3986413960010395,19700,True,1,0.0
knapPI_1_500_1000_1,GA-UCB,8,28834.0,1.9847570329984592,19700,True,2,0.0
knapPI_1_500_1000_1,GA-UCB,9,28834.0,1.7752032540010987,19700,True,3,0.00023760000000000008
knapPI_2_1000_1000_1,GA,0,9051.0,3.9700564990016574,19700,True,7,0.0
knapPI_2_1000_1000_1,GA,1,9051.0,3.994583450999926,19700,True,6,0.0
knapPI_2_1000_1000_1,GA,2,9051.0,3.8077747509996698,19700,True,7,0.0
knapPI_2_1000_1000_1,GA,3,9051.0,4.142994750000071,19700,True,7,0.0
knapPI_2_1000_1000_1,GA,4,9051.0,3.819976801001758,19700,True,5,0.0
knapPI_2_1000_1000_1,GA,5,9051.0,3.926471123999363,19700,True,9,0.0
knapPI_2_1000_1000_1,GA,6,9051.0,3.99631485899954,19700,True,6,0.0
knapPI_2_1000_1000_1,GA,7,9051.0,3.681354887998168,19700,True,7,0.00015840000000000014
knapPI_2_1000_1000_1,GA,8,9051.0,3.882293557999219,19700,True,8,0.0
knapPI_2_1000_1000_1,GA,9,9051.0,3.9510709090027376,19700,True,8,0.0
knapPI_2_1000_1000_1,GA-FIX-UX+BF3,0,9051.0,7.611266214000352,19700,True,9,0.0
knapPI_2_1000_1000_1,GA-FIX-UX+BF3,1,9051.0,7.681383985996945,19700,True,11,0.00015840000000000003
knapPI_2_1000_1000_1,GA-FIX-UX+BF3,2,9051.0,6.8838092270016205,19700,True,7,0.0
knapPI_2_1000_1000_1,GA-FIX-UX+BF3,3,9051.0,6.933198378999805,19700,True,7,0.0002772000000000001
knapPI_2_1000_1000_1,GA-FIX-UX+BF3,4,9051.0,7.327054647001205,19700,True,8,0.00015840000000000014
knapPI_2_1000_1000_1,GA-FIX-UX+BF3,5,9051.0,7.581375051999203,19700,True,7,7.920000000000005e-05
knapPI_2_1000_1000_1,GA-FIX-UX+BF3,6,9051.0,7.587252016001003,19700,True,9,0.00015840000000000014
knapPI_2_1000_1000_1,GA-FIX-UX+BF3,7,9052.0,10.569147264002822,19700,True,13,0.0002772000000000001
knapPI_2_1000_1000_1,GA-FIX-UX+BF3,8,9052.0,10.447218850000354,19700,True,8,0.0
knapPI_2_1000_1000_1,GA-FIX-UX+BF3,9,9051.0,7.296973521999462,19700,True,7,0.0
knapPI_2_1000_1000_1,GA-QL,0,9051.0,7.004506149001827,19700,True,6,0.0
knapPI_2_1000_1000_1,GA-QL,1,9051.0,7.24817955600156,19700,True,8,0.0
knapPI_2_1000_1000_1,GA-QL,2,9051.0,8.013829106999765,19700,True,8,0.0
knapPI_2_1000_1000_1,GA-QL,3,9051.0,6.9685364729994035,19700,True,6,0.0
knapPI_2_1000_1000_1,GA-QL,4,9051.0,6.612939296999684,19700,True,5,0.00035640000000000015
knapPI_2_1000_1000_1,GA-QL,5,9051.0,6.925178592002339,19700,True,8,0.00015840000000000014
knapPI_2_1000_1000_1,GA-QL,6,9051.0,7.434451523000462,19700,True,9,0.0001980000000000001
knapPI_2_1000_1000_1,GA-QL,7,9051.0,6.693558733997634,19700,True,7,0.0006288000000000002
knapPI_2_1000_1000_1,GA-QL,8,9051.0,7.245401505002519,19700,True,8,0.0011324000000000002
knapPI_2_1000_1000_1,GA-QL,9,9051.0,7.37277748699853,19700,True,6,0.0006304000000000001
knapPI_2_1000_1000_1,GA-QL-T,0,9051.0,8.727637376996427,19700,True,8,0.0
knapPI_2_1000_1000_1,GA-QL-T,1,9051.0,8.136533886001416,19700,True,7,0.0
knapPI_2_1000_1000_1,GA-QL-T,2,9051.0,8.975364044999878,19700,True,7,0.00035640000000000015
knapPI_2_1000_1000_1,GA-QL-T,3,9051.0,9.100693353997485,19700,True,10,0.00015840000000000014
knapPI_2_1000_1000_1,GA-QL-T,4,9051.0,8.03441511499841,19700,True,6,0.0002772000000000002
knapPI_2_1000_1000_1,GA-QL-T,5,9051.0,8.331402874999185,19700,True,6,0.00043560000000000023
knapPI_2_1000_1000_1,GA-QL-T,6,9051.0,7.840656759999547,19700,True,6,0.00023760000000000008
knapPI_2_1000_1000_1,GA-QL-T,7,9051.0,8.298309846999473,19700,True,7,0.0003564000000000002
knapPI_2_1000_1000_1,GA-QL-T,8,9051.0,8.15825395000138,19700,True,8,0.00015840000000000014
knapPI_2_1000_1000_1,GA-QL-T,9,9051.0,7.554530847002752,19700,True,6,0.0003548000000000001
knapPI_2_1000_1000_1,GA-RAND,0,9051.0,7.061009256998659,19700,True,5,0.0
knapPI_2_1000_1000_1,GA-RAND,1,9051.0,6.715021184998477,19700,True,8,0.00015840000000000003
knapPI_2_1000_1000_1,GA-RAND,2,9051.0,6.7665454460002366,19700,True,8,0.0
knapPI_2_1000_1000_1,GA-RAND,3,9051.0,7.2943422669995925,19700,True,8,0.0
knapPI_2_1000_1000_1,GA-RAND,4,9051.0,6.957531516000017,19700,True,6,0.0010144000000000002
knapPI_2_1000_1000_1,GA-RAND,5,9051.0,6.68023389100199,19700,True,7,0.0
knapPI_2_1000_1000_1,GA-RAND,6,9051.0,6.677453385000263,19700,True,9,0.0
knapPI_2_1000_1000_1,GA-RAND,7,9051.0,7.098263708001468,19700,True,9,0.0
knapPI_2_1000_1000_1,GA-RAND,8,9051.0,6.819274826000765,19700,True,7,0.0005900000000000001
knapPI_2_1000_1000_1,GA-RAND,9,9051.0,7.049683018998621,19700,True,8,0.0
knapPI_2_1000_1000_1,GA-UCB,0,9051.0,7.346201309999742,19700,True,9,0.0
knapPI_2_1000_1000_1,GA-UCB,1,9051.0,7.338510929999757,19700,True,9,0.0008648000000000002
knapPI_2_1000_1000_1,GA-UCB,2,9051.0,6.712992390999716,19700,True,7,0.0
knapPI_2_1000_1000_1,GA-UCB,3,9051.0,6.702151920999313,19700,True,8,0.0
knapPI_2_1000_1000_1,GA-UCB,4,9051.0,7.091819131997909,19700,True,9,0.0
knapPI_2_1000_1000_1,GA-UCB,5,9051.0,7.730679172000237,19700,True,10,0.0
knapPI_2_1000_1000_1,GA-UCB,6,9051.0,8.118474382998102,19700,True,5,0.0002764000000000001
knapPI_2_1000_1000_1,GA-UCB,7,9051.0,7.204432946000452,19700,True,6,0.00015840000000000003
knapPI_2_1000_1000_1,GA-UCB,8,9051.0,7.234735432000889,19700,True,5,0.0008244000000000001
knapPI_2_1000_1000_1,GA-UCB,9,9051.0,7.075156511000387,19700,True,7,0.002300000000000001
knapPI_2_100_1000_1,GA,0,1502.0,1.484677306998492,19700,True,3,0.016432000000000002
knapPI_2_100_1000_1,GA,1,1514.0,1.679746169000282,19700,True,32,0.006216000000000002
knapPI_2_100_1000_1,GA,2,1514.0,1.5438654490026238,19700,True,76,0.009288000000000005
knapPI_2_100_1000_1,GA,3,1514.0,1.5918296440031554,19700,True,22,0.009104000000000003
knapPI_2_100_1000_1,GA,4,1514.0,1.5421439050005574,19700,True,30,0.009920000000000002
knapPI_2_100_1000_1,GA,5,1514.0,1.6216274519974831,19700,True,106,0.013124000000000004
knapPI_2_100_1000_1,GA,6,1502.0,1.531458435998502,19700,True,21,0.005456000000000001
knapPI_2_100_1000_1,GA,7,1514.0,1.5521736800001236,19700,True,33,0.0054880000000000016
knapPI_2_100_1000_1,GA,8,1514.0,1.5280391029991733,19700,True,52,0.006588000000000003
knapPI_2_100_1000_1,GA,9,1502.0,1.5948563820020354,19700,True,23,0.011408000000000003
knapPI_2_100_1000_1,GA-FIX-UX+BF3,0,1514.0,1.8842350359991542,19700,True,1,0.018248000000000007
knapPI_2_100_1000_1,GA-FIX-UX+BF3,1,1514.0,1.7868639359985536,19700,True,6,0.016312000000000007
knapPI_2_100_1000_1,GA-FIX-UX+BF3,2,1502.0,1.707482671001344,19700,True,3,0.023836000000000003
knapPI_2_100_1000_1,GA-FIX-UX+BF3,3,1514.0,1.8476484879975033,19700,True,14,0.01950800000000001
knapPI_2_100_1000_1,GA-FIX-UX+BF3,4,1514.0,1.766469194997626,19700,True,5,0.022488
knapPI_2_100_1000_1,GA-FIX-UX+BF3,5,1514.0,1.7240829000002122,19700,True,5,0.026980000000000004
knapPI_2_100_1000_1,GA-FIX-UX+BF3,6,1514.0,1.7921491779998178,19700,True,183,0.022004000000000003
knapPI_2_100_1000_1,GA-FIX-UX+BF3,7,1514.0,1.9004829039986362,19700,True,19,0.014772000000000007
knapPI_2_100_1000_1,GA-FIX-UX+BF3,8,1514.0,1.770386567000969,19700,True,3,0.02636
knapPI_2_100_1000_1,GA-FIX-UX+BF3,9,1514.0,1.8100822889973642,19700,True,3,0.017308000000000007
knapPI_2_100_1000_1,GA-QL,0,1514.0,1.6303978799987817,19700,True,9,0.03603200000000001
knapPI_2_100_1000_1,GA-QL,1,1514.0,1.729059558998415,19700,True,8,0.05668799999999999
knapPI_2_100_1000_1,GA-QL,2,1514.0,1.6952465750000556,19700,True,30,0.031604
knapPI_2_100_1000_1,GA-QL,3,1514.0,1.6533733359974576,19700,True,9,0.006224000000000002
knapPI_2_100_1000_1,GA-QL,4,1514.0,1.7962691619977704,19700,True,2,0.06199999999999999
knapPI_2_100_1000_1,GA-QL,5,1502.0,1.6034093889975338,19700,True,17,0.020724000000000006
knapPI_2_100_1000_1,GA-QL,6,1502.0,1.6246366510022199,19700,True,7,0.037616000000000004
knapPI_2_100_1000_1,GA-QL,7,1514.0,1.6883995089992823,19700,True,6,0.068296
knapPI_2_100_1000_1,GA-QL,8,1502.0,1.5983392099988123,19700,True,14,0.0027560000000000006
knapPI_2_100_1000_1,GA-QL,9,1514.0,1.7271068840018415,19700,True,3,0.0199
knapPI_2_100_1000_1,GA-QL-T,0,1514.0,1.6544789689978643,19700,True,17,0.0525
knapPI_2_100_1000_1,GA-QL-T,1,1514.0,1.9570394580005086,19700,True,2,0.042248
knapPI_2_100_1000_1,GA-QL-T,2,1514.0,1.707636007999099,19700,True,141,0.039212000000000004
knapPI_2_100_1000_1,GA-QL-T,3,1514.0,1.8074703610000142,19700,True,11,0.065308
knapPI_2_100_1000_1,GA-QL-T,4,1514.0,1.683867374998954,19700,True,2,0.06174399999999999
knapPI_2_100_1000_1,GA-QL-T,5,1514.0,1.6867261939987657,19700,True,2,0.06063199999999999
knapPI_2_100_1000_1,GA-QL-T,6,1514.0,1.6188093889977608,19700,True,3,0.053188000000000006
knapPI_2_100_1000_1,GA-QL-T,7,1514.0,1.7356898459984222,19700,True,4,0.064568
knapPI_2_100_1000_1,GA-QL-T,8,1514.0,1.8381788469996536,19700,True,127,0.059244000000000005
knapPI_2_100_1000_1,GA-QL-T,9,1514.0,1.8745954829973925,19700,True,4,0.06061200000000001
knapPI_2_100_1000_1,GA-RAND,0,1514.0,1.5874713590019383,19700,True,9,0.042416
knapPI_2_100_1000_1,GA-RAND,1,1514.0,1.5887764199978847,19700,True,3,0.013836000000000005
knapPI_2_100_1000_1,GA-RAND,2,1514.0,1.654770056000416,19700,True,19,0.023272000000000008
knapPI_2_100_1000_1,GA-RAND,3,1502.0,1.8506481750009698,19700,True,8,0.010300000000000002
knapPI_2_100_1000_1,GA-RAND,4,1514.0,1.8176744950033026,19700,True,2,0.055084
knapPI_2_100_1000_1,GA-RAND,5,1514.0,2.0851264220000303,19700,True,14,0.012072000000000003
knapPI_2_100_1000_1,GA-RAND,6,1514.0,2.1538867259987455,19700,True,4,0.034328000000000004
knapPI_2_100_1000_1,GA-RAND,7,1514.0,2.3182837839995045,19700,True,12,0.070084
knapPI_2_100_1000_1,GA-RAND,8,1514.0,2.314805254998646,19700,True,10,0.064028
knapPI_2_100_1000_1,GA-RAND,9,1514.0,1.7356646950029244,19700,True,88,0.067208
knapPI_2_100_1000_1,GA-UCB,0,1514.0,1.8993566990029649,19700,True,10,0.04583600000000001
knapPI_2_100_1000_1,GA-UCB,1,1514.0,1.8288763769996876,19700,True,3,0.029172000000000003
knapPI_2_100_1000_1,GA-UCB,2,1514.0,2.0293329050000466,19700,True,10,0.021884000000000004
knapPI_2_100_1000_1,GA-UCB,3,1514.0,1.927620159000071,19700,True,7,0.064044
knapPI_2_100_1000_1,GA-UCB,4,1502.0,1.9620186779975484,19700,True,9,0.023428000000000004
knapPI_2_100_1000_1,GA-UCB,5,1514.0,2.036837217001448,19700,True,79,0.052344
knapPI_2_100_1000_1,GA-UCB,6,1514.0,1.64318013799857,19700,True,2,0.053084
knapPI_2_100_1000_1,GA-UCB,7,1514.0,1.7958683339966228,19700,True,13,0.009224000000000003
knapPI_2_100_1000_1,GA-UCB,8,1502.0,1.735326363999775,19700,True,2,0.048948
knapPI_2_100_1000_1,GA-UCB,9,1502.0,1.6284216350031784,19700,True,13,0.031964
knapPI_2_2000_1000_1,GA,0,18042.0,9.341101273999811,19700,True,11,0.0
knapPI_2_2000_1000_1,GA,1,18041.0,11.443528511001205,19700,True,43,7.920000000000001e-05
knapPI_2_2000_1000_1,GA,2,18041.0,11.768590110001242,19700,True,14,0.00015760000000000006
knapPI_2_2000_1000_1,GA,3,18042.0,10.74027638699772,19700,True,17,9.900000000000005e-05
knapPI_2_2000_1000_1,GA,4,18048.0,10.071761683000659,19700,True,11,0.0
knapPI_2_2000_1000_1,GA,5,18048.0,14.947039671998937,19700,True,22,0.00011880000000000001
knapPI_2_2000_1000_1,GA,6,18041.0,11.127196853998612,19700,True,17,0.0
knapPI_2_2000_1000_1,GA,7,18038.0,20.6049777349981,19700,True,12,0.0
knapPI_2_2000_1000_1,GA,8,18043.0,18.766134555000463,19700,True,23,0.0
knapPI_2_2000_1000_1,GA,9,18041.0,10.945363968003221,19700,True,10,0.0
knapPI_2_2000_1000_1,GA-FIX-UX+BF3,0,18044.0,16.77975133200016,19700,True,175,0.0
knapPI_2_2000_1000_1,GA-FIX-UX+BF3,1,18050.0,14.989916589998757,19700,True,24,0.0
knapPI_2_2000_1000_1,GA-FIX-UX+BF3,2,18049.0,13.241251301002194,19700,True,49,0.0
knapPI_2_2000_1000_1,GA-FIX-UX+BF3,3,18042.0,14.194298918999266,19700,True,16,0.0003552000000000002
knapPI_2_2000_1000_1,GA-FIX-UX+BF3,4,18044.0,17.063921499997377,19700,True,20,0.0005878000000000001
knapPI_2_2000_1000_1,GA-FIX-UX+BF3,5,18044.0,14.68984335499772,19700,True,101,0.00013860000000000006
knapPI_2_2000_1000_1,GA-FIX-UX+BF3,6,18041.0,14.274342922999494,19700,True,15,0.00017780000000000007
knapPI_2_2000_1000_1,GA-FIX-UX+BF3,7,18050.0,16.982823221002036,19700,True,20,0.0
knapPI_2_2000_1000_1,GA-FIX-UX+BF3,8,18051.0,14.958352467001532,19700,True,17,7.920000000000001e-05
knapPI_2_2000_1000_1,GA-FIX-UX+BF3,9,18047.0,15.770124441998632,19700,True,15,5.940000000000002e-05
knapPI_2_2000_1000_1,GA-QL,0,18051.0,20.20723844100212,19700,True,17,0.0002760000000000001
knapPI_2_2000_1000_1,GA-QL,1,18045.0,18.40830593099963,19700,True,12,0.00017740000000000006
knapPI_2_2000_1000_1,GA-QL,2,18043.0,22.719847980999475,19700,True,26,0.0007268000000000002
knapPI_2_2000_1000_1,GA-QL,3,18042.0,16.711511682999117,19700,True,14,0.0
knapPI_2_2000_1000_1,GA-QL,4,18044.0,18.329578900000342,19700,True,21,0.0004890000000000002
knapPI_2_2000_1000_1,GA-QL,5,18043.0,19.249179893002292,19700,True,22,0.00019800000000000007
knapPI_2_2000_1000_1,GA-QL,6,18044.0,19.644978366999567,19700,True,15,0.0
knapPI_2_2000_1000_1,GA-QL,7,18047.0,16.57029407200025,19700,True,19,0.0
knapPI_2_2000_1000_1,GA-QL,8,18048.0,19.211544715002674,19700,True,104,0.0013504000000000003
knapPI_2_2000_1000_1,GA-QL,9,18048.0,17.073757550002483,19700,True,42,0.0004130000000000001
knapPI_2_2000_1000_1,GA-QL-T,0,18045.0,18.215934719999495,19700,True,19,0.00044740000000000014
knapPI_2_2000_1000_1,GA-QL-T,1,18045.0,16.093645300999924,19700,True,18,0.0
knapPI_2_2000_1000_1,GA-QL-T,2,18041.0,16.121651090998057,19700,True,40,0.0
knapPI_2_2000_1000_1,GA-QL-T,3,18040.0,19.73862480400203,19700,True,15,0.00013860000000000006
knapPI_2_2000_1000_1,GA-QL-T,4,18046.0,18.55585243799942,19700,True,20,0.0002744000000000001
knapPI_2_2000_1000_1,GA-QL-T,5,18041.0,18.238777506998304,19700,True,17,0.00013780000000000004
knapPI_2_2000_1000_1,GA-QL-T,6,18041.0,16.471905284000968,19700,True,40,0.0
knapPI_2_2000_1000_1,GA-QL-T,7,18043.0,15.701303738998831,19700,True,17,0.0005178
knapPI_2_2000_1000_1,GA-QL-T,8,18048.0,14.430061093000404,19700,True,29,0.00015840000000000006
knapPI_2_2000_1000_1,GA-QL-T,9,18041.0,15.1500213779982,19700,True,14,0.0
knapPI_2_2000_1000_1,GA-RAND,0,18044.0,15.250751691000914,19700,True,14,0.00013860000000000006
knapPI_2_2000_1000_1,GA-RAND,1,18045.0,17.95285963800052,19700,True,25,0.0002732
knapPI_2_2000_1000_1,GA-RAND,2,18047.0,17.26433363199976,19700,True,14,0.0004304000000000001
knapPI_2_2000_1000_1,GA-RAND,3,18041.0,17.54643214099997,19700,True,15,5.940000000000002e-05
knapPI_2_2000_1000_1,GA-RAND,4,18046.0,15.63866391999909,19700,True,14,0.0
knapPI_2_2000_1000_1,GA-RAND,5,18050.0,15.738043241999549,19700,True,14,0.0
knapPI_2_2000_1000_1,GA-RAND,6,18046.0,16.735562359997857,19700,True,68,0.0007016000000000001
knapPI_2_2000_1000_1,GA-RAND,7,18050.0,14.536081408998143,19700,True,16,0.00017740000000000006
knapPI_2_2000_1000_1,GA-RAND,8,18046.0,15.685292579000816,19700,True,15,0.0
knapPI_2_2000_1000_1,GA-RAND,9,18047.0,15.563112284002273,19700,True,19,0.0
knapPI_2_2000_1000_1,GA-UCB,0,18043.0,21.52632207300121,19700,True,21,0.0
knapPI_2_2000_1000_1,GA-UCB,1,18043.0,21.33806578900112,19700,True,25,0.00019760000000000006
knapPI_2_2000_1000_1,GA-UCB,2,18041.0,19.035383891001402,19700,True,17,0.0005096000000000001
knapPI_2_2000_1000_1,GA-UCB,3,18041.0,17.286546531999193,19700,True,16,9.900000000000003e-05
knapPI_2_2000_1000_1,GA-UCB,4,18043.0,21.21520393800165,19700,True,35,0.00013860000000000006
knapPI_2_2000_1000_1,GA-UCB,5,18043.0,24.718292444002145,19700,True,18,0.00027680000000000006
knapPI_2_2000_1000_1,GA-UCB,6,18048.0,22.689253163000103,19700,True,101,0.0005618000000000001
knapPI_2_2000_1000_1,GA-UCB,7,18045.0,20.163605933001236,19700,True,16,0.0005298000000000002
knapPI_2_2000_1000_1,GA-UCB,8,18042.0,17.95623382699705,19700,True,15,0.00013820000000000005
knapPI_2_2000_1000_1,GA-UCB,9,18045.0,18.717441717999463,19700,True,13,0.0005852000000000001
knapPI_2_200_1000_1,GA,0,1627.0,2.552985049002018,19700,True,1,0.0007920000000000002
knapPI_2_200_1000_1,GA,1,1629.0,2.5833066230006807,19700,True,4,0.0005940000000000002
knapPI_2_200_1000_1,GA,2,1627.0,2.305676430998574,19700,True,1,0.0
knapPI_2_200_1000_1,GA,3,1627.0,2.3886012000002665,19700,True,1,0.0019680000000000006
knapPI_2_200_1000_1,GA,4,1619.0,3.0242511789983837,19700,True,39,0.0028980000000000004
knapPI_2_200_1000_1,GA,5,1629.0,3.134638845000154,19700,True,54,0.0009900000000000004
knapPI_2_200_1000_1,GA,6,1627.0,2.271629914001096,19700,True,1,0.0017700000000000007
knapPI_2_200_1000_1,GA,7,1629.0,3.238143619000766,19700,True,3,0.003508000000000001
knapPI_2_200_1000_1,GA,8,1627.0,3.0658039810004993,19700,True,5,0.0009900000000000004
knapPI_2_200_1000_1,GA,9,1629.0,3.3209667499977513,19700,True,5,0.0015680000000000002
knapPI_2_200_1000_1,GA-FIX-UX+BF3,0,1629.0,3.1663796530010586,19700,True,58,0.008372000000000003
knapPI_2_200_1000_1,GA-FIX-UX+BF3,1,1629.0,3.075614723999024,19700,True,79,0.010124000000000001
knapPI_2_200_1000_1,GA-FIX-UX+BF3,2,1629.0,3.2165912769996794,19700,True,43,0.012504000000000001
knapPI_2_200_1000_1,GA-FIX-UX+BF3,3,1629.0,3.283451289000368,19700,True,3,0.005000000000000001
knapPI_2_200_1000_1,GA-FIX-UX+BF3,4,1629.0,3.268299052997463,19700,True,6,0.007018000000000002
knapPI_2_200_1000_1,GA-FIX-UX+BF3,5,1629.0,3.2384818469981838,19700,True,142,0.006694000000000002
knapPI_2_200_1000_1,GA-FIX-UX+BF3,6,1634.0,3.4183085410004423,19700,True,2,0.007670000000000002
knapPI_2_200_1000_1,GA-FIX-UX+BF3,7,1629.0,3.3547203940033796,19700,True,52,0.011032
knapPI_2_200_1000_1,GA-FIX-UX+BF3,8,1629.0,3.4257341180018557,19700,True,93,0.010412000000000001
knapPI_2_200_1000_1,GA-FIX-UX+BF3,9,1629.0,3.3599821329989936,19700,True,14,0.005380000000000001
knapPI_2_200_1000_1,GA-QL,0,1629.0,3.118475222003326,19700,True,68,0.007544000000000002
knapPI_2_200_1000_1,GA-QL,1,1629.0,2.8335897079996357,19700,True,4,0.008174
knapPI_2_200_1000_1,GA-QL,2,1629.0,2.7904744619991106,19700,True,4,0.02995
knapPI_2_200_1000_1,GA-QL,3,1634.0,3.008494667999912,19700,True,9,0.0025380000000000003
knapPI_2_200_1000_1,GA-QL,4,1629.0,2.9415495449975424,19700,True,4,0.001968
knapPI_2_200_1000_1,GA-QL,5,1629.0,3.025302781999926,19700,True,53,0.013852000000000001
knapPI_2_200_1000_1,GA-QL,6,1634.0,2.807647874000395,19700,True,1,0.007544000000000003
knapPI_2_200_1000_1,GA-QL,7,1629.0,2.8034599239981617,19700,True,3,0.0029300000000000003
knapPI_2_200_1000_1,GA-QL,8,1629.0,2.8256712989968946,19700,True,24,0.025264
knapPI_2_200_1000_1,GA-QL,9,1634.0,2.812399321999692,19700,True,16,0.032664
knapPI_2_200_1000_1,GA-QL-T,0,1629.0,3.037660887999664,19700,True,2,0.006504000000000001
knapPI_2_200_1000_1,GA-QL-T,1,1634.0,2.805502389997855,19700,True,2,0.039990000000000005
knapPI_2_200_1000_1,GA-QL-T,2,1629.0,2.8101285670018115,19700,True,38,0.003512000000000001
knapPI_2_200_1000_1,GA-QL-T,3,1629.0,2.9420739939996565,19700,True,4,0.004826000000000001
knapPI_2_200_1000_1,GA-QL-T,4,1629.0,2.885817872000189,19700,True,35,0.009420000000000001
knapPI_2_200_1000_1,GA-QL-T,5,1629.0,2.6864838050023536,19700,True,4,0.0050160000000000005
knapPI_2_200_1000_1,GA-QL-T,6,1634.0,2.761729963000107,19700,True,1,0.033456
knapPI_2_200_1000_1,GA-QL-T,7,1634.0,2.721575108997058,19700,True,70,0.045068000000000004
knapPI_2_200_1000_1,GA-QL-T,8,1634.0,2.9977244040019286,19700,True,171,0.020148000000000006
knapPI_2_200_1000_1,GA-QL-T,9,1634.0,2.951516252000147,19700,True,4,0.03596
knapPI_2_200_1000_1,GA-RAND,0,1629.0,3.460557076999976,19700,True,10,0.032296
knapPI_2_200_1000_1,GA-RAND,1,1629.0,3.3977159739988565,19700,True,5,0.012756
knapPI_2_200_1000_1,GA-RAND,2,1629.0,3.4848744030023227,19700,True,1,0.028777999999999998
knapPI_2_200_1000_1,GA-RAND,3,1629.0,2.90133554500062,19700,True,83,0.023676
knapPI_2_200_1000_1,GA-RAND,4,1634.0,3.182608324001194,19700,True,2,0.03413
knapPI_2_200_1000_1,GA-RAND,5,1629.0,3.2106444829987595,19700,True,47,0.03155
knapPI_2_200_1000_1,GA-RAND,6,1629.0,3.1235054960015987,19700,True,48,0.031139999999999998
knapPI_2_200_1000_1,GA-RAND,7,1629.0,2.907081327000924,19700,True,5,0.0023640000000000006
knapPI_2_200_1000_1,GA-RAND,8,1634.0,3.0019489099977363,19700,True,6,0.005538000000000002
knapPI_2_200_1000_1,GA-RAND,9,1629.0,3.0548444429987285,19700,True,1,0.0065800000000000025
knapPI_2_200_1000_1,GA-UCB,0,1629.0,2.9613948349979182,19700,True,6,0.006686000000000003
knapPI_2_200_1000_1,GA-UCB,1,1629.0,3.004238538000209,19700,True,3,0.0313
knapPI_2_200_1000_1,GA-UCB,2,1629.0,2.8146959119985695,19700,True,5,0.029572
knapPI_2_200_1000_1,GA-UCB,3,1629.0,2.874835377002455,19700,True,9,0.01119
knapPI_2_200_1000_1,GA-UCB,4,1629.0,2.699421318997338,19700,True,6,0.0011760000000000002
knapPI_2_200_1000_1,GA-UCB,5,1629.0,2.7629690559988376,19700,True,6,0.008980000000000002
knapPI_2_200_1000_1,GA-UCB,6,1629.0,2.997211383000831,19700,True,3,0.026742
knapPI_2_200_1000_1,GA-UCB,7,1629.0,3.009173426999041,19700,True,24,0.005772000000000002
knapPI_2_200_1000_1,GA-UCB,8,1629.0,2.7120450920010626,19700,True,7,0.010278000000000004
knapPI_2_200_1000_1,GA-UCB,9,1634.0,2.8695478570007253,19700,True,4,0.035326
knapPI_2_500_1000_1,GA,0,4552.0,5.3086765490006655,19700,True,3,0.0
knapPI_2_500_1000_1,GA,1,4556.0,3.347346249000111,19700,True,3,0.0006272000000000002
knapPI_2_500_1000_1,GA,2,4556.0,3.323174369001208,19700,True,3,0.0
knapPI_2_500_1000_1,GA,3,4556.0,2.9773382819985272,19700,True,4,0.0
knapPI_2_500_1000_1,GA,4,4556.0,3.025750364002306,19700,True,4,0.0003168000000000002
knapPI_2_500_1000_1,GA,5,4556.0,2.8763450410006044,19700,True,3,0.0
knapPI_2_500_1000_1,GA,6,4556.0,2.95783669299999,19700,True,6,0.0
knapPI_2_500_1000_1,GA,7,4556.0,3.166649457998574,19700,True,3,0.0003168000000000002
knapPI_2_500_1000_1,GA,8,4556.0,3.106915776999813,19700,True,5,0.0
knapPI_2_500_1000_1,GA,9,4556.0,3.0074876319995383,19700,True,5,0.0
knapPI_2_500_1000_1,GA-FIX-UX+BF3,0,4556.0,6.7615131870006735,19700,True,2,0.0006272000000000002
knapPI_2_500_1000_1,GA-FIX-UX+BF3,1,4556.0,6.604673722998996,19700,True,3,0.0005544000000000002
knapPI_2_500_1000_1,GA-FIX-UX+BF3,2,4556.0,6.014370523997059,19700,True,2,0.0
knapPI_2_500_1000_1,GA-FIX-UX+BF3,3,4559.0,6.549783500999183,19700,True,13,0.0007048000000000002
knapPI_2_500_1000_1,GA-FIX-UX+BF3,4,4556.0,5.525035967999429,19700,True,4,0.0
knapPI_2_500_1000_1,GA-FIX-UX+BF3,5,4556.0,5.735376715001621,19700,True,2,0.0003168000000000002
knapPI_2_500_1000_1,GA-FIX-UX+BF3,6,4559.0,6.663606059999438,19700,True,4,0.0013304000000000005
knapPI_2_500_1000_1,GA-FIX-UX+BF3,7,4556.0,5.448794460997306,19700,True,3,0.0
knapPI_2_500_1000_1,GA-FIX-UX+BF3,8,4557.0,6.445586301000731,19700,True,4,0.0010944000000000004
knapPI_2_500_1000_1,GA-FIX-UX+BF3,9,4566.0,6.279771764999168,19700,True,5,0.0007856000000000003
knapPI_2_500_1000_1,GA-QL,0,4556.0,4.599171768997621,19700,True,4,0.0016504000000000004
knapPI_2_500_1000_1,GA-QL,1,4556.0,5.841325954999775,19700,True,3,0.0007112000000000003
knapPI_2_500_1000_1,GA-QL,2,4556.0,4.529664960002265,19700,True,3,0.00031680000000000006
knapPI_2_500_1000_1,GA-QL,3,4566.0,5.808553170998493,19700,True,9,0.0025512000000000004
knapPI_2_500_1000_1,GA-QL,4,4556.0,5.696758063000743,19700,True,4,0.0
knapPI_2_500_1000_1,GA-QL,5,4556.0,4.852518579002208,19700,True,3,0.0017200000000000002
knapPI_2_500_1000_1,GA-QL,6,4556.0,5.1656522279990895,19700,True,4,0.00047360000000000024
knapPI_2_500_1000_1,GA-QL,7,4556.0,5.206936915998085,19700,True,3,0.0003168000000000002
knapPI_2_500_1000_1,GA-QL,8,4556.0,5.796774074999121,19700,True,3,0.0006272000000000002
knapPI_2_500_1000_1,GA-QL,9,4556.0,5.1296571219972975,19700,True,4,0.00023760000000000008
knapPI_2_500_1000_1,GA-QL-T,0,4556.0,5.508213769000577,19700,True,3,0.0
knapPI_2_500_1000_1,GA-QL-T,1,4559.0,6.190511951001099,19700,True,5,0.00047360000000000013
knapPI_2_500_1000_1,GA-QL-T,2,4556.0,5.100246220998088,19700,True,3,0.0003168000000000002
knapPI_2_500_1000_1,GA-QL-T,3,4556.0,5.8618242100019415,19700,True,3,0.0004752000000000003
knapPI_2_500_1000_1,GA-QL-T,4,4556.0,5.264664287002233,19700,True,4,0.0
knapPI_2_500_1000_1,GA-QL-T,5,4556.0,5.504574582999339,19700,True,3,0.0
knapPI_2_500_1000_1,GA-QL-T,6,4556.0,6.199972141999751,19700,True,4,0.00023760000000000008
knapPI_2_500_1000_1,GA-QL-T,7,4556.0,5.0827200610001455,19700,True,4,0.0012384000000000004
knapPI_2_500_1000_1,GA-QL-T,8,4559.0,6.670759961998556,19700,True,5,0.0010976000000000004
knapPI_2_500_1000_1,GA-QL-T,9,4556.0,5.94930590599688,19700,True,3,0.0007112000000000003
knapPI_2_500_1000_1,GA-RAND,0,4556.0,4.746123757002351,19700,True,3,0.0003960000000000002
knapPI_2_500_1000_1,GA-RAND,1,4556.0,4.705381561998365,19700,True,1,0.0
knapPI_2_500_1000_1,GA-RAND,2,4556.0,4.4704248670022935,19700,True,2,0.0010264000000000004
knapPI_2_500_1000_1,GA-RAND,3,4556.0,4.685520940001879,19700,True,3,0.0005528000000000002
knapPI_2_500_1000_1,GA-RAND,4,4556.0,4.705510636998952,19700,True,5,0.0014144000000000006
knapPI_2_500_1000_1,GA-RAND,5,4556.0,4.873814121001487,19700,True,3,0.002727200000000001
knapPI_2_500_1000_1,GA-RAND,6,4556.0,5.018859683998016,19700,True,3,0.0012560000000000004
knapPI_2_500_1000_1,GA-RAND,7,4556.0,4.62246297800084,19700,True,2,0.0003168000000000002
knapPI_2_500_1000_1,GA-RAND,8,4556.0,5.086597736997646,19700,True,4,0.00023760000000000008
knapPI_2_500_1000_1,GA-RAND,9,4556.0,4.866122445000656,19700,True,3,0.0009456000000000002
knapPI_2_500_1000_1,GA-UCB,0,4556.0,4.896568994998233,19700,True,4,0.0008648000000000004
knapPI_2_500_1000_1,GA-UCB,1,4556.0,5.1255862430007255,19700,True,5,0.0
knapPI_2_500_1000_1,GA-UCB,2,4556.0,5.237066315003176,19700,True,3,0.0014984000000000006
knapPI_2_500_1000_1,GA-UCB,3,4556.0,4.731021448998945,19700,True,3,0.0
knapPI_2_500_1000_1,GA-UCB,4,4556.0,5.447568685998704,19700,True,5,0.0033464000000000007
knapPI_2_500_1000_1,GA-UCB,5,4556.0,4.593008817002556,19700,True,4,0.0013400000000000003
knapPI_2_500_1000_1,GA-UCB,6,4556.0,5.130799777998618,19700,True,4,0.0008664000000000002
knapPI_2_500_1000_1,GA-UCB,7,4556.0,5.847013614999014,19700,True,3,0.0020416000000000006
knapPI_2_500_1000_1,GA-UCB,8,4556.0,5.169599059001484,19700,True,5,0.0003960000000000002
knapPI_2_500_1000_1,GA-UCB,9,4556.0,5.491897161999077,19700,True,3,0.0003168000000000002
knapPI_3_1000_1000_1,GA,0,14390.0,2.9282242609988316,19700,True,26,7.920000000000005e-05
knapPI_3_1000_1000_1,GA,1,14389.0,2.7186067899965565,19700,True,10,7.920000000000005e-05
knapPI_3_1000_1000_1,GA,2,14390.0,2.791243964999012,19700,True,8,0.0
knapPI_3_1000_1000_1,GA,3,14390.0,2.6988227820002066,19700,True,11,7.920000000000005e-05
knapPI_3_1000_1000_1,GA,4,14389.0,2.8112987829990743,19700,True,12,0.00015760000000000006
knapPI_3_1000_1000_1,GA,5,14290.0,2.3385273740022967,19700,True,9,0.0006103999999999999
knapPI_3_1000_1000_1,GA,6,14390.0,2.701572689002205,19700,True,175,0.00023440000000000011
knapPI_3_1000_1000_1,GA,7,14389.0,2.41090057099791,19700,True,9,0.00015760000000000006
knapPI_3_1000_1000_1,GA,8,14389.0,2.8328769439976895,19700,True,187,0.00031120000000000014
knapPI_3_1000_1000_1,GA,9,14390.0,3.230107190000126,19700,True,8,0.00015760000000000006
knapPI_3_1000_1000_1,GA-FIX-UX+BF3,0,14390.0,3.1902568149998842,19700,True,11,0.00039520000000000023
knapPI_3_1000_1000_1,GA-FIX-UX+BF3,1,14390.0,4.40467247199922,19700,True,11,0.00015760000000000006
knapPI_3_1000_1000_1,GA-FIX-UX+BF3,2,14390.0,4.305178323000291,19700,True,11,0.00023440000000000011
knapPI_3_1000_1000_1,GA-FIX-UX+BF3,3,14390.0,3.261917868996534,19700,True,17,0.0
knapPI_3_1000_1000_1,GA-FIX-UX+BF3,4,14390.0,4.4688708819994645,19700,True,15,0.00015760000000000006
knapPI_3_1000_1000_1,GA-FIX-UX+BF3,5,14390.0,4.201908964001632,19700,True,195,0.0027308000000000002
knapPI_3_1000_1000_1,GA-FIX-UX+BF3,6,14390.0,4.185138245000417,19700,True,9,0.00023680000000000012
knapPI_3_1000_1000_1,GA-FIX-UX+BF3,7,14390.0,4.105242077999719,19700,True,15,0.0005044000000000002
knapPI_3_1000_1000_1,GA-FIX-UX+BF3,8,14390.0,3.2871765909985697,19700,True,22,0.0003864000000000002
knapPI_3_1000_1000_1,GA-FIX-UX+BF3,9,14290.0,4.071818055999756,19700,True,12,0.0007664000000000001
knapPI_3_1000_1000_1,GA-QL,0,14390.0,3.89757458099848,19700,True,14,0.00015760000000000006
knapPI_3_1000_1000_1,GA-QL,1,14390.0,3.379534028001217,19700,True,13,7.920000000000005e-05
knapPI_3_1000_1000_1,GA-QL,2,14390.0,3.032255268000881,19700,True,11,0.00038800000000000016
knapPI_3_1000_1000_1,GA-QL,3,14390.0,3.843284503000177,19700,True,14,0.0005408000000000001
knapPI_3_1000_1000_1,GA-QL,4,14390.0,3.6891120270011015,19700,True,15,0.0008280000000000003
knapPI_3_1000_1000_1,GA-QL,5,14390.0,3.7876641749971895,19700,True,132,0.00015760000000000006
knapPI_3_1000_1000_1,GA-QL,6,14390.0,3.4490348049985187,19700,True,17,0.00038560000000000016
knapPI_3_1000_1000_1,GA-QL,7,14390.0,3.5993531640015135,19700,True,14,0.0006168000000000004
knapPI_3_1000_1000_1,GA-QL,8,14390.0,3.2746111960004782,19700,True,12,0.00023440000000000011
knapPI_3_1000_1000_1,GA-QL,9,14390.0,3.828940358998807,19700,True,13,0.00031200000000000016
knapPI_3_1000_1000_1,GA-QL-T,0,14390.0,3.041842241997074,19700,True,9,0.0008335999999999999
knapPI_3_1000_1000_1,GA-QL-T,1,14390.0,3.734248059001402,19700,True,10,0.00031360000000000014
knapPI_3_1000_1000_1,GA-QL-T,2,14390.0,3.6431724590001977,19700,True,13,0.0003120000000000001
knapPI_3_1000_1000_1,GA-QL-T,3,14390.0,4.014363989997946,19700,True,19,0.0003128000000000001
knapPI_3_1000_1000_1,GA-QL-T,4,14390.0,3.9448763059990597,19700,True,13,0.0004608000000000002
knapPI_3_1000_1000_1,GA-QL-T,5,14390.0,3.9541399359986826,19700,True,15,0.00015760000000000006
knapPI_3_1000_1000_1,GA-QL-T,6,14389.0,3.9384078579969355,19700,True,11,0.00038720000000000014
knapPI_3_1000_1000_1,GA-QL-T,7,14390.0,4.095109884998237,19700,True,10,0.0005100000000000003
knapPI_3_1000_1000_1,GA-QL-T,8,14390.0,3.7293717249995098,19700,True,12,0.00023440000000000011
knapPI_3_1000_1000_1,GA-QL-T,9,14390.0,2.8237856320010906,19700,True,22,0.0017164
knapPI_3_1000_1000_1,GA-RAND,0,14390.0,3.6607760719998623,19700,True,11,0.00019800000000000012
knapPI_3_1000_1000_1,GA-RAND,1,14390.0,3.2370499499993457,19700,True,13,0.00046800000000000026
knapPI_3_1000_1000_1,GA-RAND,2,14390.0,3.775313014000858,19700,True,148,0.0008424000000000004
knapPI_3_1000_1000_1,GA-RAND,3,14290.0,3.8381982239989156,19700,True,10,0.0004664000000000003
knapPI_3_1000_1000_1,GA-RAND,4,14390.0,3.359261763998802,19700,True,10,0.0007648000000000004
knapPI_3_1000_1000_1,GA-RAND,5,14390.0,3.872935006998887,19700,True,13,7.920000000000005e-05
knapPI_3_1000_1000_1,GA-RAND,6,14390.0,3.562634201000037,19700,True,11,0.00023440000000000011
knapPI_3_1000_1000_1,GA-RAND,7,14390.0,3.3411861730019154,19700,True,19,0.0005416000000000003
knapPI_3_1000_1000_1,GA-RAND,8,14389.0,4.147125313000288,19700,True,10,0.0
knapPI_3_1000_1000_1,GA-RAND,9,14390.0,4.149677284000063,19700,True,37,7.920000000000005e-05
knapPI_3_1000_1000_1,GA-UCB,0,14390.0,3.29789459499807,19700,True,100,0.00023680000000000012
knapPI_3_1000_1000_1,GA-UCB,1,14390.0,4.404903457001637,19700,True,105,0.0003888000000000001
knapPI_3_1000_1000_1,GA-UCB,2,14390.0,4.793657203001203,19700,True,14,0.0003152000000000001
knapPI_3_1000_1000_1,GA-UCB,3,14390.0,5.305619654998736,19700,True,10,0.0002328000000000001
knapPI_3_1000_1000_1,GA-UCB,4,14390.0,4.8099091589974705,19700,True,15,0.00046240000000000023
knapPI_3_1000_1000_1,GA-UCB,5,14390.0,5.1010128849993635,19700,True,15,0.0006872
knapPI_3_1000_1000_1,GA-UCB,6,14390.0,5.231407447001402,19700,True,12,0.0001584000000000001
knapPI_3_1000_1000_1,GA-UCB,7,14389.0,4.88260715800061,19700,True,9,0.00031120000000000014
knapPI_3_1000_1000_1,GA-UCB,8,14390.0,4.443929519999074,19700,True,16,7.920000000000005e-05
knapPI_3_1000_1000_1,GA-UCB,9,14390.0,4.236549892000767,19700,True,9,0.0003128000000000001
knapPI_3_100_1000_1,GA,0,2397.0,0.8074887269976898,19700,True,1,0.0007920000000000005
knapPI_3_100_1000_1,GA,1,2397.0,0.5665360980019614,19700,True,1,0.003856000000000002
knapPI_3_100_1000_1,GA,2,2397.0,0.7463337560002401,19700,True,155,0.0015760000000000008
knapPI_3_100_1000_1,GA,3,2390.0,0.8201876070015715,19700,True,1,0.0031040000000000013
knapPI_3_100_1000_1,GA,4,2397.0,0.6136018729994248,19700,True,1,0.0031120000000000015
knapPI_3_100_1000_1,GA,5,2397.0,0.7893647909986612,19700,True,1,0.002344000000000001
knapPI_3_100_1000_1,GA,6,2397.0,0.7830822989999433,19700,True,1,0.0046000000000000025
knapPI_3_100_1000_1,GA,7,2397.0,0.6268285549995198,19700,True,1,0.0031200000000000017
knapPI_3_100_1000_1,GA,8,2397.0,0.7109736480015272,19700,True,24,0.006055999999999999
knapPI_3_100_1000_1,GA,9,2397.0,0.7851125320012216,19700,True,5,0.002344000000000001
knapPI_3_100_1000_1,GA-FIX-UX+BF3,0,2397.0,1.0324428509993595,19700,True,1,0.012672000000000001
knapPI_3_100_1000_1,GA-FIX-UX+BF3,1,2397.0,1.0455852260020038,19700,True,1,0.010028000000000002
knapPI_3_100_1000_1,GA-FIX-UX+BF3,2,2397.0,0.7955698300029326,19700,True,1,0.010208
knapPI_3_100_1000_1,GA-FIX-UX+BF3,3,2397.0,1.027963357999397,19700,True,1,0.008159999999999999
knapPI_3_100_1000_1,GA-FIX-UX+BF3,4,2397.0,1.037053863001347,19700,True,1,0.01002
knapPI_3_100_1000_1,GA-FIX-UX+BF3,5,2397.0,0.6767533510028443,19700,True,1,0.005788000000000002
knapPI_3_100_1000_1,GA-FIX-UX+BF3,6,2397.0,1.029350347998843,19700,True,1,0.012128000000000002
knapPI_3_100_1000_1,GA-FIX-UX+BF3,7,2397.0,1.031422374999238,19700,True,1,0.0102
knapPI_3_100_1000_1,GA-FIX-UX+BF3,8,2397.0,1.0409954040005687,19700,True,1,0.008136
knapPI_3_100_1000_1,GA-FIX-UX+BF3,9,2397.0,0.6891839660020196,19700,True,4,0.015127999999999999
knapPI_3_100_1000_1,GA-QL,0,2397.0,0.9796655430000101,19700,True,5,0.013691999999999998
knapPI_3_100_1000_1,GA-QL,1,2397.0,0.9689201920009509,19700,True,6,0.008039999999999999
knapPI_3_100_1000_1,GA-QL,2,2396.0,0.6052656959982414,19700,True,3,0.004640000000000002
knapPI_3_100_1000_1,GA-QL,3,2397.0,0.8587399850002839,19700,True,1,0.012676000000000003
knapPI_3_100_1000_1,GA-QL,4,2397.0,0.9100680489973456,19700,True,1,0.008744
knapPI_3_100_1000_1,GA-QL,5,2397.0,0.9296396779973293,19700,True,1,0.012712000000000003
knapPI_3_100_1000_1,GA-QL,6,2397.0,0.5167439219985681,19700,True,1,0.009472000000000001
knapPI_3_100_1000_1,GA-QL,7,2397.0,0.9063798980023421,19700,True,194,0.039740000000000004
knapPI_3_100_1000_1,GA-QL,8,2397.0,0.9267906989989569,19700,True,38,0.004600000000000002
knapPI_3_100_1000_1,GA-QL,9,2397.0,0.8946342510025715,19700,True,1,0.0023520000000000012
knapPI_3_100_1000_1,GA-QL-T,0,2397.0,0.9160950400000729,19700,True,4,0.011688
knapPI_3_100_1000_1,GA-QL-T,1,2397.0,0.5107795909971173,19700,True,1,0.011335999999999999
knapPI_3_100_1000_1,GA-QL-T,2,2397.0,0.8174827520015242,19700,True,5,0.008023999999999998
knapPI_3_100_1000_1,GA-QL-T,3,2397.0,0.9409584790009831,19700,True,1,0.007235999999999999
knapPI_3_100_1000_1,GA-QL-T,4,2397.0,0.844242271999974,19700,True,1,0.007463999999999999
knapPI_3_100_1000_1,GA-QL-T,5,2397.0,0.9264402509979845,19700,True,1,0.008039999999999999
knapPI_3_100_1000_1,GA-QL-T,6,2397.0,0.9215054869964661,19700,True,1,0.003864000000000002
knapPI_3_100_1000_1,GA-QL-T,7,2397.0,0.9593934369986528,19700,True,3,0.012136000000000001
knapPI_3_100_1000_1,GA-QL-T,8,2397.0,0.9178268520008714,19700,True,3,0.010104
knapPI_3_100_1000_1,GA-QL-T,9,2397.0,0.5101137819983705,19700,True,1,0.0052559999999999985
knapPI_3_100_1000_1,GA-RAND,0,2397.0,0.8089501469985407,19700,True,7,0.004600000000000002
knapPI_3_100_1000_1,GA-RAND,1,2397.0,0.8986680320012965,19700,True,1,0.0030720000000000014
knapPI_3_100_1000_1,GA-RAND,2,2397.0,0.6405673980007123,19700,True,1,0.009356000000000001
knapPI_3_100_1000_1,GA-RAND,3,2397.0,0.8634166499978164,19700,True,1,0.007479999999999999
knapPI_3_100_1000_1,GA-RAND,4,2397.0,0.8548396699989098,19700,True,1,0.005295999999999999
knapPI_3_100_1000_1,GA-RAND,5,2397.0,0.8866930999975011,19700,True,1,0.0031120000000000015
knapPI_3_100_1000_1,GA-RAND,6,2397.0,0.5130046579979535,19700,True,1,0.0023440000000000006
knapPI_3_100_1000_1,GA-RAND,7,2397.0,0.9039134919985372,19700,True,1,0.005343999999999999
knapPI_3_100_1000_1,GA-RAND,8,2397.0,0.8069780859987077,19700,True,1,0.010664
knapPI_3_100_1000_1,GA-RAND,9,2397.0,0.8750496989996464,19700,True,1,0.0066159999999999995
knapPI_3_100_1000_1,GA-UCB,0,2397.0,0.8876734270015731,19700,True,1,0.005295999999999999
knapPI_3_100_1000_1,GA-UCB,1,2397.0,0.7920683289994486,19700,True,1,0.007447999999999999
knapPI_3_100_1000_1,GA-UCB,2,2397.0,0.869743291001214,19700,True,21,0.007487999999999999
knapPI_3_100_1000_1,GA-UCB,3,2397.0,0.8937977250025142,19700,True,4,0.004608000000000002
knapPI_3_100_1000_1,GA-UCB,4,2397.0,0.6147926220000954,19700,True,1,0.012664
knapPI_3_100_1000_1,GA-UCB,5,2397.0,0.9337366229992767,19700,True,1,0.01004
knapPI_3_100_1000_1,GA-UCB,6,2397.0,0.782401137999841,19700,True,1,0.01252
knapPI_3_100_1000_1,GA-UCB,7,2397.0,0.909404904999974,19700,True,1,0.008039999999999999
knapPI_3_100_1000_1,GA-UCB,8,2397.0,0.9160768820001977,19700,True,38,0.005295999999999999
knapPI_3_100_1000_1,GA-UCB,9,2397.0,0.8912901010007772,19700,True,15,0.007463999999999998
knapPI_3_2000_1000_1,GA,0,28919.0,4.898011028999463,19700,True,16,0.0010428
knapPI_3_2000_1000_1,GA,1,28919.0,4.214671451001777,19700,True,17,0.00015600000000000008
knapPI_3_2000_1000_1,GA,2,28917.0,4.993453107999812,19700,True,84,0.0008992
knapPI_3_2000_1000_1,GA,3,28919.0,4.636215533002542,19700,True,14,7.880000000000003e-05
knapPI_3_2000_1000_1,GA,4,28918.0,4.332333149999613,19700,True,16,0.00015600000000000005
knapPI_3_2000_1000_1,GA,5,28918.0,4.729661078999925,19700,True,18,0.00023360000000000012
knapPI_3_2000_1000_1,GA,6,28918.0,5.159322995001276,19700,True,30,0.0010512000000000002
knapPI_3_2000_1000_1,GA,7,28919.0,5.312238697999419,19700,True,59,0.00019520000000000008
knapPI_3_2000_1000_1,GA,8,28916.0,4.624710992000473,19700,True,19,0.0002687999999999999
knapPI_3_2000_1000_1,GA,9,28919.0,5.3336201470010565,19700,True,63,0.00015720000000000005
knapPI_3_2000_1000_1,GA-FIX-UX+BF3,0,28919.0,6.65137476900054,19700,True,17,0.00023280000000000013
knapPI_3_2000_1000_1,GA-FIX-UX+BF3,1,28919.0,7.186217909998959,19700,True,19,0.0002316000000000001
knapPI_3_2000_1000_1,GA-FIX-UX+BF3,2,28919.0,7.004290274999221,19700,True,23,0.0008084
knapPI_3_2000_1000_1,GA-FIX-UX+BF3,3,28919.0,6.857964940001693,19700,True,25,0.00011760000000000007
knapPI_3_2000_1000_1,GA-FIX-UX+BF3,4,28919.0,6.709234288002335,19700,True,21,0.00040100000000000004
knapPI_3_2000_1000_1,GA-FIX-UX+BF3,5,28919.0,6.910360957001103,19700,True,20,0.0006968000000000001
knapPI_3_2000_1000_1,GA-FIX-UX+BF3,6,28919.0,6.873238672000298,19700,True,19,0.0002712000000000001
knapPI_3_2000_1000_1,GA-FIX-UX+BF3,7,28919.0,5.895013211000332,19700,True,18,0.0002687999999999999
knapPI_3_2000_1000_1,GA-FIX-UX+BF3,8,28919.0,5.300707132999378,19700,True,19,0.0007490000000000001
knapPI_3_2000_1000_1,GA-FIX-UX+BF3,9,28919.0,6.512635273000342,19700,True,19,0.00031040000000000017
knapPI_3_2000_1000_1,GA-QL,0,28919.0,5.926068071999907,19700,True,17,0.00019400000000000008
knapPI_3_2000_1000_1,GA-QL,1,28919.0,5.367758650998439,19700,True,20,0.00015600000000000008
knapPI_3_2000_1000_1,GA-QL,2,28919.0,5.447377551001409,19700,True,16,3.960000000000003e-05
knapPI_3_2000_1000_1,GA-QL,3,28919.0,5.2641861789998075,19700,True,23,0.00015680000000000007
knapPI_3_2000_1000_1,GA-QL,4,28919.0,5.655418090002058,19700,True,20,0.00044799999999999994
knapPI_3_2000_1000_1,GA-QL,5,28919.0,5.597889311000472,19700,True,104,0.0002687999999999999
knapPI_3_2000_1000_1,GA-QL,6,28919.0,5.610969115001353,19700,True,14,0.0002316000000000001
knapPI_3_2000_1000_1,GA-QL,7,28919.0,5.248335367999971,19700,True,25,0.00034639999999999996
knapPI_3_2000_1000_1,GA-QL,8,28919.0,5.716213195999444,19700,True,18,0.00011760000000000005
knapPI_3_2000_1000_1,GA-QL,9,28919.0,4.350183794002078,19700,True,19,0.00015640000000000006
knapPI_3_2000_1000_1,GA-QL-T,0,28919.0,6.307285193997814,19700,True,19,0.0004168
knapPI_3_2000_1000_1,GA-QL-T,1,28919.0,6.003311723998195,19700,True,15,0.0006248
knapPI_3_2000_1000_1,GA-QL-T,2,28919.0,5.748055449999811,19700,True,14,0.0007352000000000003
knapPI_3_2000_1000_1,GA-QL-T,3,28919.0,5.638183675000619,19700,True,20,7.880000000000003e-05
knapPI_3_2000_1000_1,GA-QL-T,4,28919.0,6.260302200000297,19700,True,17,0.0002688
knapPI_3_2000_1000_1,GA-QL-T,5,28919.0,5.344925498000521,19700,True,16,0.00048760000000000003
knapPI_3_2000_1000_1,GA-QL-T,6,28919.0,5.515692097000283,19700,True,17,0.00015720000000000005
knapPI_3_2000_1000_1,GA-QL-T,7,28919.0,6.278521844000352,19700,True,23,0.00019360000000000007
knapPI_3_2000_1000_1,GA-QL-T,8,28919.0,6.477270942999894,19700,True,19,0.0007456
knapPI_3_2000_1000_1,GA-QL-T,9,28919.0,6.619571888997598,19700,True,17,0.0004132
knapPI_3_2000_1000_1,GA-RAND,0,28919.0,6.548643475001882,19700,True,22,0.0003844000000000001
knapPI_3_2000_1000_1,GA-RAND,1,28919.0,6.549372548000974,19700,True,19,0.00015600000000000008
knapPI_3_2000_1000_1,GA-RAND,2,28919.0,6.136614454997471,19700,True,15,0.0002352000000000001
knapPI_3_2000_1000_1,GA-RAND,3,28918.0,7.284048142002575,19700,True,173,0.00011760000000000007
knapPI_3_2000_1000_1,GA-RAND,4,28918.0,7.48178205700242,19700,True,19,0.0003812
knapPI_3_2000_1000_1,GA-RAND,5,28919.0,6.813833248001174,19700,True,18,0.0003282
knapPI_3_2000_1000_1,GA-RAND,6,28919.0,7.235724098998617,19700,True,17,0.0003412
knapPI_3_2000_1000_1,GA-RAND,7,28919.0,7.041749363001145,19700,True,19,0.0006100000000000001
knapPI_3_2000_1000_1,GA-RAND,8,28919.0,7.315910007000639,19700,True,16,0.00011840000000000006
knapPI_3_2000_1000_1,GA-RAND,9,28919.0,7.176716067999223,19700,True,20,0.00011840000000000006
knapPI_3_2000_1000_1,GA-UCB,0,28919.0,6.161139649000688,19700,True,15,0.00034199999999999996
knapPI_3_2000_1000_1,GA-UCB,1,28919.0,6.298635331000696,19700,True,17,0.0002328000000000001
knapPI_3_2000_1000_1,GA-UCB,2,28919.0,6.0742318960001285,19700,True,19,0.00034519999999999993
knapPI_3_2000_1000_1,GA-UCB,3,28919.0,6.497527493000234,19700,True,14,0.00027360000000000015
knapPI_3_2000_1000_1,GA-UCB,4,28919.0,6.611634144999698,19700,True,16,0.0002696000000000001
knapPI_3_2000_1000_1,GA-UCB,5,28919.0,5.856001590997039,19700,True,28,0.00015720000000000008
knapPI_3_2000_1000_1,GA-UCB,6,28919.0,6.371588698999403,19700,True,20,0.00023200000000000008
knapPI_3_2000_1000_1,GA-UCB,7,28919.0,6.13787683999908,19700,True,16,0.00019400000000000008
knapPI_3_2000_1000_1,GA-UCB,8,28919.0,5.957891711001139,19700,True,21,0.00011840000000000006
knapPI_3_2000_1000_1,GA-UCB,9,28919.0,5.246604695003043,19700,True,19,0.0005784000000000001
knapPI_3_200_1000_1,GA,0,2697.0,0.7985507340017648,19700,True,2,0.0015600000000000008
knapPI_3_200_1000_1,GA,1,2697.0,1.0537033560030977,19700,True,76,0.0019600000000000012
knapPI_3_200_1000_1,GA,2,2697.0,1.0789064620003046,19700,True,1,0.0026839999999999998
knapPI_3_200_1000_1,GA,3,2697.0,1.0468017069979396,19700,True,1,0.002304000000000001
knapPI_3_200_1000_1,GA,4,2697.0,0.6556642379982804,19700,True,1,0.0011760000000000006
knapPI_3_200_1000_1,GA,5,2697.0,1.112244768999517,19700,True,1,0.0026799999999999992
knapPI_3_200_1000_1,GA,6,2697.0,0.9646968140004901,19700,True,1,0.0015600000000000008
knapPI_3_200_1000_1,GA,7,2697.0,1.1080259480004315,19700,True,1,0.001936000000000001
knapPI_3_200_1000_1,GA,8,2695.0,1.0544286229996942,19700,True,27,0.002332000000000001
knapPI_3_200_1000_1,GA,9,2697.0,0.6588708080016659,19700,True,4,0.003408
knapPI_3_200_1000_1,GA-FIX-UX+BF3,0,2697.0,1.7981936440010031,19700,True,2,0.006588
knapPI_3_200_1000_1,GA-FIX-UX+BF3,1,2697.0,1.7834611619982752,19700,True,1,0.0065400000000000015
knapPI_3_200_1000_1,GA-FIX-UX+BF3,2,2697.0,1.7644355909978913,19700,True,1,0.0070999999999999995
knapPI_3_200_1000_1,GA-FIX-UX+BF3,3,2697.0,1.8125845440008561,19700,True,1,0.004124
knapPI_3_200_1000_1,GA-FIX-UX+BF3,4,2697.0,1.9205307270021876,19700,True,2,0.005804
knapPI_3_200_1000_1,GA-FIX-UX+BF3,5,2697.0,1.6999807939973834,19700,True,1,0.007906
knapPI_3_200_1000_1,GA-FIX-UX+BF3,6,2697.0,1.826462752000225,19700,True,1,0.0058200000000000005
knapPI_3_200_1000_1,GA-FIX-UX+BF3,7,2697.0,1.9447086229993147,19700,True,5,0.007083999999999999
knapPI_3_200_1000_1,GA-FIX-UX+BF3,8,2697.0,2.0291149530021357,19700,True,1,0.004468000000000001
knapPI_3_200_1000_1,GA-FIX-UX+BF3,9,2697.0,1.862643210002716,19700,True,2,0.005488
knapPI_3_200_1000_1,GA-QL,0,2697.0,1.319647697997425,19700,True,2,0.0026639999999999993
knapPI_3_200_1000_1,GA-QL,1,2697.0,1.380713526999898,19700,True,1,0.0070799999999999995
knapPI_3_200_1000_1,GA-QL,2,2697.0,1.4310323429999698,19700,True,1,0.005472
knapPI_3_200_1000_1,GA-QL,3,2697.0,1.396982289999869,19700,True,1,0.007372000000000001
knapPI_3_200_1000_1,GA-QL,4,2697.0,1.515440758998011,19700,True,3,0.004175999999999999
knapPI_3_200_1000_1,GA-QL,5,2697.0,1.4309963269988657,19700,True,2,0.005804
knapPI_3_200_1000_1,GA-QL,6,2697.0,1.3837903650019143,19700,True,1,0.007692
knapPI_3_200_1000_1,GA-QL,7,2697.0,1.371068339998601,19700,True,2,0.004476
knapPI_3_200_1000_1,GA-QL,8,2697.0,1.3530678290007927,19700,True,4,0.007288
knapPI_3_200_1000_1,GA-QL,9,2697.0,1.326961566999671,19700,True,3,0.003076000000000001
knapPI_3_200_1000_1,GA-QL-T,0,2697.0,1.4498861270003545,19700,True,10,0.004111999999999999
knapPI_3_200_1000_1,GA-QL-T,1,2697.0,1.6064680449999287,19700,True,2,0.007955999999999998
knapPI_3_200_1000_1,GA-QL-T,2,2697.0,1.461188638000749,19700,True,1,0.006382000000000001
knapPI_3_200_1000_1,GA-QL-T,3,2697.0,1.5297396999994817,19700,True,2,0.0037679999999999996
knapPI_3_200_1000_1,GA-QL-T,4,2697.0,1.491088105001836,19700,True,2,0.005156000000000001
knapPI_3_200_1000_1,GA-QL-T,5,2697.0,1.523547872002382,19700,True,1,0.00614
knapPI_3_200_1000_1,GA-QL-T,6,2697.0,1.5024508770002285,19700,True,1,0.006948000000000001
knapPI_3_200_1000_1,GA-QL-T,7,2697.0,1.6130072930027382,19700,True,3,0.007135999999999999
knapPI_3_200_1000_1,GA-QL-T,8,2697.0,1.4658889669990458,19700,True,1,0.007196000000000001
knapPI_3_200_1000_1,GA-QL-T,9,2697.0,1.4934589549993689,19700,True,2,0.0058119999999999995
knapPI_3_200_1000_1,GA-RAND,0,2697.0,1.278974378001294,19700,True,5,0.0030119999999999995
knapPI_3_200_1000_1,GA-RAND,1,2697.0,1.2884186640003463,19700,True,2,0.0048200000000000005
knapPI_3_200_1000_1,GA-RAND,2,2697.0,1.2982619559988962,19700,True,1,0.00472
knapPI_3_200_1000_1,GA-RAND,3,2697.0,1.3360646799992537,19700,True,1,0.006755999999999999
knapPI_3_200_1000_1,GA-RAND,4,2697.0,1.2940642920002574,19700,True,1,0.00522
knapPI_3_200_1000_1,GA-RAND,5,2697.0,0.8850297809985932,19700,True,1,0.007852
knapPI_3_200_1000_1,GA-RAND,6,2697.0,1.3082004640018567,19700,True,1,0.004788
knapPI_3_200_1000_1,GA-RAND,7,2697.0,1.2936216419984703,19700,True,4,0.0037679999999999996
knapPI_3_200_1000_1,GA-RAND,8,2697.0,1.2834746749977057,19700,True,1,0.0037439999999999995
knapPI_3_200_1000_1,GA-RAND,9,2697.0,1.0865392560008331,19700,True,2,0.005746000000000001
knapPI_3_200_1000_1,GA-UCB,0,2697.0,1.2410664520029968,19700,True,2,0.006484000000000001
knapPI_3_200_1000_1,GA-UCB,1,2697.0,1.3804046609984653,19700,True,3,0.004148
knapPI_3_200_1000_1,GA-UCB,2,2697.0,0.8013298100013344,19700,True,1,0.0037719999999999997
knapPI_3_200_1000_1,GA-UCB,3,2697.0,1.3463350819984043,19700,True,1,0.006092000000000001
knapPI_3_200_1000_1,GA-UCB,4,2697.0,1.4211141989981115,19700,True,1,0.0026759999999999996
knapPI_3_200_1000_1,GA-UCB,5,2697.0,1.3541057809998165,19700,True,1,0.008452
knapPI_3_200_1000_1,GA-UCB,6,2697.0,1.4554428929986898,19700,True,1,0.00888
knapPI_3_200_1000_1,GA-UCB,7,2697.0,0.9502873320016079,19700,True,1,0.003011999999999999
knapPI_3_200_1000_1,GA-UCB,8,2697.0,1.294171464000101,19700,True,2,0.005540000000000001
knapPI_3_200_1000_1,GA-UCB,9,2697.0,1.4068171679973602,19700,True,5,0.0044919999999999995
knapPI_3_500_1000_1,GA,0,7117.0,1.9896824590032338,19700,True,5,0.0007792000000000003
knapPI_3_500_1000_1,GA,1,7117.0,2.0168100980008603,19700,True,6,0.0
knapPI_3_500_1000_1,GA,2,7117.0,1.9488493530006963,19700,True,4,0.0001584000000000001
knapPI_3_500_1000_1,GA,3,7117.0,1.804554291000386,19700,True,7,0.00046880000000000023
knapPI_3_500_1000_1,GA,4,7117.0,1.896901929001615,19700,True,5,0.0
knapPI_3_500_1000_1,GA,5,7116.0,1.9929379099994549,19700,True,6,0.0006224000000000003
knapPI_3_500_1000_1,GA,6,7117.0,1.9278553069998452,19700,True,4,0.00046880000000000023
knapPI_3_500_1000_1,GA,7,7117.0,1.8374190319991612,19700,True,3,0.0004704000000000002
knapPI_3_500_1000_1,GA,8,7117.0,1.7602139170012379,19700,True,12,0.0003152000000000001
knapPI_3_500_1000_1,GA,9,7115.0,1.8650208769977326,19700,True,5,0.0003152000000000001
knapPI_3_500_1000_1,GA-FIX-UX+BF3,0,7117.0,3.011169098997925,19700,True,7,0.0009184000000000004
knapPI_3_500_1000_1,GA-FIX-UX+BF3,1,7117.0,2.9245121349995316,19700,True,7,0.0012208
knapPI_3_500_1000_1,GA-FIX-UX+BF3,2,7117.0,2.950280217002728,19700,True,5,0.0007760000000000003
knapPI_3_500_1000_1,GA-FIX-UX+BF3,3,7117.0,2.9778032649992383,19700,True,11,0.0006256000000000002
knapPI_3_500_1000_1,GA-FIX-UX+BF3,4,7117.0,1.9569590749997587,19700,True,5,0.0008616000000000003
knapPI_3_500_1000_1,GA-FIX-UX+BF3,5,7117.0,2.9775931969998055,19700,True,7,0.0014551999999999998
knapPI_3_500_1000_1,GA-FIX-UX+BF3,6,7117.0,2.972171495999646,19700,True,12,0.0005528000000000003
knapPI_3_500_1000_1,GA-FIX-UX+BF3,7,7117.0,2.205770805001521,19700,True,4,0.0006224000000000003
knapPI_3_500_1000_1,GA-FIX-UX+BF3,8,7117.0,2.796385678000661,19700,True,6,0.0009248000000000004
knapPI_3_500_1000_1,GA-FIX-UX+BF3,9,7117.0,2.792972412000381,19700,True,5,0.0003152000000000001
knapPI_3_500_1000_1,GA-QL,0,7117.0,2.4345308740012115,19700,True,16,0.0012175999999999999
knapPI_3_500_1000_1,GA-QL,1,7117.0,2.4176204730028985,19700,True,6,0.0006304000000000003
knapPI_3_500_1000_1,GA-QL,2,7117.0,2.348271957001998,19700,True,5,0.0006224000000000003
knapPI_3_500_1000_1,GA-QL,3,7117.0,2.418143572998815,19700,True,7,0.0003168000000000001
knapPI_3_500_1000_1,GA-QL,4,7117.0,2.120571073002793,19700,True,4,0.00046880000000000023
knapPI_3_500_1000_1,GA-QL,5,7117.0,2.6091843909998715,19700,True,7,0.0006240000000000002
knapPI_3_500_1000_1,GA-QL,6,7117.0,2.375861549000547,19700,True,6,0.0012192
knapPI_3_500_1000_1,GA-QL,7,7117.0,2.414919581002323,19700,True,3,0.0001584000000000001
knapPI_3_500_1000_1,GA-QL,8,7117.0,1.669880262001243,19700,True,4,0.0010784000000000004
knapPI_3_500_1000_1,GA-QL,9,7117.0,1.8943046120002691,19700,True,6,0.0003152000000000001
knapPI_3_500_1000_1,GA-QL-T,0,7117.0,2.1126935590000357,19700,True,16,0.0010816000000000003
knapPI_3_500_1000_1,GA-QL-T,1,7117.0,2.541054138000618,19700,True,4,0.0010703999999999998
knapPI_3_500_1000_1,GA-QL-T,2,7117.0,2.472575483003311,19700,True,6,0.0006240000000000003
knapPI_3_500_1000_1,GA-QL-T,3,7117.0,2.4953394959993602,19700,True,41,0.0003168000000000002
knapPI_3_500_1000_1,GA-QL-T,4,7117.0,2.483583279998129,19700,True,6,0.0006272000000000002
knapPI_3_500_1000_1,GA-QL-T,5,7117.0,2.5446430100018915,19700,True,6,0.00039600000000000025
knapPI_3_500_1000_1,GA-QL-T,6,7117.0,2.0796078450002824,19700,True,5,0.0011624000000000005
knapPI_3_500_1000_1,GA-QL-T,7,7117.0,1.7531796200019016,19700,True,5,0.0001584000000000001
knapPI_3_500_1000_1,GA-QL-T,8,7117.0,2.4400155040020763,19700,True,8,0.0012192
knapPI_3_500_1000_1,GA-QL-T,9,7117.0,2.45693257700259,19700,True,10,0.0016120000000000002
knapPI_3_500_1000_1,GA-RAND,0,7117.0,2.547879910998745,19700,True,4,0.0006240000000000003
knapPI_3_500_1000_1,GA-RAND,1,7117.0,2.573865778002073,19700,True,8,0.0001584000000000001
knapPI_3_500_1000_1,GA-RAND,2,7117.0,2.3535138069964887,19700,True,8,0.0007728000000000004
knapPI_3_500_1000_1,GA-RAND,3,7117.0,2.3344381149981928,19700,True,10,0.0015408000000000006
knapPI_3_500_1000_1,GA-RAND,4,7117.0,2.265274882000085,19700,True,4,0.0009296000000000005
knapPI_3_500_1000_1,GA-RAND,5,7117.0,2.273664495001867,19700,True,6,0.0013664000000000007
knapPI_3_500_1000_1,GA-RAND,6,7117.0,2.5233091800000693,19700,True,7,0.0007760000000000002
knapPI_3_500_1000_1,GA-RAND,7,7117.0,2.457558889997017,19700,True,6,0.0
knapPI_3_500_1000_1,GA-RAND,8,7117.0,2.553931256999931,19700,True,6,0.0010704000000000004
knapPI_3_500_1000_1,GA-RAND,9,7117.0,2.3932100100028038,19700,True,5,0.0006208000000000002
knapPI_3_500_1000_1,GA-UCB,0,7117.0,2.323978216998512,19700,True,4,0.0004704000000000002
knapPI_3_500_1000_1,GA-UCB,1,7117.0,2.369633124999382,19700,True,5,0.0001584000000000001
knapPI_3_500_1000_1,GA-UCB,2,7117.0,2.2253240270001697,19700,True,7,0.0013599999999999997
knapPI_3_500_1000_1,GA-UCB,3,7117.0,2.417758382998727,19700,True,5,0.0015104000000000007
knapPI_3_500_1000_1,GA-UCB,4,7117.0,2.5967459800012875,19700,True,7,0.0010848000000000003
knapPI_3_500_1000_1,GA-UCB,5,7117.0,2.317002457999479,19700,True,5,0.0007728000000000004
knapPI_3_500_1000_1,GA-UCB,6,7117.0,2.369999327998812,19700,True,5,0.0001584000000000001
knapPI_3_500_1000_1,GA-UCB,7,7117.0,2.5228191679998417,19700,True,4,0.0015232000000000006
knapPI_3_500_1000_1,GA-UCB,8,7117.0,2.4236626389974845,19700,True,5,0.0001584000000000001
knapPI_3_500_1000_1,GA-UCB,9,7117.0,2.210507569001493,19700,True,19,0.0015456
n_1000_c_100000000_g_10_f_0.3_eps_0.01_s_100,GA,0,100008498.0,9.679031562998716,19700,True,13,0.0364468
n_1000_c_100000000_g_10_f_0.3_eps_0.01_s_100,GA,1,100008490.0,9.399069412000244,19700,True,46,0.032873200000000005
n_1000_c_100000000_g_10_f_0.3_eps_0.01_s_100,GA,2,100008505.0,9.322892463998869,19700,True,100,0.0195556
n_1000_c_100000000_g_10_f_0.3_eps_0.01_s_100,GA,3,100007256.0,9.88580313899729,19700,True,82,0.08749280000000001
n_1000_c_100000000_g_10_f_0.3_eps_0.01_s_100,GA,4,100008465.0,8.295793124001648,19700,True,31,0.06515560000000002
n_1000_c_100000000_g_10_f_0.3_eps_0.01_s_100,GA,5,100008486.0,9.169492242999695,19700,True,20,0.0550172
n_1000_c_100000000_g_10_f_0.3_eps_0.01_s_100,GA,6,100007183.0,6.50825274899762,19700,True,63,0.08043760000000001
n_1000_c_100000000_g_10_f_0.3_eps_0.01_s_100,GA,7,100007260.0,10.055734194000252,19700,True,101,0.0860132
n_1000_c_100000000_g_10_f_0.3_eps_0.01_s_100,GA,8,100007227.0,10.193953410001996,19700,True,19,0.1100496
n_1000_c_100000000_g_10_f_0.3_eps_0.01_s_100,GA,9,100008519.0,6.126270150998607,19700,True,60,0.014594399999999999
n_1000_c_100000000_g_10_f_0.3_eps_0.01_s_100,GA-FIX-UX+BF3,0,100008507.0,11.705995946002076,19700,True,131,0.10419959999999998
n_1000_c_100000000_g_10_f_0.3_eps_0.01_s_100,GA-FIX-UX+BF3,1,100008519.0,12.16176828099924,19700,True,29,0.11021360000000001
n_1000_c_100000000_g_10_f_0.3_eps_0.01_s_100,GA-FIX-UX+BF3,2,100008467.0,8.417069036000612,19700,True,67,0.024652800000000006
n_1000_c_100000000_g_10_f_0.3_eps_0.01_s_100,GA-FIX-UX+BF3,3,100008428.0,11.887699805000011,19700,True,124,0.02546760000000001
n_1000_c_100000000_g_10_f_0.3_eps_0.01_s_100,GA-FIX-UX+BF3,4,100008498.0,9.705350291998911,19700,True,15,0.03357040000000001
n_1000_c_100000000_g_10_f_0.3_eps_0.01_s_100,GA-FIX-UX+BF3,5,100008514.0,11.695341760001611,19700,True,197,0.0644548
n_1000_c_100000000_g_10_f_0.3_eps_0.01_s_100,GA-FIX-UX+BF3,6,100008477.0,10.352146360997722,19700,True,168,0.031150800000000006
n_1000_c_100000000_g_10_f_0.3_eps_0.01_s_100,GA-FIX-UX+BF3,7,100008462.0,12.065590228001383,19700,True,85,0.04147720000000002
n_1000_c_100000000_g_10_f_0.3_eps_0.01_s_100,GA-FIX-UX+BF3,8,100008504.0,9.861368526999286,19700,True,106,0.044790400000000015
n_1000_c_100000000_g_10_f_0.3_eps_0.01_s_100,GA-FIX-UX+BF3,9,100008531.0,10.058990568999434,19700,True,92,0.04303000000000001
n_1000_c_100000000_g_10_f_0.3_eps_0.01_s_100,GA-QL,0,100008573.0,10.748990967000282,19700,True,193,0.07561040000000001
n_1000_c_100000000_g_10_f_0.3_eps_0.01_s_100,GA-QL,1,100008524.0,10.271950140999252,19700,True,20,0.0499912
n_1000_c_100000000_g_10_f_0.3_eps_0.01_s_100,GA-QL,2,100008468.0,10.561639617000765,19700,True,116,0.03843
n_1000_c_100000000_g_10_f_0.3_eps_0.01_s_100,GA-QL,3,100008523.0,6.404350243999943,19700,True,183,0.0586884
n_1000_c_100000000_g_10_f_0.3_eps_0.01_s_100,GA-QL,4,100008425.0,9.560333506997267,19700,True,35,0.1066688
n_1000_c_100000000_g_10_f_0.3_eps_0.01_s_100,GA-QL,5,100008514.0,10.41736472699995,19700,True,91,0.0878696
n_1000_c_100000000_g_10_f_0.3_eps_0.01_s_100,GA-QL,6,100008525.0,6.708228696999868,19700,True,40,0.0573536
n_1000_c_100000000_g_10_f_0.3_eps_0.01_s_100,GA-QL,7,100008574.0,9.170089866998751,19700,True,191,0.078582
n_1000_c_100000000_g_10_f_0.3_eps_0.01_s_100,GA-QL,8,100008521.0,10.714382265003223,19700,True,60,0.06119680000000001
n_1000_c_100000000_g_10_f_0.3_eps_0.01_s_100,GA-QL,9,100008481.0,10.663648017001833,19700,True,38,0.07412959999999999
n_1000_c_100000000_g_10_f_0.3_eps_0.01_s_100,GA-QL-T,0,100008484.0,9.563548040001479,19700,True,123,0.08487680000000002
n_1000_c_100000000_g_10_f_0.3_eps_0.01_s_100,GA-QL-T,1,100008529.0,9.631641281997872,19700,True,10,0.08385680000000001
n_1000_c_100000000_g_10_f_0.3_eps_0.01_s_100,GA-QL-T,2,100008480.0,10.812054941998213,19700,True,154,0.08951319999999999
n_1000_c_100000000_g_10_f_0.3_eps_0.01_s_100,GA-QL-T,3,100008479.0,8.826600315001997,19700,True,60,0.0666096
n_1000_c_100000000_g_10_f_0.3_eps_0.01_s_100,GA-QL-T,4,100008486.0,10.578179429998272,19700,True,50,0.10057159999999998
n_1000_c_100000000_g_10_f_0.3_eps_0.01_s_100,GA-QL-T,5,100008481.0,9.456355662001442,19700,True,84,0.11344599999999996
n_1000_c_100000000_g_10_f_0.3_eps_0.01_s_100,GA-QL-T,6,100008488.0,8.474028307999106,19700,True,165,0.10846439999999999
n_1000_c_100000000_g_10_f_0.3_eps_0.01_s_100,GA-QL-T,7,100008545.0,9.787119568001799,19700,True,36,0.0718932
n_1000_c_100000000_g_10_f_0.3_eps_0.01_s_100,GA-QL-T,8,100008477.0,9.23967830499896,19700,True,194,0.1258608
n_1000_c_100000000_g_10_f_0.3_eps_0.01_s_100,GA-QL-T,9,100008537.0,10.52077810099945,19700,True,125,0.07084200000000002
n_1000_c_100000000_g_10_f_0.3_eps_0.01_s_100,GA-RAND,0,100008487.0,10.457987925001362,19700,True,20,0.11014080000000001
n_1000_c_100000000_g_10_f_0.3_eps_0.01_s_100,GA-RAND,1,100008530.0,10.02623487800156,19700,True,59,0.06563119999999999
n_1000_c_100000000_g_10_f_0.3_eps_0.01_s_100,GA-RAND,2,100008481.0,10.212616919998254,19700,True,15,0.06267
n_1000_c_100000000_g_10_f_0.3_eps_0.01_s_100,GA-RAND,3,100008555.0,10.485930340000778,19700,True,146,0.014478
n_1000_c_100000000_g_10_f_0.3_eps_0.01_s_100,GA-RAND,4,100008482.0,7.1371065429993905,19700,True,30,0.06575439999999999
n_1000_c_100000000_g_10_f_0.3_eps_0.01_s_100,GA-RAND,5,100008512.0,8.729266635000386,19700,True,120,0.041538399999999996
n_1000_c_100000000_g_10_f_0.3_eps_0.01_s_100,GA-RAND,6,100008486.0,10.651208059000055,19700,True,36,0.0469844
n_1000_c_100000000_g_10_f_0.3_eps_0.01_s_100,GA-RAND,7,100008464.0,10.73748477800109,19700,True,17,0.10719519999999999
n_1000_c_100000000_g_10_f_0.3_eps_0.01_s_100,GA-RAND,8,100008481.0,10.680154783000035,19700,True,21,0.07965280000000001
n_1000_c_100000000_g_10_f_0.3_eps_0.01_s_100,GA-RAND,9,100008529.0,10.716732377997687,19700,True,24,0.041474399999999995
n_1000_c_100000000_g_10_f_0.3_eps_0.01_s_100,GA-UCB,0,100008500.0,10.549766354000894,19700,True,30,0.09291600000000001
n_1000_c_100000000_g_10_f_0.3_eps_0.01_s_100,GA-UCB,1,100008521.0,6.173108109000168,19700,True,38,0.03305840000000001
n_1000_c_100000000_g_10_f_0.3_eps_0.01_s_100,GA-UCB,2,100008481.0,10.467613261000224,19700,True,17,0.0765428
n_1000_c_100000000_g_10_f_0.3_eps_0.01_s_100,GA-UCB,3,100008529.0,8.784657552998397,19700,True,34,0.0375508
n_1000_c_100000000_g_10_f_0.3_eps_0.01_s_100,GA-UCB,4,100008447.0,9.200486868001462,19700,True,137,0.0943784
n_1000_c_100000000_g_10_f_0.3_eps_0.01_s_100,GA-UCB,5,100008486.0,8.394013901997823,19700,True,8,0.0952936
n_1000_c_100000000_g_10_f_0.3_eps_0.01_s_100,GA-UCB,6,100008481.0,10.291983301001892,19700,True,19,0.09724320000000002
n_1000_c_100000000_g_10_f_0.3_eps_0.01_s_100,GA-UCB,7,100008481.0,10.041545215997758,19700,True,28,0.1112628
n_1000_c_100000000_g_10_f_0.3_eps_0.01_s_100,GA-UCB,8,100008486.0,7.59748946900072,19700,True,20,0.087116
n_1000_c_100000000_g_10_f_0.3_eps_0.01_s_100,GA-UCB,9,100008498.0,10.642648633001954,19700,True,39,0.0737944
n_1000_c_100000000_g_10_f_0.3_eps_0.01_s_300,GA,0,100023239.0,9.881884984002681,19700,True,30,0.0471952
n_1000_c_100000000_g_10_f_0.3_eps_0.01_s_300,GA,1,100022908.0,9.76904338299937,19700,True,151,0.0590852
n_1000_c_100000000_g_10_f_0.3_eps_0.01_s_300,GA,2,100022963.0,5.936089882001397,19700,True,9,0.068554
n_1000_c_100000000_g_10_f_0.3_eps_0.01_s_300,GA,3,100022793.0,8.658049787998607,19700,True,33,0.06347000000000001
n_1000_c_100000000_g_10_f_0.3_eps_0.01_s_300,GA,4,100023233.0,9.920274410000275,19700,True,25,0.0617608
n_1000_c_100000000_g_10_f_0.3_eps_0.01_s_300,GA,5,100023233.0,7.752085341002385,19700,True,6,0.06886239999999999
n_1000_c_100000000_g_10_f_0.3_eps_0.01_s_300,GA,6,100023233.0,7.95578415899945,19700,True,21,0.08014679999999999
n_1000_c_100000000_g_10_f_0.3_eps_0.01_s_300,GA,7,100022687.0,8.732929529000103,19700,True,27,0.08380680000000001
n_1000_c_100000000_g_10_f_0.3_eps_0.01_s_300,GA,8,100023091.0,10.07548906699958,19700,True,18,0.05522560000000001
n_1000_c_100000000_g_10_f_0.3_eps_0.01_s_300,GA,9,100023197.0,7.664361704002658,19700,True,168,0.06602439999999998
n_1000_c_100000000_g_10_f_0.3_eps_0.01_s_300,GA-FIX-UX+BF3,0,100022118.0,11.867540728999302,19700,True,110,0.049338
n_1000_c_100000000_g_10_f_0.3_eps_0.01_s_300,GA-FIX-UX+BF3,1,100023045.0,6.513738973000727,19700,True,156,0.06504480000000003
n_1000_c_100000000_g_10_f_0.3_eps_0.01_s_300,GA-FIX-UX+BF3,2,100023195.0,11.577170275002572,19700,True,163,0.03913440000000001
n_1000_c_100000000_g_10_f_0.3_eps_0.01_s_300,GA-FIX-UX+BF3,3,100023135.0,11.646099099998537,19700,True,27,0.04597720000000001
n_1000_c_100000000_g_10_f_0.3_eps_0.01_s_300,GA-FIX-UX+BF3,4,100023052.0,11.76729105800041,19700,True,62,0.06502160000000001
n_1000_c_100000000_g_10_f_0.3_eps_0.01_s_300,GA-FIX-UX+BF3,5,100023233.0,9.070991022999806,19700,True,7,0.057680400000000014
n_1000_c_100000000_g_10_f_0.3_eps_0.01_s_300,GA-FIX-UX+BF3,6,100023187.0,10.100521047999791,19700,True,165,0.047432400000000007
n_1000_c_100000000_g_10_f_0.3_eps_0.01_s_300,GA-FIX-UX+BF3,7,100023069.0,11.019625933000498,19700,True,40,0.04864200000000001
n_1000_c_100000000_g_10_f_0.3_eps_0.01_s_300,GA-FIX-UX+BF3,8,100022974.0,10.647221522998734,19700,True,45,0.064706
n_1000_c_100000000_g_10_f_0.3_eps_0.01_s_300,GA-FIX-UX+BF3,9,100022857.0,11.57021203199838,19700,True,200,0.05817760000000001
n_1000_c_100000000_g_10_f_0.3_eps_0.01_s_300,GA-QL,0,100023007.0,10.859151527001814,19700,True,190,0.04909799999999998
n_1000_c_100000000_g_10_f_0.3_eps_0.01_s_300,GA-QL,1,100023233.0,11.118559290000121,19700,True,32,0.13750880000000001
n_1000_c_100000000_g_10_f_0.3_eps_0.01_s_300,GA-QL,2,100023237.0,10.855902507999417,19700,True,172,0.1338648
n_1000_c_100000000_g_10_f_0.3_eps_0.01_s_300,GA-QL,3,100023241.0,8.993928307001624,19700,True,154,0.11461279999999999
n_1000_c_100000000_g_10_f_0.3_eps_0.01_s_300,GA-QL,4,100023199.0,9.975732722999965,19700,True,141,0.09189480000000001
n_1000_c_100000000_g_10_f_0.3_eps_0.01_s_300,GA-QL,5,100023116.0,10.970276854000986,19700,True,28,0.12910239999999998
n_1000_c_100000000_g_10_f_0.3_eps_0.01_s_300,GA-QL,6,100023214.0,7.913980035002169,19700,True,14,0.1092232
n_1000_c_100000000_g_10_f_0.3_eps_0.01_s_300,GA-QL,7,100022921.0,10.924847874000989,19700,True,118,0.1025144
n_1000_c_100000000_g_10_f_0.3_eps_0.01_s_300,GA-QL,8,100023233.0,10.663592367000092,19700,True,21,0.1190916
n_1000_c_100000000_g_10_f_0.3_eps_0.01_s_300,GA-QL,9,100023233.0,11.066372610999679,19700,True,33,0.131402
n_1000_c_100000000_g_10_f_0.3_eps_0.01_s_300,GA-QL-T,0,100023233.0,8.165456188002281,19700,True,5,0.1243416
n_1000_c_100000000_g_10_f_0.3_eps_0.01_s_300,GA-QL-T,1,100023233.0,11.169761389999621,19700,True,69,0.1266404
n_1000_c_100000000_g_10_f_0.3_eps_0.01_s_300,GA-QL-T,2,100023098.0,6.655308066001453,19700,True,163,0.1285772
n_1000_c_100000000_g_10_f_0.3_eps_0.01_s_300,GA-QL-T,3,100023233.0,9.388679482999578,19700,True,66,0.1148412
n_1000_c_100000000_g_10_f_0.3_eps_0.01_s_300,GA-QL-T,4,100023139.0,10.79095043399866,19700,True,44,0.1158056
n_1000_c_100000000_g_10_f_0.3_eps_0.01_s_300,GA-QL-T,5,100023233.0,6.762421945000824,19700,True,77,0.1303512
n_1000_c_100000000_g_10_f_0.3_eps_0.01_s_300,GA-QL-T,6,100023237.0,10.973465692997706,19700,True,121,0.13123280000000004
n_1000_c_100000000_g_10_f_0.3_eps_0.01_s_300,GA-QL-T,7,100023127.0,11.086295484998118,19700,True,61,0.09995720000000001
n_1000_c_100000000_g_10_f_0.3_eps_0.01_s_300,GA-QL-T,8,100023233.0,11.196545463000803,19700,True,45,0.13703439999999997
n_1000_c_100000000_g_10_f_0.3_eps_0.01_s_300,GA-QL-T,9,100023214.0,10.99692266800048,19700,True,191,0.1128492
n_1000_c_100000000_g_10_f_0.3_eps_0.01_s_300,GA-RAND,0,100023235.0,10.390695071000664,19700,True,70,0.1304212
n_1000_c_100000000_g_10_f_0.3_eps_0.01_s_300,GA-RAND,1,100023119.0,9.883832886000164,19700,True,153,0.0761624
n_1000_c_100000000_g_10_f_0.3_eps_0.01_s_300,GA-RAND,2,100023199.0,10.76947033399847,19700,True,45,0.0372328
n_1000_c_100000000_g_10_f_0.3_eps_0.01_s_300,GA-RAND,3,100023237.0,8.58211709799798,19700,True,54,0.08647600000000001
n_1000_c_100000000_g_10_f_0.3_eps_0.01_s_300,GA-RAND,4,100022284.0,10.74667852100174,19700,True,135,0.0567508
n_1000_c_100000000_g_10_f_0.3_eps_0.01_s_300,GA-RAND,5,100023233.0,8.762070660002792,19700,True,15,0.11027480000000002
n_1000_c_100000000_g_10_f_0.3_eps_0.01_s_300,GA-RAND,6,100023196.0,10.954936195998016,19700,True,51,0.0699328
n_1000_c_100000000_g_10_f_0.3_eps_0.01_s_300,GA-RAND,7,100023219.0,8.708797072002199,19700,True,102,0.1121204
n_1000_c_100000000_g_10_f_0.3_eps_0.01_s_300,GA-RAND,8,100023233.0,8.295603238002514,19700,True,13,0.1102408
n_1000_c_100000000_g_10_f_0.3_eps_0.01_s_300,GA-RAND,9,100023212.0,10.981054035997659,19700,True,46,0.08295440000000001
n_1000_c_100000000_g_10_f_0.3_eps_0.01_s_300,GA-UCB,0,100023111.0,7.96188415099823,19700,True,22,0.06949839999999999
n_1000_c_100000000_g_10_f_0.3_eps_0.01_s_300,GA-UCB,1,100023045.0,10.825651398998161,19700,True,181,0.0758552
n_1000_c_100000000_g_10_f_0.3_eps_0.01_s_300,GA-UCB,2,100023315.0,9.871429902999807,19700,True,49,0.0328384
n_1000_c_100000000_g_10_f_0.3_eps_0.01_s_300,GA-UCB,3,100023090.0,10.863427966000017,19700,True,196,0.099136
n_1000_c_100000000_g_10_f_0.3_eps_0.01_s_300,GA-UCB,4,100023237.0,10.774190639000153,19700,True,34,0.11725
n_1000_c_100000000_g_10_f_0.3_eps_0.01_s_300,GA-UCB,5,100023260.0,7.427484370000457,19700,True,147,0.130162
n_1000_c_100000000_g_10_f_0.3_eps_0.01_s_300,GA-UCB,6,100023235.0,9.831859794998309,19700,True,188,0.0847148
n_1000_c_100000000_g_10_f_0.3_eps_0.01_s_300,GA-UCB,7,100023233.0,10.172186346997478,19700,True,41,0.10545240000000002
n_1000_c_100000000_g_10_f_0.3_eps_0.01_s_300,GA-UCB,8,100023099.0,7.4858607850001135,19700,True,35,0.043918399999999996
n_1000_c_100000000_g_10_f_0.3_eps_0.01_s_300,GA-UCB,9,100023202.0,9.441128156002378,19700,True,21,0.06289320000000001
n_1000_c_100000000_g_2_f_0.3_eps_0.01_s_100,GA,0,51014809.0,8.351113254997472,19700,True,1,7.920000000000005e-05
n_1000_c_100000000_g_2_f_0.3_eps_0.01_s_100,GA,1,51014809.0,11.117702496001584,19700,True,12,0.00015760000000000006
n_1000_c_100000000_g_2_f_0.3_eps_0.01_s_100,GA,2,51014809.0,10.329717134998646,19700,True,1,0.00046240000000000023
n_1000_c_100000000_g_2_f_0.3_eps_0.01_s_100,GA,3,51014809.0,8.185861272999318,19700,True,1,0.00015760000000000006
n_1000_c_100000000_g_2_f_0.3_eps_0.01_s_100,GA,4,51014809.0,10.416625369998656,19700,True,1,0.00031120000000000014
n_1000_c_100000000_g_2_f_0.3_eps_0.01_s_100,GA,5,51014809.0,11.161082873997657,19700,True,1,7.920000000000005e-05
n_1000_c_100000000_g_2_f_0.3_eps_0.01_s_100,GA,6,51014809.0,7.2939547290006885,19700,True,1,0.0004624000000000001
n_1000_c_100000000_g_2_f_0.3_eps_0.01_s_100,GA,7,51014809.0,9.294831722003437,19700,True,8,0.00015760000000000006
n_1000_c_100000000_g_2_f_0.3_eps_0.01_s_100,GA,8,51014809.0,10.434097269997437,19700,True,1,0.00023520000000000013
n_1000_c_100000000_g_2_f_0.3_eps_0.01_s_100,GA,9,51014809.0,10.958499751999625,19700,True,1,0.00023520000000000013
n_1000_c_100000000_g_2_f_0.3_eps_0.01_s_100,GA-FIX-UX+BF3,0,51014809.0,12.030033268001716,19700,True,1,0.0005359999999999998
n_1000_c_100000000_g_2_f_0.3_eps_0.01_s_100,GA-FIX-UX+BF3,1,51014809.0,12.376397232997988,19700,True,5,0.0011680000000000002
n_1000_c_100000000_g_2_f_0.3_eps_0.01_s_100,GA-FIX-UX+BF3,2,51014809.0,12.228904408002563,19700,True,1,0.0003872000000000002
n_1000_c_100000000_g_2_f_0.3_eps_0.01_s_100,GA-FIX-UX+BF3,3,51014809.0,9.558718775999296,19700,True,1,0.00031200000000000016
n_1000_c_100000000_g_2_f_0.3_eps_0.01_s_100,GA-FIX-UX+BF3,4,51014809.0,10.763757346001512,19700,True,1,0.00031200000000000016
n_1000_c_100000000_g_2_f_0.3_eps_0.01_s_100,GA-FIX-UX+BF3,5,51014809.0,8.425562577001983,19700,True,1,0.00038800000000000016
n_1000_c_100000000_g_2_f_0.3_eps_0.01_s_100,GA-FIX-UX+BF3,6,51014809.0,8.7034032570009,19700,True,1,0.0008968
n_1000_c_100000000_g_2_f_0.3_eps_0.01_s_100,GA-FIX-UX+BF3,7,51014809.0,10.065027767002903,19700,True,2,0.0005375999999999998
n_1000_c_100000000_g_2_f_0.3_eps_0.01_s_100,GA-FIX-UX+BF3,8,51014809.0,11.538994995000394,19700,True,1,0.0005375999999999998
n_1000_c_100000000_g_2_f_0.3_eps_0.01_s_100,GA-FIX-UX+BF3,9,51014809.0,12.246223006997752,19700,True,1,0.00046320000000000015
n_1000_c_100000000_g_2_f_0.3_eps_0.01_s_100,GA-QL,0,51014809.0,9.564606754000124,19700,True,1,0.00031200000000000016
n_1000_c_100000000_g_2_f_0.3_eps_0.01_s_100,GA-QL,1,51014809.0,10.462442907999502,19700,True,4,0.00038720000000000014
n_1000_c_100000000_g_2_f_0.3_eps_0.01_s_100,GA-QL,2,51014809.0,11.659374181999738,19700,True,1,7.920000000000005e-05
n_1000_c_100000000_g_2_f_0.3_eps_0.01_s_100,GA-QL,3,51014809.0,9.13581831099873,19700,True,1,0.00031120000000000014
n_1000_c_100000000_g_2_f_0.3_eps_0.01_s_100,GA-QL,4,51014809.0,9.482816028998059,19700,True,1,0.00023520000000000013
n_1000_c_100000000_g_2_f_0.3_eps_0.01_s_100,GA-QL,5,51014809.0,11.590117921998171,19700,True,1,0.00023520000000000013
n_1000_c_100000000_g_2_f_0.3_eps_0.01_s_100,GA-QL,6,51014809.0,9.58800365100251,19700,True,1,0.00023520000000000013
n_1000_c_100000000_g_2_f_0.3_eps_0.01_s_100,GA-QL,7,51014809.0,10.935351422001986,19700,True,3,0.00031200000000000016
n_1000_c_100000000_g_2_f_0.3_eps_0.01_s_100,GA-QL,8,51014809.0,8.86533689299904,19700,True,1,0.0002352000000000001
n_1000_c_100000000_g_2_f_0.3_eps_0.01_s_100,GA-QL,9,51014809.0,10.49988046600265,19700,True,1,0.0002352000000000001
n_1000_c_100000000_g_2_f_0.3_eps_0.01_s_100,GA-QL-T,0,51014809.0,9.801008943999477,19700,True,1,0.0006112
n_1000_c_100000000_g_2_f_0.3_eps_0.01_s_100,GA-QL-T,1,51014809.0,10.57646691699847,19700,True,4,0.000756
n_1000_c_100000000_g_2_f_0.3_eps_0.01_s_100,GA-QL-T,2,51014809.0,11.691987177000556,19700,True,1,0.0007543999999999999
n_1000_c_100000000_g_2_f_0.3_eps_0.01_s_100,GA-QL-T,3,51014809.0,10.275219237999409,19700,True,1,0.0008255999999999999
n_1000_c_100000000_g_2_f_0.3_eps_0.01_s_100,GA-QL-T,4,51014809.0,11.666315960999782,19700,True,1,0.0006807999999999999
n_1000_c_100000000_g_2_f_0.3_eps_0.01_s_100,GA-QL-T,5,51014809.0,10.828942947999167,19700,True,1,0.00015760000000000006
n_1000_c_100000000_g_2_f_0.3_eps_0.01_s_100,GA-QL-T,6,51014809.0,11.568347510001331,19700,True,1,0.0006112
n_1000_c_100000000_g_2_f_0.3_eps_0.01_s_100,GA-QL-T,7,51014809.0,10.609382507998816,19700,True,1,0.0007552
n_1000_c_100000000_g_2_f_0.3_eps_0.01_s_100,GA-QL-T,8,51014809.0,6.832570729999134,19700,True,1,0.0004624000000000001
n_1000_c_100000000_g_2_f_0.3_eps_0.01_s_100,GA-QL-T,9,51014809.0,11.732647812001233,19700,True,1,0.0005375999999999998
n_1000_c_100000000_g_2_f_0.3_eps_0.01_s_100,GA-RAND,0,51014809.0,11.75487811900166,19700,True,1,0.0006096
n_1000_c_100000000_g_2_f_0.3_eps_0.01_s_100,GA-RAND,1,51014809.0,11.458851915998821,19700,True,2,0.00015760000000000006
n_1000_c_100000000_g_2_f_0.3_eps_0.01_s_100,GA-RAND,2,51014809.0,9.105522343001212,19700,True,1,7.920000000000005e-05
n_1000_c_100000000_g_2_f_0.3_eps_0.01_s_100,GA-RAND,3,51014809.0,11.639197265998519,19700,True,1,7.920000000000005e-05
n_1000_c_100000000_g_2_f_0.3_eps_0.01_s_100,GA-RAND,4,51014809.0,6.16365556099845,19700,True,1,0.00038800000000000016
n_1000_c_100000000_g_2_f_0.3_eps_0.01_s_100,GA-RAND,5,51014809.0,11.116622400000779,19700,True,1,0.00015760000000000006
n_1000_c_100000000_g_2_f_0.3_eps_0.01_s_100,GA-RAND,6,51014809.0,11.612178249000863,19700,True,1,0.00023440000000000011
n_1000_c_100000000_g_2_f_0.3_eps_0.01_s_100,GA-RAND,7,51014809.0,11.191510971999378,19700,True,19,0.0006104
n_1000_c_100000000_g_2_f_0.3_eps_0.01_s_100,GA-RAND,8,51014809.0,11.746205114999611,19700,True,1,0.00023520000000000013
n_1000_c_100000000_g_2_f_0.3_eps_0.01_s_100,GA-RAND,9,51014809.0,6.239192560999072,19700,True,1,7.920000000000005e-05
n_1000_c_100000000_g_2_f_0.3_eps_0.01_s_100,GA-UCB,0,51014809.0,11.64326021099987,19700,True,1,0.0006831999999999999
n_1000_c_100000000_g_2_f_0.3_eps_0.01_s_100,GA-UCB,1,51014809.0,11.024579071003245,19700,True,5,0.00015760000000000006
n_1000_c_100000000_g_2_f_0.3_eps_0.01_s_100,GA-UCB,2,51014809.0,7.265522721998423,19700,True,1,0.00031200000000000016
n_1000_c_100000000_g_2_f_0.3_eps_0.01_s_100,GA-UCB,3,51014809.0,9.239637017002678,19700,True,1,0.0005351999999999999
n_1000_c_100000000_g_2_f_0.3_eps_0.01_s_100,GA-UCB,4,51014809.0,11.532871728999453,19700,True,1,0.0004632000000000002
n_1000_c_100000000_g_2_f_0.3_eps_0.01_s_100,GA-UCB,5,51014809.0,11.276793338998687,19700,True,1,0.00023520000000000013
n_1000_c_100000000_g_2_f_0.3_eps_0.01_s_100,GA-UCB,6,51014809.0,10.501271897999686,19700,True,1,0.0004632000000000002
n_1000_c_100000000_g_2_f_0.3_eps_0.01_s_100,GA-UCB,7,51014809.0,10.063635406000685,19700,True,8,0.0006112
n_1000_c_100000000_g_2_f_0.3_eps_0.01_s_100,GA-UCB,8,51014809.0,11.450427196999954,19700,True,1,0.00031120000000000014
n_1000_c_100000000_g_2_f_0.3_eps_0.01_s_100,GA-UCB,9,51014809.0,11.409511214002123,19700,True,1,0.00046320000000000025
n_1000_c_100000000_g_2_f_0.3_eps_0.01_s_300,GA,0,51045515.0,10.352378376999695,19700,True,1,0.00031200000000000016
n_1000_c_100000000_g_2_f_0.3_eps_0.01_s_300,GA,1,51045515.0,10.981811382996966,19700,True,1,0.00015760000000000006
n_1000_c_100000000_g_2_f_0.3_eps_0.01_s_300,GA,2,51045514.0,10.928513336002652,19700,True,1,0.0
n_1000_c_100000000_g_2_f_0.3_eps_0.01_s_300,GA,3,51045514.0,10.821610537997913,19700,True,1,0.0
n_1000_c_100000000_g_2_f_0.3_eps_0.01_s_300,GA,4,51045515.0,9.013677047001693,19700,True,1,0.0
n_1000_c_100000000_g_2_f_0.3_eps_0.01_s_300,GA,5,51045515.0,8.19957225500184,19700,True,1,7.920000000000005e-05
n_1000_c_100000000_g_2_f_0.3_eps_0.01_s_300,GA,6,51045515.0,10.048592793998978,19700,True,1,0.00023520000000000013
n_1000_c_100000000_g_2_f_0.3_eps_0.01_s_300,GA,7,51045515.0,10.951244804000453,19700,True,1,7.920000000000005e-05
n_1000_c_100000000_g_2_f_0.3_eps_0.01_s_300,GA,8,51045515.0,7.070737867998105,19700,True,1,0.0003120000000000001
n_1000_c_100000000_g_2_f_0.3_eps_0.01_s_300,GA,9,51045515.0,10.97342666699842,19700,True,1,0.00023520000000000013
n_1000_c_100000000_g_2_f_0.3_eps_0.01_s_300,GA-FIX-UX+BF3,0,51045515.0,12.208050974000798,19700,True,1,0.0003864000000000002
n_1000_c_100000000_g_2_f_0.3_eps_0.01_s_300,GA-FIX-UX+BF3,1,51045515.0,9.467759782997746,19700,True,1,0.0004624000000000002
n_1000_c_100000000_g_2_f_0.3_eps_0.01_s_300,GA-FIX-UX+BF3,2,51045514.0,11.866468477001035,19700,True,1,7.920000000000005e-05
n_1000_c_100000000_g_2_f_0.3_eps_0.01_s_300,GA-FIX-UX+BF3,3,51045514.0,12.324176640999212,19700,True,1,0.0
n_1000_c_100000000_g_2_f_0.3_eps_0.01_s_300,GA-FIX-UX+BF3,4,51045515.0,7.628879157997289,19700,True,1,0.0006104
n_1000_c_100000000_g_2_f_0.3_eps_0.01_s_300,GA-FIX-UX+BF3,5,51045515.0,10.367245288998674,19700,True,1,0.0005367999999999999
n_1000_c_100000000_g_2_f_0.3_eps_0.01_s_300,GA-FIX-UX+BF3,6,51045515.0,12.215927137000108,19700,True,1,0.0008944000000000001
n_1000_c_100000000_g_2_f_0.3_eps_0.01_s_300,GA-FIX-UX+BF3,7,51045515.0,12.11343989099987,19700,True,1,0.0005367999999999998
n_1000_c_100000000_g_2_f_0.3_eps_0.01_s_300,GA-FIX-UX+BF3,8,51045515.0,12.106586785001127,19700,True,1,0.0008256
n_1000_c_100000000_g_2_f_0.3_eps_0.01_s_300,GA-FIX-UX+BF3,9,51045515.0,7.5865303659993515,19700,True,1,0.0004632000000000002
n_1000_c_100000000_g_2_f_0.3_eps_0.01_s_300,GA-QL,0,51045515.0,11.703111303002515,19700,True,1,0.0003120000000000001
n_1000_c_100000000_g_2_f_0.3_eps_0.01_s_300,GA-QL,1,51045515.0,7.9225106129997585,19700,True,1,0.0005327999999999998
n_1000_c_100000000_g_2_f_0.3_eps_0.01_s_300,GA-QL,2,51045514.0,11.708676400998229,19700,True,1,0.0
n_1000_c_100000000_g_2_f_0.3_eps_0.01_s_300,GA-QL,3,51045515.0,9.37782888700167,19700,True,8,0.0002352000000000001
n_1000_c_100000000_g_2_f_0.3_eps_0.01_s_300,GA-QL,4,51045515.0,11.631959359001485,19700,True,1,0.0006096
n_1000_c_100000000_g_2_f_0.3_eps_0.01_s_300,GA-QL,5,51045515.0,11.1043885830004,19700,True,1,0.00023520000000000013
n_1000_c_100000000_g_2_f_0.3_eps_0.01_s_300,GA-QL,6,51045515.0,9.184244785999908,19700,True,1,7.920000000000005e-05
n_1000_c_100000000_g_2_f_0.3_eps_0.01_s_300,GA-QL,7,51045515.0,11.529364145000727,19700,True,1,0.0006831999999999999
n_1000_c_100000000_g_2_f_0.3_eps_0.01_s_300,GA-QL,8,51045515.0,11.536242905000108,19700,True,1,0.00023440000000000011
n_1000_c_100000000_g_2_f_0.3_eps_0.01_s_300,GA-QL,9,51045515.0,8.301156765002816,19700,True,1,0.0003096000000000001
n_1000_c_100000000_g_2_f_0.3_eps_0.01_s_300,GA-QL-T,0,51045515.0,9.271598309002002,19700,True,1,0.0006808
n_1000_c_100000000_g_2_f_0.3_eps_0.01_s_300,GA-QL-T,1,51045515.0,11.778438192002795,19700,True,1,0.0005367999999999999
n_1000_c_100000000_g_2_f_0.3_eps_0.01_s_300,GA-QL-T,2,51045515.0,11.726191710997227,19700,True,22,0.00038800000000000016
n_1000_c_100000000_g_2_f_0.3_eps_0.01_s_300,GA-QL-T,3,51045515.0,9.840035291999811,19700,True,4,0.0008968
n_1000_c_100000000_g_2_f_0.3_eps_0.01_s_300,GA-QL-T,4,51045515.0,11.239768129998993,19700,True,1,0.0007535999999999999
n_1000_c_100000000_g_2_f_0.3_eps_0.01_s_300,GA-QL-T,5,51045515.0,7.348015833998943,19700,True,1,0.000756
n_1000_c_100000000_g_2_f_0.3_eps_0.01_s_300,GA-QL-T,6,51045515.0,11.77708028899724,19700,True,1,0.0006831999999999999
n_1000_c_100000000_g_2_f_0.3_eps_0.01_s_300,GA-QL-T,7,51045515.0,11.582060575001378,19700,True,1,0.00023520000000000013
n_1000_c_100000000_g_2_f_0.3_eps_0.01_s_300,GA-QL-T,8,51045515.0,11.641873926000699,19700,True,1,0.0005367999999999999
n_1000_c_100000000_g_2_f_0.3_eps_0.01_s_300,GA-QL-T,9,51045515.0,8.86104454299857,19700,True,1,0.0005367999999999998
n_1000_c_100000000_g_2_f_0.3_eps_0.01_s_300,GA-RAND,0,51045515.0,10.277851589002239,19700,True,1,0.00038720000000000014
n_1000_c_100000000_g_2_f_0.3_eps_0.01_s_300,GA-RAND,1,51045515.0,11.161996391001594,19700,True,1,0.00015760000000000006
n_1000_c_100000000_g_2_f_0.3_eps_0.01_s_300,GA-RAND,2,51045515.0,10.859024918001523,19700,True,1,0.0
n_1000_c_100000000_g_2_f_0.3_eps_0.01_s_300,GA-RAND,3,51045514.0,11.541339161001815,19700,True,1,0.0
n_1000_c_100000000_g_2_f_0.3_eps_0.01_s_300,GA-RAND,4,51045515.0,8.610448221999832,19700,True,1,0.0005367999999999999
n_1000_c_100000000_g_2_f_0.3_eps_0.01_s_300,GA-RAND,5,51045515.0,11.018653699000424,19700,True,1,0.00015760000000000006
n_1000_c_100000000_g_2_f_0.3_eps_0.01_s_300,GA-RAND,6,51045515.0,10.905987728001492,19700,True,1,7.920000000000005e-05
n_1000_c_100000000_g_2_f_0.3_eps_0.01_s_300,GA-RAND,7,51045515.0,7.045757446998323,19700,True,1,0.0004632000000000002
n_1000_c_100000000_g_2_f_0.3_eps_0.01_s_300,GA-RAND,8,51045515.0,11.420553067000583,19700,True,1,0.0002352000000000001
n_1000_c_100000000_g_2_f_0.3_eps_0.01_s_300,GA-RAND,9,51045515.0,8.699892839998938,19700,True,1,0.0
n_1000_c_100000000_g_2_f_0.3_eps_0.01_s_300,GA-UCB,0,51045515.0,10.950170006999542,19700,True,1,0.0006104
n_1000_c_100000000_g_2_f_0.3_eps_0.01_s_300,GA-UCB,1,51045515.0,11.441776353000023,19700,True,1,0.0006823999999999998
n_1000_c_100000000_g_2_f_0.3_eps_0.01_s_300,GA-UCB,2,51045514.0,11.703940123999928,19700,True,1,0.0
n_1000_c_100000000_g_2_f_0.3_eps_0.01_s_300,GA-UCB,3,51045514.0,10.913221414000873,19700,True,1,0.00015760000000000006
n_1000_c_100000000_g_2_f_0.3_eps_0.01_s_300,GA-UCB,4,51045515.0,10.736620456998935,19700,True,1,0.0008271999999999999
n_1000_c_100000000_g_2_f_0.3_eps_0.01_s_300,GA-UCB,5,51045515.0,11.645504300999164,19700,True,1,0.0006087999999999999
n_1000_c_100000000_g_2_f_0.3_eps_0.01_s_300,GA-UCB,6,51045515.0,7.566322825998213,19700,True,1,0.0006095999999999999
n_1000_c_100000000_g_2_f_0.3_eps_0.01_s_300,GA-UCB,7,51045515.0,11.6434482270015,19700,True,1,0.0008239999999999999
n_1000_c_100000000_g_2_f_0.3_eps_0.01_s_300,GA-UCB,8,51045515.0,11.720623761000752,19700,True,1,0.0007559999999999999
n_1000_c_100000000_g_2_f_0.3_eps_0.01_s_300,GA-UCB,9,51045515.0,8.582222182001715,19700,True,1,0.0005375999999999998
n_1000_c_1000000_g_10_f_0.3_eps_0.01_s_100,GA,0,1008650.0,8.559275161002006,19700,True,1,0.00011880000000000008
n_1000_c_1000000_g_10_f_0.3_eps_0.01_s_100,GA,1,1008650.0,8.604779353001504,19700,True,3,0.004831200000000001
n_1000_c_1000000_g_10_f_0.3_eps_0.01_s_100,GA,2,1008650.0,7.164807347002352,19700,True,3,0.0
n_1000_c_1000000_g_10_f_0.3_eps_0.01_s_100,GA,3,1008659.0,7.262892964998173,19700,True,7,0.0002772000000000001
n_1000_c_1000000_g_10_f_0.3_eps_0.01_s_100,GA,4,1008650.0,8.641706079000869,19700,True,2,0.004831200000000001
n_1000_c_1000000_g_10_f_0.3_eps_0.01_s_100,GA,5,1008659.0,9.003205069002433,19700,True,4,0.0121752
n_1000_c_1000000_g_10_f_0.3_eps_0.01_s_100,GA,6,1008661.0,7.1566573650015926,19700,True,3,0.0001980000000000001
n_1000_c_1000000_g_10_f_0.3_eps_0.01_s_100,GA,7,1008650.0,8.819124335997913,19700,True,4,0.0014652000000000003
n_1000_c_1000000_g_10_f_0.3_eps_0.01_s_100,GA,8,1008650.0,7.243365801001346,19700,True,3,0.0
n_1000_c_1000000_g_10_f_0.3_eps_0.01_s_100,GA,9,1008659.0,8.717370923997805,19700,True,4,0.0002772000000000001
n_1000_c_1000000_g_10_f_0.3_eps_0.01_s_100,GA-FIX-UX+BF3,0,1008659.0,8.881873586000438,19700,True,6,0.0118292
n_1000_c_1000000_g_10_f_0.3_eps_0.01_s_100,GA-FIX-UX+BF3,1,1008659.0,10.325043209999421,19700,True,9,0.0180504
n_1000_c_1000000_g_10_f_0.3_eps_0.01_s_100,GA-FIX-UX+BF3,2,1008661.0,10.540963447998365,19700,True,9,0.003856
n_1000_c_1000000_g_10_f_0.3_eps_0.01_s_100,GA-FIX-UX+BF3,3,1008661.0,10.77682041799926,19700,True,6,0.015757200000000002
n_1000_c_1000000_g_10_f_0.3_eps_0.01_s_100,GA-FIX-UX+BF3,4,1008659.0,10.656754059997184,19700,True,5,0.0311328
n_1000_c_1000000_g_10_f_0.3_eps_0.01_s_100,GA-FIX-UX+BF3,5,1008659.0,9.887101075997634,19700,True,4,0.0068924
n_1000_c_1000000_g_10_f_0.3_eps_0.01_s_100,GA-FIX-UX+BF3,6,1008661.0,6.397481924999738,19700,True,93,0.020018
n_1000_c_1000000_g_10_f_0.3_eps_0.01_s_100,GA-FIX-UX+BF3,7,1008659.0,9.3628815330012,19700,True,6,0.01141
n_1000_c_1000000_g_10_f_0.3_eps_0.01_s_100,GA-FIX-UX+BF3,8,1008659.0,10.640413291002915,19700,True,6,0.0007088000000000002
n_1000_c_1000000_g_10_f_0.3_eps_0.01_s_100,GA-FIX-UX+BF3,9,1008659.0,9.5874338370013,19700,True,6,0.018874400000000003
n_1000_c_1000000_g_10_f_0.3_eps_0.01_s_100,GA-QL,0,1008659.0,10.077158383999631,19700,True,7,0.0
n_1000_c_1000000_g_10_f_0.3_eps_0.01_s_100,GA-QL,1,1008659.0,9.837386125997,19700,True,5,0.005764800000000001
n_1000_c_1000000_g_10_f_0.3_eps_0.01_s_100,GA-QL,2,1008650.0,9.716836804000195,19700,True,3,0.0
n_1000_c_1000000_g_10_f_0.3_eps_0.01_s_100,GA-QL,3,1008659.0,6.296815439000056,19700,True,7,0.0013464
n_1000_c_1000000_g_10_f_0.3_eps_0.01_s_100,GA-QL,4,1008659.0,8.153724912001053,19700,True,10,0.0005504000000000003
n_1000_c_1000000_g_10_f_0.3_eps_0.01_s_100,GA-QL,5,1008659.0,9.94238014000075,19700,True,5,0.0
n_1000_c_1000000_g_10_f_0.3_eps_0.01_s_100,GA-QL,6,1008659.0,10.094883537996793,19700,True,4,0.0
n_1000_c_1000000_g_10_f_0.3_eps_0.01_s_100,GA-QL,7,1008659.0,10.15735163499994,19700,True,6,0.041824799999999995
n_1000_c_1000000_g_10_f_0.3_eps_0.01_s_100,GA-QL,8,1008659.0,9.973650118001387,19700,True,29,0.0
n_1000_c_1000000_g_10_f_0.3_eps_0.01_s_100,GA-QL,9,1008659.0,5.522209024999029,19700,True,3,0.024592
n_1000_c_1000000_g_10_f_0.3_eps_0.01_s_100,GA-QL-T,0,1008659.0,9.67998831300065,19700,True,4,0.006544800000000001
n_1000_c_1000000_g_10_f_0.3_eps_0.01_s_100,GA-QL-T,1,1008659.0,9.84700863100079,19700,True,5,0.00011880000000000004
n_1000_c_1000000_g_10_f_0.3_eps_0.01_s_100,GA-QL-T,2,1008659.0,7.047546956997394,19700,True,5,0.015418
n_1000_c_1000000_g_10_f_0.3_eps_0.01_s_100,GA-QL-T,3,1008659.0,9.34869643500133,19700,True,7,0.0014256
n_1000_c_1000000_g_10_f_0.3_eps_0.01_s_100,GA-QL-T,4,1008659.0,10.099490300999605,19700,True,65,0.0
n_1000_c_1000000_g_10_f_0.3_eps_0.01_s_100,GA-QL-T,5,1008659.0,6.041762267002923,19700,True,4,0.006350800000000001
n_1000_c_1000000_g_10_f_0.3_eps_0.01_s_100,GA-QL-T,6,1008659.0,9.409060257999954,19700,True,4,0.010523200000000002
n_1000_c_1000000_g_10_f_0.3_eps_0.01_s_100,GA-QL-T,7,1008661.0,9.396863107998797,19700,True,5,0.009446800000000002
n_1000_c_1000000_g_10_f_0.3_eps_0.01_s_100,GA-QL-T,8,1008661.0,9.83692480100217,19700,True,9,0.0104352
n_1000_c_1000000_g_10_f_0.3_eps_0.01_s_100,GA-QL-T,9,1008661.0,9.224908977001178,19700,True,169,0.0443392
n_1000_c_1000000_g_10_f_0.3_eps_0.01_s_100,GA-RAND,0,1008659.0,7.914690081997833,19700,True,7,0.004230800000000001
n_1000_c_1000000_g_10_f_0.3_eps_0.01_s_100,GA-RAND,1,1008659.0,7.006164261998492,19700,True,6,0.015357599999999999
n_1000_c_1000000_g_10_f_0.3_eps_0.01_s_100,GA-RAND,2,1008659.0,9.096060215000762,19700,True,6,0.007553600000000001
n_1000_c_1000000_g_10_f_0.3_eps_0.01_s_100,GA-RAND,3,1008650.0,9.685142554000777,19700,True,2,0.0
n_1000_c_1000000_g_10_f_0.3_eps_0.01_s_100,GA-RAND,4,1008661.0,9.899657576999743,19700,True,39,0.028252
n_1000_c_1000000_g_10_f_0.3_eps_0.01_s_100,GA-RAND,5,1008661.0,10.028039197000908,19700,True,8,0.0049484
n_1000_c_1000000_g_10_f_0.3_eps_0.01_s_100,GA-RAND,6,1008659.0,10.025971154998842,19700,True,8,0.0
n_1000_c_1000000_g_10_f_0.3_eps_0.01_s_100,GA-RAND,7,1008659.0,9.685138348999317,19700,True,5,0.020856000000000003
n_1000_c_1000000_g_10_f_0.3_eps_0.01_s_100,GA-RAND,8,1008661.0,7.156151712999417,19700,True,4,0.0324276
n_1000_c_1000000_g_10_f_0.3_eps_0.01_s_100,GA-RAND,9,1008659.0,9.35218967399851,19700,True,5,0.0
n_1000_c_1000000_g_10_f_0.3_eps_0.01_s_100,GA-UCB,0,1008650.0,6.408479669000371,19700,True,1,0.0207372
n_1000_c_1000000_g_10_f_0.3_eps_0.01_s_100,GA-UCB,1,1008659.0,10.015512431000388,19700,True,8,0.005301600000000001
n_1000_c_1000000_g_10_f_0.3_eps_0.01_s_100,GA-UCB,2,1008659.0,9.751133583002229,19700,True,21,0.0352972
n_1000_c_1000000_g_10_f_0.3_eps_0.01_s_100,GA-UCB,3,1008661.0,9.153134180000052,19700,True,11,0.034412399999999996
n_1000_c_1000000_g_10_f_0.3_eps_0.01_s_100,GA-UCB,4,1008650.0,7.976329179997265,19700,True,2,0.009446000000000001
n_1000_c_1000000_g_10_f_0.3_eps_0.01_s_100,GA-UCB,5,1008659.0,9.672331171001133,19700,True,2,0.0231616
n_1000_c_1000000_g_10_f_0.3_eps_0.01_s_100,GA-UCB,6,1008659.0,9.443394456000533,19700,True,5,0.0320976
n_1000_c_1000000_g_10_f_0.3_eps_0.01_s_100,GA-UCB,7,1008659.0,6.746104475998436,19700,True,6,0.0008292000000000004
n_1000_c_1000000_g_10_f_0.3_eps_0.01_s_100,GA-UCB,8,1008659.0,9.888246995000372,19700,True,4,0.0114368
n_1000_c_1000000_g_10_f_0.3_eps_0.01_s_100,GA-UCB,9,1008650.0,8.300339187000645,19700,True,2,0.019391199999999997
n_1000_c_1000000_g_10_f_0.3_eps_0.01_s_300,GA,0,1027134.0,8.419044668000424,19700,True,4,0.0018136
n_1000_c_1000000_g_10_f_0.3_eps_0.01_s_300,GA,1,1027183.0,6.825082670999109,19700,True,6,0.0032700000000000003
n_1000_c_1000000_g_10_f_0.3_eps_0.01_s_300,GA,2,1027122.0,8.835492173999228,19700,True,6,0.0055012
n_1000_c_1000000_g_10_f_0.3_eps_0.01_s_300,GA,3,1027133.0,8.55311682699903,19700,True,11,0.0019656
n_1000_c_1000000_g_10_f_0.3_eps_0.01_s_300,GA,4,1027175.0,4.510071413998958,19700,True,8,0.0011072000000000002
n_1000_c_1000000_g_10_f_0.3_eps_0.01_s_300,GA,5,1027172.0,8.491370046001975,19700,True,10,0.0019616000000000004
n_1000_c_1000000_g_10_f_0.3_eps_0.01_s_300,GA,6,1027183.0,5.8329103289979685,19700,True,6,7.920000000000005e-05
n_1000_c_1000000_g_10_f_0.3_eps_0.01_s_300,GA,7,1027183.0,8.417622697998013,19700,True,16,0.0003564000000000002
n_1000_c_1000000_g_10_f_0.3_eps_0.01_s_300,GA,8,1027156.0,8.508892748999642,19700,True,14,0.0004356
n_1000_c_1000000_g_10_f_0.3_eps_0.01_s_300,GA,9,1027129.0,6.262821869997424,19700,True,9,0.0
n_1000_c_1000000_g_10_f_0.3_eps_0.01_s_300,GA-FIX-UX+BF3,0,1027183.0,10.061339760999545,19700,True,4,0.0056128
n_1000_c_1000000_g_10_f_0.3_eps_0.01_s_300,GA-FIX-UX+BF3,1,1027183.0,10.264131465999526,19700,True,13,0.007492
n_1000_c_1000000_g_10_f_0.3_eps_0.01_s_300,GA-FIX-UX+BF3,2,1027175.0,5.6348558489989955,19700,True,27,0.008968800000000002
n_1000_c_1000000_g_10_f_0.3_eps_0.01_s_300,GA-FIX-UX+BF3,3,1027183.0,10.003203683998436,19700,True,5,0.0018904
n_1000_c_1000000_g_10_f_0.3_eps_0.01_s_300,GA-FIX-UX+BF3,4,1027183.0,10.554653540999425,19700,True,35,0.0031360000000000003
n_1000_c_1000000_g_10_f_0.3_eps_0.01_s_300,GA-FIX-UX+BF3,5,1027176.0,6.985952134000399,19700,True,41,0.0032808
n_1000_c_1000000_g_10_f_0.3_eps_0.01_s_300,GA-FIX-UX+BF3,6,1027136.0,10.006417585002055,19700,True,173,0.0026284000000000004
n_1000_c_1000000_g_10_f_0.3_eps_0.01_s_300,GA-FIX-UX+BF3,7,1027183.0,6.998595500997908,19700,True,5,0.0041916
n_1000_c_1000000_g_10_f_0.3_eps_0.01_s_300,GA-FIX-UX+BF3,8,1027147.0,10.083736775999569,19700,True,110,0.003387200000000001
n_1000_c_1000000_g_10_f_0.3_eps_0.01_s_300,GA-FIX-UX+BF3,9,1027133.0,10.308862010002485,19700,True,7,0.006746
n_1000_c_1000000_g_10_f_0.3_eps_0.01_s_300,GA-QL,0,1027183.0,9.419089958999393,19700,True,5,0.0
n_1000_c_1000000_g_10_f_0.3_eps_0.01_s_300,GA-QL,1,1027183.0,9.668930930001807,19700,True,9,0.014016
n_1000_c_1000000_g_10_f_0.3_eps_0.01_s_300,GA-QL,2,1027175.0,9.33745573700071,19700,True,8,0.0068036
n_1000_c_1000000_g_10_f_0.3_eps_0.01_s_300,GA-QL,3,1027183.0,5.159940027999255,19700,True,26,0.0020044
n_1000_c_1000000_g_10_f_0.3_eps_0.01_s_300,GA-QL,4,1027112.0,9.45682174600006,19700,True,11,0.0
n_1000_c_1000000_g_10_f_0.3_eps_0.01_s_300,GA-QL,5,1027183.0,9.506880542001454,19700,True,25,0.0
n_1000_c_1000000_g_10_f_0.3_eps_0.01_s_300,GA-QL,6,1027183.0,5.741531366002164,19700,True,8,0.0053924
n_1000_c_1000000_g_10_f_0.3_eps_0.01_s_300,GA-QL,7,1027136.0,9.520767612000782,19700,True,21,0.0157384
n_1000_c_1000000_g_10_f_0.3_eps_0.01_s_300,GA-QL,8,1027132.0,7.478880260001461,19700,True,4,0.0050796
n_1000_c_1000000_g_10_f_0.3_eps_0.01_s_300,GA-QL,9,1027183.0,9.553190637001535,19700,True,8,0.007566000000000001
n_1000_c_1000000_g_10_f_0.3_eps_0.01_s_300,GA-QL-T,0,1027183.0,8.103164009000466,19700,True,24,0.0013448000000000002
n_1000_c_1000000_g_10_f_0.3_eps_0.01_s_300,GA-QL-T,1,1027133.0,9.773845871000958,19700,True,17,0.005022
n_1000_c_1000000_g_10_f_0.3_eps_0.01_s_300,GA-QL-T,2,1027183.0,9.688341612996737,19700,True,11,0.010146400000000002
n_1000_c_1000000_g_10_f_0.3_eps_0.01_s_300,GA-QL-T,3,1027183.0,9.621073048998369,19700,True,5,0.0045092
n_1000_c_1000000_g_10_f_0.3_eps_0.01_s_300,GA-QL-T,4,1027183.0,5.716399993998493,19700,True,10,0.0044116
n_1000_c_1000000_g_10_f_0.3_eps_0.01_s_300,GA-QL-T,5,1027147.0,9.767248780997761,19700,True,10,0.0074364
n_1000_c_1000000_g_10_f_0.3_eps_0.01_s_300,GA-QL-T,6,1027183.0,6.331248595997749,19700,True,9,0.0035804000000000005
n_1000_c_1000000_g_10_f_0.3_eps_0.01_s_300,GA-QL-T,7,1027175.0,10.095871775996784,19700,True,44,0.0008600000000000003
n_1000_c_1000000_g_10_f_0.3_eps_0.01_s_300,GA-QL-T,8,1027183.0,9.722278143999574,19700,True,7,0.004498800000000001
n_1000_c_1000000_g_10_f_0.3_eps_0.01_s_300,GA-QL-T,9,1027183.0,9.74820434600042,19700,True,5,0.0031776
n_1000_c_1000000_g_10_f_0.3_eps_0.01_s_300,GA-RAND,0,1027133.0,7.834003526000743,19700,True,168,0.004932000000000001
n_1000_c_1000000_g_10_f_0.3_eps_0.01_s_300,GA-RAND,1,1027183.0,9.413579385000048,19700,True,6,0.0040452000000000005
n_1000_c_1000000_g_10_f_0.3_eps_0.01_s_300,GA-RAND,2,1027183.0,8.346330521002528,19700,True,3,0.0011484000000000004
n_1000_c_1000000_g_10_f_0.3_eps_0.01_s_300,GA-RAND,3,1027183.0,6.746410807001666,19700,True,10,0.0009892
n_1000_c_1000000_g_10_f_0.3_eps_0.01_s_300,GA-RAND,4,1027183.0,9.329119268000795,19700,True,10,0.005186
n_1000_c_1000000_g_10_f_0.3_eps_0.01_s_300,GA-RAND,5,1027183.0,9.067228362000606,19700,True,6,0.0008316000000000002
n_1000_c_1000000_g_10_f_0.3_eps_0.01_s_300,GA-RAND,6,1027172.0,9.367795457998,19700,True,3,0.0021168000000000003
n_1000_c_1000000_g_10_f_0.3_eps_0.01_s_300,GA-RAND,7,1027183.0,9.491028544998699,19700,True,8,0.0067372000000000005
n_1000_c_1000000_g_10_f_0.3_eps_0.01_s_300,GA-RAND,8,1027129.0,9.334583209998527,19700,True,6,0.008162
n_1000_c_1000000_g_10_f_0.3_eps_0.01_s_300,GA-RAND,9,1027129.0,5.094727073003014,19700,True,5,0.0006328000000000001
n_1000_c_1000000_g_10_f_0.3_eps_0.01_s_300,GA-UCB,0,1027136.0,9.608468059002917,19700,True,111,0.0189296
n_1000_c_1000000_g_10_f_0.3_eps_0.01_s_300,GA-UCB,1,1027172.0,9.391442471998744,19700,True,4,0.011446800000000003
n_1000_c_1000000_g_10_f_0.3_eps_0.01_s_300,GA-UCB,2,1027183.0,8.896784923999803,19700,True,9,0.00039600000000000025
n_1000_c_1000000_g_10_f_0.3_eps_0.01_s_300,GA-UCB,3,1027121.0,9.811031623001327,19700,True,10,0.0
n_1000_c_1000000_g_10_f_0.3_eps_0.01_s_300,GA-UCB,4,1027183.0,5.267867853999633,19700,True,9,0.0023364
n_1000_c_1000000_g_10_f_0.3_eps_0.01_s_300,GA-UCB,5,1027172.0,9.246378502997686,19700,True,26,0.0030388000000000004
n_1000_c_1000000_g_10_f_0.3_eps_0.01_s_300,GA-UCB,6,1027183.0,8.303993432000425,19700,True,4,0.012479200000000001
n_1000_c_1000000_g_10_f_0.3_eps_0.01_s_300,GA-UCB,7,1027133.0,8.70355652500075,19700,True,5,0.010259200000000001
n_1000_c_1000000_g_10_f_0.3_eps_0.01_s_300,GA-UCB,8,1027171.0,6.494673302000592,19700,True,2,0.010198400000000002
n_1000_c_1000000_g_10_f_0.3_eps_0.01_s_300,GA-UCB,9,1027121.0,9.543991810001899,19700,True,4,0.0076372
n_1000_c_1000000_g_2_f_0.3_eps_0.01_s_100,GA,0,525839.0,11.102762611000799,19700,True,1,7.920000000000005e-05
n_1000_c_1000000_g_2_f_0.3_eps_0.01_s_100,GA,1,525839.0,8.816590648002602,19700,True,1,0.0
n_1000_c_1000000_g_2_f_0.3_eps_0.01_s_100,GA,2,525839.0,8.271393045997684,19700,True,1,0.0
n_1000_c_1000000_g_2_f_0.3_eps_0.01_s_100,GA,3,525839.0,11.050846800997533,19700,True,1,0.0
n_1000_c_1000000_g_2_f_0.3_eps_0.01_s_100,GA,4,525839.0,8.931259970999236,19700,True,1,0.0
n_1000_c_1000000_g_2_f_0.3_eps_0.01_s_100,GA,5,525839.0,10.324997525000072,19700,True,1,0.0
n_1000_c_1000000_g_2_f_0.3_eps_0.01_s_100,GA,6,525839.0,10.720723734000785,19700,True,1,0.0
n_1000_c_1000000_g_2_f_0.3_eps_0.01_s_100,GA,7,525839.0,10.26961248400039,19700,True,1,0.0
n_1000_c_1000000_g_2_f_0.3_eps_0.01_s_100,GA,8,525839.0,5.923951143002341,19700,True,1,0.0
n_1000_c_1000000_g_2_f_0.3_eps_0.01_s_100,GA,9,525839.0,10.892239166001673,19700,True,1,0.0
n_1000_c_1000000_g_2_f_0.3_eps_0.01_s_100,GA-FIX-UX+BF3,0,525839.0,6.654965534999064,19700,True,1,0.0
n_1000_c_1000000_g_2_f_0.3_eps_0.01_s_100,GA-FIX-UX+BF3,1,525839.0,12.194944202998158,19700,True,1,0.0
n_1000_c_1000000_g_2_f_0.3_eps_0.01_s_100,GA-FIX-UX+BF3,2,525839.0,10.415888088999054,19700,True,1,0.0
n_1000_c_1000000_g_2_f_0.3_eps_0.01_s_100,GA-FIX-UX+BF3,3,525839.0,11.988060784999107,19700,True,1,0.0
n_1000_c_1000000_g_2_f_0.3_eps_0.01_s_100,GA-FIX-UX+BF3,4,525839.0,10.36571899500268,19700,True,1,0.0
n_1000_c_1000000_g_2_f_0.3_eps_0.01_s_100,GA-FIX-UX+BF3,5,525839.0,12.094777076003083,19700,True,1,7.920000000000005e-05
n_1000_c_1000000_g_2_f_0.3_eps_0.01_s_100,GA-FIX-UX+BF3,6,525839.0,9.489408240002376,19700,True,1,7.920000000000005e-05
n_1000_c_1000000_g_2_f_0.3_eps_0.01_s_100,GA-FIX-UX+BF3,7,525839.0,12.095064785000432,19700,True,1,0.0
n_1000_c_1000000_g_2_f_0.3_eps_0.01_s_100,GA-FIX-UX+BF3,8,525839.0,12.07616454899835,19700,True,1,0.0
n_1000_c_1000000_g_2_f_0.3_eps_0.01_s_100,GA-FIX-UX+BF3,9,525839.0,11.104432877000363,19700,True,1,0.0
n_1000_c_1000000_g_2_f_0.3_eps_0.01_s_100,GA-QL,0,525839.0,11.360689715998888,19700,True,1,7.920000000000005e-05
n_1000_c_1000000_g_2_f_0.3_eps_0.01_s_100,GA-QL,1,525839.0,9.82676734999768,19700,True,1,0.0
n_1000_c_1000000_g_2_f_0.3_eps_0.01_s_100,GA-QL,2,525839.0,6.666884759000823,19700,True,2,0.0
n_1000_c_1000000_g_2_f_0.3_eps_0.01_s_100,GA-QL,3,525839.0,11.393387879998045,19700,True,1,0.0
n_1000_c_1000000_g_2_f_0.3_eps_0.01_s_100,GA-QL,4,525839.0,9.003837842999928,19700,True,1,0.0
n_1000_c_1000000_g_2_f_0.3_eps_0.01_s_100,GA-QL,5,525839.0,11.653066498001863,19700,True,1,7.920000000000005e-05
n_1000_c_1000000_g_2_f_0.3_eps_0.01_s_100,GA-QL,6,525839.0,11.225306783999258,19700,True,1,0.0
n_1000_c_1000000_g_2_f_0.3_eps_0.01_s_100,GA-QL,7,525839.0,11.043113407999044,19700,True,1,7.920000000000005e-05
n_1000_c_1000000_g_2_f_0.3_eps_0.01_s_100,GA-QL,8,525839.0,11.428642547998606,19700,True,1,0.0
n_1000_c_1000000_g_2_f_0.3_eps_0.01_s_100,GA-QL,9,525839.0,10.723134701998788,19700,True,1,0.0
n_1000_c_1000000_g_2_f_0.3_eps_0.01_s_100,GA-QL-T,0,525839.0,8.209266295998532,19700,True,1,0.0
n_1000_c_1000000_g_2_f_0.3_eps_0.01_s_100,GA-QL-T,1,525839.0,8.261964656998316,19700,True,1,7.920000000000005e-05
n_1000_c_1000000_g_2_f_0.3_eps_0.01_s_100,GA-QL-T,2,525839.0,10.47785698699954,19700,True,1,0.0
n_1000_c_1000000_g_2_f_0.3_eps_0.01_s_100,GA-QL-T,3,525839.0,11.616928567000286,19700,True,1,0.0
n_1000_c_1000000_g_2_f_0.3_eps_0.01_s_100,GA-QL-T,4,525839.0,11.431114656999853,19700,True,1,0.0
n_1000_c_1000000_g_2_f_0.3_eps_0.01_s_100,GA-QL-T,5,525839.0,9.139743965002708,19700,True,1,0.0
n_1000_c_1000000_g_2_f_0.3_eps_0.01_s_100,GA-QL-T,6,525839.0,11.46974393599885,19700,True,1,0.0
n_1000_c_1000000_g_2_f_0.3_eps_0.01_s_100,GA-QL-T,7,525839.0,11.109557636002137,19700,True,1,7.920000000000005e-05
n_1000_c_1000000_g_2_f_0.3_eps_0.01_s_100,GA-QL-T,8,525839.0,11.019008313996892,19700,True,1,0.0
n_1000_c_1000000_g_2_f_0.3_eps_0.01_s_100,GA-QL-T,9,525839.0,11.96667258099842,19700,True,1,0.0
n_1000_c_1000000_g_2_f_0.3_eps_0.01_s_100,GA-RAND,0,525839.0,10.145507491000899,19700,True,1,0.0
n_1000_c_1000000_g_2_f_0.3_eps_0.01_s_100,GA-RAND,1,525839.0,11.630510562998097,19700,True,1,0.0
n_1000_c_1000000_g_2_f_0.3_eps_0.01_s_100,GA-RAND,2,525839.0,9.476883954997902,19700,True,1,0.0
n_1000_c_1000000_g_2_f_0.3_eps_0.01_s_100,GA-RAND,3,525839.0,8.196996255999693,19700,True,1,0.0
n_1000_c_1000000_g_2_f_0.3_eps_0.01_s_100,GA-RAND,4,525839.0,10.669500798001536,19700,True,1,0.0
n_1000_c_1000000_g_2_f_0.3_eps_0.01_s_100,GA-RAND,5,525839.0,11.401822543997696,19700,True,1,0.0
n_1000_c_1000000_g_2_f_0.3_eps_0.01_s_100,GA-RAND,6,525839.0,11.238314377998904,19700,True,1,0.0
n_1000_c_1000000_g_2_f_0.3_eps_0.01_s_100,GA-RAND,7,525839.0,11.195262296998408,19700,True,1,7.920000000000005e-05
n_1000_c_1000000_g_2_f_0.3_eps_0.01_s_100,GA-RAND,8,525839.0,11.48568899199745,19700,True,1,0.0004608000000000002
n_1000_c_1000000_g_2_f_0.3_eps_0.01_s_100,GA-RAND,9,525839.0,6.282051578000392,19700,True,1,0.0
n_1000_c_1000000_g_2_f_0.3_eps_0.01_s_100,GA-UCB,0,525839.0,11.327205819998198,19700,True,1,0.0
n_1000_c_1000000_g_2_f_0.3_eps_0.01_s_100,GA-UCB,1,525839.0,11.482392270998389,19700,True,1,0.0
n_1000_c_1000000_g_2_f_0.3_eps_0.01_s_100,GA-UCB,2,525839.0,11.352018006000435,19700,True,1,7.920000000000005e-05
n_1000_c_1000000_g_2_f_0.3_eps_0.01_s_100,GA-UCB,3,525839.0,6.2964862389999325,19700,True,1,0.0
n_1000_c_1000000_g_2_f_0.3_eps_0.01_s_100,GA-UCB,4,525839.0,9.313511846998153,19700,True,1,0.0
n_1000_c_1000000_g_2_f_0.3_eps_0.01_s_100,GA-UCB,5,525839.0,11.457747591997759,19700,True,1,0.0
n_1000_c_1000000_g_2_f_0.3_eps_0.01_s_100,GA-UCB,6,525839.0,10.01716523000141,19700,True,1,0.0
n_1000_c_1000000_g_2_f_0.3_eps_0.01_s_100,GA-UCB,7,525839.0,11.614798403999885,19700,True,1,0.0
n_1000_c_1000000_g_2_f_0.3_eps_0.01_s_100,GA-UCB,8,525839.0,9.36925076300031,19700,True,1,7.920000000000005e-05
n_1000_c_1000000_g_2_f_0.3_eps_0.01_s_100,GA-UCB,9,525839.0,11.161809100998653,19700,True,1,7.920000000000005e-05
n_1000_c_1000000_g_2_f_0.3_eps_0.01_s_300,GA,0,552957.0,6.7337863680004375,19700,True,2,0.0
n_1000_c_1000000_g_2_f_0.3_eps_0.01_s_300,GA,1,552957.0,7.992823895998299,19700,True,1,0.0003120000000000001
n_1000_c_1000000_g_2_f_0.3_eps_0.01_s_300,GA,2,552957.0,9.485059025999362,19700,True,1,0.0005367999999999999
n_1000_c_1000000_g_2_f_0.3_eps_0.01_s_300,GA,3,552957.0,10.602072081997903,19700,True,18,7.920000000000005e-05
n_1000_c_1000000_g_2_f_0.3_eps_0.01_s_300,GA,4,552957.0,10.638653364003403,19700,True,15,0.00015760000000000006
n_1000_c_1000000_g_2_f_0.3_eps_0.01_s_300,GA,5,552957.0,9.29932897099934,19700,True,1,7.920000000000005e-05
n_1000_c_1000000_g_2_f_0.3_eps_0.01_s_300,GA,6,552957.0,7.622872189000191,19700,True,1,7.920000000000005e-05
n_1000_c_1000000_g_2_f_0.3_eps_0.01_s_300,GA,7,552957.0,11.003746441001567,19700,True,1,7.920000000000005e-05
n_1000_c_1000000_g_2_f_0.3_eps_0.01_s_300,GA,8,552957.0,10.72737570100071,19700,True,1,0.00015760000000000006
n_1000_c_1000000_g_2_f_0.3_eps_0.01_s_300,GA,9,552957.0,9.087388423999073,19700,True,1,7.920000000000005e-05
n_1000_c_1000000_g_2_f_0.3_eps_0.01_s_300,GA-FIX-UX+BF3,0,552957.0,12.850171673999284,19700,True,8,0.0005375999999999998
n_1000_c_1000000_g_2_f_0.3_eps_0.01_s_300,GA-FIX-UX+BF3,1,552957.0,12.672008327001095,19700,True,1,0.00023520000000000013
n_1000_c_1000000_g_2_f_0.3_eps_0.01_s_300,GA-FIX-UX+BF3,2,552957.0,12.935782213000493,19700,True,1,0.00038800000000000016
n_1000_c_1000000_g_2_f_0.3_eps_0.01_s_300,GA-FIX-UX+BF3,3,552957.0,13.025491170999885,19700,True,5,0.0008264
n_1000_c_1000000_g_2_f_0.3_eps_0.01_s_300,GA-FIX-UX+BF3,4,552957.0,12.894518548000633,19700,True,11,0.00015760000000000006
n_1000_c_1000000_g_2_f_0.3_eps_0.01_s_300,GA-FIX-UX+BF3,5,552957.0,12.373332842998934,19700,True,1,0.0002352000000000001
n_1000_c_1000000_g_2_f_0.3_eps_0.01_s_300,GA-FIX-UX+BF3,6,552957.0,11.868873548999545,19700,True,1,0.00038720000000000014
n_1000_c_1000000_g_2_f_0.3_eps_0.01_s_300,GA-FIX-UX+BF3,7,552957.0,10.737223342002835,19700,True,1,0.00031200000000000016
n_1000_c_1000000_g_2_f_0.3_eps_0.01_s_300,GA-FIX-UX+BF3,8,552957.0,9.272367838999344,19700,True,1,0.0006823999999999999
n_1000_c_1000000_g_2_f_0.3_eps_0.01_s_300,GA-FIX-UX+BF3,9,552957.0,6.798909007000475,19700,True,1,0.00046320000000000025
n_1000_c_1000000_g_2_f_0.3_eps_0.01_s_300,GA-QL,0,552957.0,9.98603590300263,19700,True,10,0.0002352000000000001
n_1000_c_1000000_g_2_f_0.3_eps_0.01_s_300,GA-QL,1,552957.0,11.791554816001735,19700,True,1,0.0006096
n_1000_c_1000000_g_2_f_0.3_eps_0.01_s_300,GA-QL,2,552957.0,11.277825789999042,19700,True,1,0.00031200000000000016
n_1000_c_1000000_g_2_f_0.3_eps_0.01_s_300,GA-QL,3,552957.0,10.989524663000338,19700,True,7,0.00031200000000000016
n_1000_c_1000000_g_2_f_0.3_eps_0.01_s_300,GA-QL,4,552957.0,8.925924946997839,19700,True,5,7.920000000000005e-05
n_1000_c_1000000_g_2_f_0.3_eps_0.01_s_300,GA-QL,5,552957.0,11.459853497999575,19700,True,1,7.920000000000005e-05
n_1000_c_1000000_g_2_f_0.3_eps_0.01_s_300,GA-QL,6,552957.0,11.678590766001435,19700,True,1,0.00015760000000000006
n_1000_c_1000000_g_2_f_0.3_eps_0.01_s_300,GA-QL,7,552957.0,11.16695012299897,19700,True,1,0.00023520000000000013
n_1000_c_1000000_g_2_f_0.3_eps_0.01_s_300,GA-QL,8,552957.0,12.075577923002129,19700,True,1,0.00015760000000000006
n_1000_c_1000000_g_2_f_0.3_eps_0.01_s_300,GA-QL,9,552957.0,11.786624215998017,19700,True,1,0.00015760000000000006
n_1000_c_1000000_g_2_f_0.3_eps_0.01_s_300,GA-QL-T,0,552957.0,11.957538751001266,19700,True,9,0.0008256
n_1000_c_1000000_g_2_f_0.3_eps_0.01_s_300,GA-QL-T,1,552957.0,10.970957698998973,19700,True,1,0.00038800000000000016
n_1000_c_1000000_g_2_f_0.3_eps_0.01_s_300,GA-QL-T,2,552957.0,12.089166107998608,19700,True,1,0.0005367999999999998
n_1000_c_1000000_g_2_f_0.3_eps_0.01_s_300,GA-QL-T,3,552957.0,9.77040484600002,19700,True,10,0.00038800000000000016
n_1000_c_1000000_g_2_f_0.3_eps_0.01_s_300,GA-QL-T,4,552957.0,12.182261115998699,19700,True,11,0.0002352000000000001
n_1000_c_1000000_g_2_f_0.3_eps_0.01_s_300,GA-QL-T,5,552957.0,12.454454116999841,19700,True,1,0.0005367999999999998
n_1000_c_1000000_g_2_f_0.3_eps_0.01_s_300,GA-QL-T,6,552957.0,12.328709189998335,19700,True,1,0.0006831999999999999
n_1000_c_1000000_g_2_f_0.3_eps_0.01_s_300,GA-QL-T,7,552957.0,11.992651796001155,19700,True,1,0.0003120000000000001
n_1000_c_1000000_g_2_f_0.3_eps_0.01_s_300,GA-QL-T,8,552957.0,12.57224329499877,19700,True,1,0.0003872000000000002
n_1000_c_1000000_g_2_f_0.3_eps_0.01_s_300,GA-QL-T,9,552957.0,12.238294091999705,19700,True,1,0.0004624000000000002
n_1000_c_1000000_g_2_f_0.3_eps_0.01_s_300,GA-RAND,0,552957.0,10.606545989998267,19700,True,4,0.0002352000000000001
n_1000_c_1000000_g_2_f_0.3_eps_0.01_s_300,GA-RAND,1,552957.0,9.799767696000345,19700,True,1,0.00038800000000000016
n_1000_c_1000000_g_2_f_0.3_eps_0.01_s_300,GA-RAND,2,552957.0,11.470863269998517,19700,True,1,0.00015760000000000006
n_1000_c_1000000_g_2_f_0.3_eps_0.01_s_300,GA-RAND,3,552957.0,9.707182938000187,19700,True,2,0.0
n_1000_c_1000000_g_2_f_0.3_eps_0.01_s_300,GA-RAND,4,552957.0,8.514600093996705,19700,True,6,0.00015680000000000004
n_1000_c_1000000_g_2_f_0.3_eps_0.01_s_300,GA-RAND,5,552957.0,11.263664292000612,19700,True,1,0.00015680000000000004
n_1000_c_1000000_g_2_f_0.3_eps_0.01_s_300,GA-RAND,6,552957.0,11.539771790001396,19700,True,1,0.00015760000000000006
n_1000_c_1000000_g_2_f_0.3_eps_0.01_s_300,GA-RAND,7,552957.0,10.91817462200197,19700,True,1,0.00023520000000000013
n_1000_c_1000000_g_2_f_0.3_eps_0.01_s_300,GA-RAND,8,552957.0,11.252354075000767,19700,True,1,0.00023520000000000013
n_1000_c_1000000_g_2_f_0.3_eps_0.01_s_300,GA-RAND,9,552957.0,11.621921631001896,19700,True,1,0.00015760000000000006
n_1000_c_1000000_g_2_f_0.3_eps_0.01_s_300,GA-UCB,0,552957.0,11.826223930998822,19700,True,2,0.0002352000000000001
n_1000_c_1000000_g_2_f_0.3_eps_0.01_s_300,GA-UCB,1,552957.0,6.348229207000259,19700,True,1,0.00031120000000000014
n_1000_c_1000000_g_2_f_0.3_eps_0.01_s_300,GA-UCB,2,552957.0,11.40072366000095,19700,True,1,0.0003872000000000002
n_1000_c_1000000_g_2_f_0.3_eps_0.01_s_300,GA-UCB,3,552957.0,11.692656862000149,19700,True,6,0.00031200000000000016
n_1000_c_1000000_g_2_f_0.3_eps_0.01_s_300,GA-UCB,4,552957.0,11.520039754999743,19700,True,20,0.00031200000000000016
n_1000_c_1000000_g_2_f_0.3_eps_0.01_s_300,GA-UCB,5,552957.0,7.889865320001263,19700,True,1,0.00038800000000000016
n_1000_c_1000000_g_2_f_0.3_eps_0.01_s_300,GA-UCB,6,552957.0,11.785931701000663,19700,True,1,0.0005359999999999999
n_1000_c_1000000_g_2_f_0.3_eps_0.01_s_300,GA-UCB,7,552957.0,11.814134461998037,19700,True,1,0.0002352000000000001
n_1000_c_1000000_g_2_f_0.3_eps_0.01_s_300,GA-UCB,8,552957.0,11.628798956997343,19700,True,1,0.0006112
n_1000_c_1000000_g_2_f_0.3_eps_0.01_s_300,GA-UCB,9,552957.0,6.284163345997513,19700,True,1,0.0002352000000000001
n_400_c_100000000_g_10_f_0.3_eps_0.01_s_100,GA,0,100000849.0,4.2242685300007,19700,True,200,0.017071999999999997
n_400_c_100000000_g_10_f_0.3_eps_0.01_s_100,GA,1,99998902.0,5.226779305998207,19700,True,118,0.05517300000000001
n_400_c_100000000_g_10_f_0.3_eps_0.01_s_100,GA,2,99998875.0,5.087519638000231,19700,True,145,0.054054000000000005
n_400_c_100000000_g_10_f_0.3_eps_0.01_s_100,GA,3,99993584.0,4.756081480998546,19700,True,183,0.018478
n_400_c_100000000_g_10_f_0.3_eps_0.01_s_100,GA,4,100000784.0,4.677031788000022,19700,True,130,0.020802
n_400_c_100000000_g_10_f_0.3_eps_0.01_s_100,GA,5,100000799.0,4.864239633003308,19700,True,163,0.017425
n_400_c_100000000_g_10_f_0.3_eps_0.01_s_100,GA,6,100000944.0,4.743704778000392,19700,True,197,0.025754000000000003
n_400_c_100000000_g_10_f_0.3_eps_0.01_s_100,GA,7,100000800.0,4.972537345001911,19700,True,177,0.021186000000000003
n_400_c_100000000_g_10_f_0.3_eps_0.01_s_100,GA,8,100000757.0,4.867745830000786,19700,True,94,0.016122
n_400_c_100000000_g_10_f_0.3_eps_0.01_s_100,GA,9,100000867.0,4.342139937001775,19700,True,147,0.022454000000000002
n_400_c_100000000_g_10_f_0.3_eps_0.01_s_100,GA-FIX-UX+BF3,0,100000609.0,5.611920224000642,19700,True,18,0.017594000000000002
n_400_c_100000000_g_10_f_0.3_eps_0.01_s_100,GA-FIX-UX+BF3,1,100000737.0,5.700697844997194,19700,True,150,0.036743
n_400_c_100000000_g_10_f_0.3_eps_0.01_s_100,GA-FIX-UX+BF3,2,100000633.0,5.777760273998865,19700,True,195,0.023846000000000003
n_400_c_100000000_g_10_f_0.3_eps_0.01_s_100,GA-FIX-UX+BF3,3,100000670.0,5.764112079999904,19700,True,73,0.019601
n_400_c_100000000_g_10_f_0.3_eps_0.01_s_100,GA-FIX-UX+BF3,4,100000667.0,4.506418372999178,19700,True,195,0.024142999999999998
n_400_c_100000000_g_10_f_0.3_eps_0.01_s_100,GA-FIX-UX+BF3,5,100000625.0,5.623232658999768,19700,True,57,0.018383000000000004
n_400_c_100000000_g_10_f_0.3_eps_0.01_s_100,GA-FIX-UX+BF3,6,100000757.0,5.8316477370026405,19700,True,96,0.030316999999999997
n_400_c_100000000_g_10_f_0.3_eps_0.01_s_100,GA-FIX-UX+BF3,7,100000605.0,5.688831464998657,19700,True,77,0.03336600000000001
n_400_c_100000000_g_10_f_0.3_eps_0.01_s_100,GA-FIX-UX+BF3,8,100000761.0,5.3660242239966465,19700,True,182,0.03297
n_400_c_100000000_g_10_f_0.3_eps_0.01_s_100,GA-FIX-UX+BF3,9,100000687.0,5.465885485002218,19700,True,197,0.013569000000000005
n_400_c_100000000_g_10_f_0.3_eps_0.01_s_100,GA-QL,0,100000837.0,6.271311242999218,19700,True,198,0.033755
n_400_c_100000000_g_10_f_0.3_eps_0.01_s_100,GA-QL,1,100000875.0,7.823542086996895,19700,True,147,0.036318
n_400_c_100000000_g_10_f_0.3_eps_0.01_s_100,GA-QL,2,100000894.0,5.961692272998334,19700,True,170,0.05254400000000001
n_400_c_100000000_g_10_f_0.3_eps_0.01_s_100,GA-QL,3,100000849.0,5.999657170999853,19700,True,194,0.049245000000000004
n_400_c_100000000_g_10_f_0.3_eps_0.01_s_100,GA-QL,4,100000912.0,6.70424742799878,19700,True,127,0.040102
n_400_c_100000000_g_10_f_0.3_eps_0.01_s_100,GA-QL,5,100000881.0,7.027381706000597,19700,True,183,0.026036999999999998
n_400_c_100000000_g_10_f_0.3_eps_0.01_s_100,GA-QL,6,100000945.0,6.608132438999746,19700,True,200,0.027987
n_400_c_100000000_g_10_f_0.3_eps_0.01_s_100,GA-QL,7,100000811.0,5.740317296000285,19700,True,133,0.023086000000000002
n_400_c_100000000_g_10_f_0.3_eps_0.01_s_100,GA-QL,8,100000989.0,5.856825509999908,19700,True,196,0.033191
n_400_c_100000000_g_10_f_0.3_eps_0.01_s_100,GA-QL,9,100000885.0,5.638951525997982,19700,True,173,0.026121
n_400_c_100000000_g_10_f_0.3_eps_0.01_s_100,GA-QL-T,0,100000861.0,5.6056157009988965,19700,True,198,0.024078
n_400_c_100000000_g_10_f_0.3_eps_0.01_s_100,GA-QL-T,1,100000869.0,5.7480987859999,19700,True,184,0.016658000000000003
n_400_c_100000000_g_10_f_0.3_eps_0.01_s_100,GA-QL-T,2,100000750.0,5.488761324999359,19700,True,163,0.017580000000000005
n_400_c_100000000_g_10_f_0.3_eps_0.01_s_100,GA-QL-T,3,99993551.0,5.874802759000886,19700,True,198,0.024252000000000003
n_400_c_100000000_g_10_f_0.3_eps_0.01_s_100,GA-QL-T,4,100000826.0,5.490687309997156,19700,True,197,0.023496000000000006
n_400_c_100000000_g_10_f_0.3_eps_0.01_s_100,GA-QL-T,5,100000941.0,5.757422580998536,19700,True,196,0.019729000000000003
n_400_c_100000000_g_10_f_0.3_eps_0.01_s_100,GA-QL-T,6,100000856.0,5.482435419002286,19700,True,190,0.040656
n_400_c_100000000_g_10_f_0.3_eps_0.01_s_100,GA-QL-T,7,100000895.0,5.702107937999244,19700,True,193,0.049843
n_400_c_100000000_g_10_f_0.3_eps_0.01_s_100,GA-QL-T,8,100000829.0,5.431832598998881,19700,True,154,0.030938000000000007
n_400_c_100000000_g_10_f_0.3_eps_0.01_s_100,GA-QL-T,9,100000941.0,5.375630041999102,19700,True,198,0.050433000000000006
n_400_c_100000000_g_10_f_0.3_eps_0.01_s_100,GA-RAND,0,100000866.0,4.755727373001719,19700,True,197,0.039545000000000004
n_400_c_100000000_g_10_f_0.3_eps_0.01_s_100,GA-RAND,1,100000796.0,4.754525739997916,19700,True,192,0.033961
n_400_c_100000000_g_10_f_0.3_eps_0.01_s_100,GA-RAND,2,100000997.0,5.36375547300122,19700,True,199,0.05548
n_400_c_100000000_g_10_f_0.3_eps_0.01_s_100,GA-RAND,3,100000891.0,5.164116871997976,19700,True,188,0.024372
n_400_c_100000000_g_10_f_0.3_eps_0.01_s_100,GA-RAND,4,100000933.0,4.913161540996953,19700,True,165,0.048811
n_400_c_100000000_g_10_f_0.3_eps_0.01_s_100,GA-RAND,5,100000926.0,5.014181706999807,19700,True,158,0.035237000000000004
n_400_c_100000000_g_10_f_0.3_eps_0.01_s_100,GA-RAND,6,100000875.0,4.980186409000453,19700,True,187,0.039266
n_400_c_100000000_g_10_f_0.3_eps_0.01_s_100,GA-RAND,7,100000880.0,5.601276983998105,19700,True,178,0.032797
n_400_c_100000000_g_10_f_0.3_eps_0.01_s_100,GA-RAND,8,100000882.0,5.037640369999281,19700,True,133,0.037525
n_400_c_100000000_g_10_f_0.3_eps_0.01_s_100,GA-RAND,9,100000685.0,5.45143697399908,19700,True,114,0.031197
n_400_c_100000000_g_10_f_0.3_eps_0.01_s_100,GA-UCB,0,100000867.0,5.354606338998565,19700,True,166,0.04768800000000001
n_400_c_100000000_g_10_f_0.3_eps_0.01_s_100,GA-UCB,1,100000890.0,5.406151223000052,19700,True,184,0.030038
n_400_c_100000000_g_10_f_0.3_eps_0.01_s_100,GA-UCB,2,100000803.0,4.933825544001593,19700,True,181,0.048068
n_400_c_100000000_g_10_f_0.3_eps_0.01_s_100,GA-UCB,3,99993635.0,5.193661809000332,19700,True,200,0.037207
n_400_c_100000000_g_10_f_0.3_eps_0.01_s_100,GA-UCB,4,100000946.0,5.471842093000305,19700,True,185,0.043023
n_400_c_100000000_g_10_f_0.3_eps_0.01_s_100,GA-UCB,5,100000836.0,5.2653611230016395,19700,True,189,0.03194
n_400_c_100000000_g_10_f_0.3_eps_0.01_s_100,GA-UCB,6,100000945.0,5.612169117997837,19700,True,187,0.017081
n_400_c_100000000_g_10_f_0.3_eps_0.01_s_100,GA-UCB,7,100001015.0,5.7612100149999605,19700,True,181,0.04838700000000001
n_400_c_100000000_g_10_f_0.3_eps_0.01_s_100,GA-UCB,8,100000764.0,6.160977108000225,19700,True,200,0.054392
n_400_c_100000000_g_10_f_0.3_eps_0.01_s_100,GA-UCB,9,100000806.0,5.9324537470020005,19700,True,187,0.046275
n_400_c_100000000_g_10_f_0.3_eps_0.01_s_300,GA,0,100010342.0,3.6748627980014135,19700,True,181,0.044171
n_400_c_100000000_g_10_f_0.3_eps_0.01_s_300,GA,1,100010387.0,4.46091153299858,19700,True,67,0.072237
n_400_c_100000000_g_10_f_0.3_eps_0.01_s_300,GA,2,100010302.0,4.355097179999575,19700,True,191,0.056691000000000005
n_400_c_100000000_g_10_f_0.3_eps_0.01_s_300,GA,3,100010314.0,4.269233240000176,19700,True,196,0.083935
n_400_c_100000000_g_10_f_0.3_eps_0.01_s_300,GA,4,100010222.0,3.7803787310003827,19700,True,155,0.059435
n_400_c_100000000_g_10_f_0.3_eps_0.01_s_300,GA,5,100010351.0,3.9412497720004467,19700,True,168,0.061317
n_400_c_100000000_g_10_f_0.3_eps_0.01_s_300,GA,6,100010441.0,4.226672267999675,19700,True,132,0.040408
n_400_c_100000000_g_10_f_0.3_eps_0.01_s_300,GA,7,100010357.0,4.319351031001133,19700,True,15,0.056267000000000005
n_400_c_100000000_g_10_f_0.3_eps_0.01_s_300,GA,8,100010320.0,3.919340265001665,19700,True,186,0.034935999999999995
n_400_c_100000000_g_10_f_0.3_eps_0.01_s_300,GA,9,100010269.0,4.139975775000494,19700,True,10,0.05360200000000001
n_400_c_100000000_g_10_f_0.3_eps_0.01_s_300,GA-FIX-UX+BF3,0,100010401.0,4.626383918999636,19700,True,3,0.032644000000000006
n_400_c_100000000_g_10_f_0.3_eps_0.01_s_300,GA-FIX-UX+BF3,1,100010277.0,5.701265080999292,19700,True,139,0.04644100000000002
n_400_c_100000000_g_10_f_0.3_eps_0.01_s_300,GA-FIX-UX+BF3,2,100010267.0,3.7105020329981926,19700,True,110,0.04297700000000001
n_400_c_100000000_g_10_f_0.3_eps_0.01_s_300,GA-FIX-UX+BF3,3,100010351.0,5.872116765000101,19700,True,117,0.03857000000000001
n_400_c_100000000_g_10_f_0.3_eps_0.01_s_300,GA-FIX-UX+BF3,4,100010355.0,5.075241194997943,19700,True,17,0.048063
n_400_c_100000000_g_10_f_0.3_eps_0.01_s_300,GA-FIX-UX+BF3,5,100010350.0,5.52538622299835,19700,True,186,0.034117
n_400_c_100000000_g_10_f_0.3_eps_0.01_s_300,GA-FIX-UX+BF3,6,100010353.0,5.661736390000442,19700,True,183,0.037992000000000005
n_400_c_100000000_g_10_f_0.3_eps_0.01_s_300,GA-FIX-UX+BF3,7,100010255.0,3.657834912002727,19700,True,1,0.04742600000000001
n_400_c_100000000_g_10_f_0.3_eps_0.01_s_300,GA-FIX-UX+BF3,8,100010383.0,4.78719941899908,19700,True,178,0.049376
n_400_c_100000000_g_10_f_0.3_eps_0.01_s_300,GA-FIX-UX+BF3,9,100010267.0,5.703745658000116,19700,True,6,0.03765300000000002
n_400_c_100000000_g_10_f_0.3_eps_0.01_s_300,GA-QL,0,100010376.0,4.957013559000188,19700,True,140,0.12207700000000003
n_400_c_100000000_g_10_f_0.3_eps_0.01_s_300,GA-QL,1,100010445.0,4.46634931600056,19700,True,175,0.12811
n_400_c_100000000_g_10_f_0.3_eps_0.01_s_300,GA-QL,2,100010398.0,4.283751612998458,19700,True,119,0.086965
n_400_c_100000000_g_10_f_0.3_eps_0.01_s_300,GA-QL,3,100010487.0,4.69802919599897,19700,True,136,0.06672600000000001
n_400_c_100000000_g_10_f_0.3_eps_0.01_s_300,GA-QL,4,100010480.0,4.8770633789972635,19700,True,197,0.074398
n_400_c_100000000_g_10_f_0.3_eps_0.01_s_300,GA-QL,5,100010503.0,4.911328768001113,19700,True,134,0.127148
n_400_c_100000000_g_10_f_0.3_eps_0.01_s_300,GA-QL,6,100010454.0,4.47858469700077,19700,True,193,0.136459
n_400_c_100000000_g_10_f_0.3_eps_0.01_s_300,GA-QL,7,100010374.0,5.101988440997957,19700,True,98,0.10463700000000001
n_400_c_100000000_g_10_f_0.3_eps_0.01_s_300,GA-QL,8,100010579.0,3.8142234810002265,19700,True,112,0.08579699999999998
n_400_c_100000000_g_10_f_0.3_eps_0.01_s_300,GA-QL,9,100010421.0,5.230248626998218,19700,True,190,0.128537
n_400_c_100000000_g_10_f_0.3_eps_0.01_s_300,GA-QL-T,0,100010408.0,4.535256852999737,19700,True,144,0.11530999999999998
n_400_c_100000000_g_10_f_0.3_eps_0.01_s_300,GA-QL-T,1,100010479.0,5.179091654998047,19700,True,132,0.12471900000000001
n_400_c_100000000_g_10_f_0.3_eps_0.01_s_300,GA-QL-T,2,100010418.0,4.601074273999984,19700,True,89,0.08277099999999998
n_400_c_100000000_g_10_f_0.3_eps_0.01_s_300,GA-QL-T,3,100010468.0,5.259123821997491,19700,True,199,0.130143
n_400_c_100000000_g_10_f_0.3_eps_0.01_s_300,GA-QL-T,4,100010437.0,5.01739829899816,19700,True,179,0.11527600000000002
n_400_c_100000000_g_10_f_0.3_eps_0.01_s_300,GA-QL-T,5,100010431.0,4.690351951001503,19700,True,180,0.039832000000000006
n_400_c_100000000_g_10_f_0.3_eps_0.01_s_300,GA-QL-T,6,100010327.0,5.076222791998589,19700,True,186,0.11853300000000001
n_400_c_100000000_g_10_f_0.3_eps_0.01_s_300,GA-QL-T,7,100010420.0,4.150830801001575,19700,True,91,0.08224000000000001
n_400_c_100000000_g_10_f_0.3_eps_0.01_s_300,GA-QL-T,8,100010427.0,4.718224158001249,19700,True,127,0.111402
n_400_c_100000000_g_10_f_0.3_eps_0.01_s_300,GA-QL-T,9,100010768.0,4.671127999001328,19700,True,173,0.08358800000000001
n_400_c_100000000_g_10_f_0.3_eps_0.01_s_300,GA-RAND,0,100010417.0,4.7629584559981595,19700,True,166,0.132939
n_400_c_100000000_g_10_f_0.3_eps_0.01_s_300,GA-RAND,1,100010421.0,4.5901084580000315,19700,True,200,0.09643399999999999
n_400_c_100000000_g_10_f_0.3_eps_0.01_s_300,GA-RAND,2,100010477.0,4.767325222997897,19700,True,199,0.127353
n_400_c_100000000_g_10_f_0.3_eps_0.01_s_300,GA-RAND,3,100010449.0,4.6666601190008805,19700,True,163,0.10811299999999999
n_400_c_100000000_g_10_f_0.3_eps_0.01_s_300,GA-RAND,4,100010401.0,4.4371037450000586,19700,True,68,0.094099
n_400_c_100000000_g_10_f_0.3_eps_0.01_s_300,GA-RAND,5,100010417.0,4.722299552999175,19700,True,163,0.113424
n_400_c_100000000_g_10_f_0.3_eps_0.01_s_300,GA-RAND,6,100010438.0,3.7503905330013367,19700,True,200,0.119671
n_400_c_100000000_g_10_f_0.3_eps_0.01_s_300,GA-RAND,7,100010327.0,4.876073006998922,19700,True,101,0.111415
n_400_c_100000000_g_10_f_0.3_eps_0.01_s_300,GA-RAND,8,100010452.0,5.039777641002729,19700,True,151,0.070569
n_400_c_100000000_g_10_f_0.3_eps_0.01_s_300,GA-RAND,9,100010440.0,4.844694347000768,19700,True,55,0.093351
n_400_c_100000000_g_10_f_0.3_eps_0.01_s_300,GA-UCB,0,100010568.0,3.6728365929993743,19700,True,171,0.10552700000000001
n_400_c_100000000_g_10_f_0.3_eps_0.01_s_300,GA-UCB,1,100010445.0,4.906630228000722,19700,True,115,0.122353
n_400_c_100000000_g_10_f_0.3_eps_0.01_s_300,GA-UCB,2,100010449.0,5.041959889000282,19700,True,193,0.098978
n_400_c_100000000_g_10_f_0.3_eps_0.01_s_300,GA-UCB,3,100010399.0,5.012868047000666,19700,True,193,0.13072799999999998
n_400_c_100000000_g_10_f_0.3_eps_0.01_s_300,GA-UCB,4,100010482.0,4.738471561999177,19700,True,197,0.121889
n_400_c_100000000_g_10_f_0.3_eps_0.01_s_300,GA-UCB,5,100010431.0,3.750009407001926,19700,True,138,0.10638600000000001
n_400_c_100000000_g_10_f_0.3_eps_0.01_s_300,GA-UCB,6,100010499.0,4.297668823001004,19700,True,170,0.10866400000000001
n_400_c_100000000_g_10_f_0.3_eps_0.01_s_300,GA-UCB,7,100010430.0,4.420360506999714,19700,True,52,0.122054
n_400_c_100000000_g_10_f_0.3_eps_0.01_s_300,GA-UCB,8,100010374.0,3.9262606949996552,19700,True,124,0.109598
n_400_c_100000000_g_10_f_0.3_eps_0.01_s_300,GA-UCB,9,100010428.0,4.988954672997352,19700,True,178,0.11783099999999999
n_400_c_100000000_g_2_f_0.3_eps_0.01_s_100,GA,0,51006643.0,4.941717543002596,19700,True,1,0.00019800000000000012
n_400_c_100000000_g_2_f_0.3_eps_0.01_s_100,GA,1,51006643.0,4.3949164379992,19700,True,1,0.0003940000000000002
n_400_c_100000000_g_2_f_0.3_eps_0.01_s_100,GA,2,51006643.0,3.292884716000117,19700,True,1,0.0
n_400_c_100000000_g_2_f_0.3_eps_0.01_s_100,GA,3,51006643.0,4.71047535499747,19700,True,1,0.00019800000000000012
n_400_c_100000000_g_2_f_0.3_eps_0.01_s_100,GA,4,51006643.0,4.791824988998997,19700,True,1,0.0
n_400_c_100000000_g_2_f_0.3_eps_0.01_s_100,GA,5,51006643.0,3.8271448579980643,19700,True,1,0.0
n_400_c_100000000_g_2_f_0.3_eps_0.01_s_100,GA,6,51006643.0,4.0404682449989195,19700,True,1,0.00019800000000000012
n_400_c_100000000_g_2_f_0.3_eps_0.01_s_100,GA,7,51006643.0,4.853273116001219,19700,True,1,0.0
n_400_c_100000000_g_2_f_0.3_eps_0.01_s_100,GA,8,51006643.0,4.684363828000642,19700,True,1,0.00039200000000000015
n_400_c_100000000_g_2_f_0.3_eps_0.01_s_100,GA,9,51006643.0,4.702476071001001,19700,True,1,0.0
n_400_c_100000000_g_2_f_0.3_eps_0.01_s_100,GA-FIX-UX+BF3,0,51006643.0,5.6412062470008095,19700,True,1,0.0005860000000000003
n_400_c_100000000_g_2_f_0.3_eps_0.01_s_100,GA-FIX-UX+BF3,1,51006643.0,5.431013674002315,19700,True,1,0.0
n_400_c_100000000_g_2_f_0.3_eps_0.01_s_100,GA-FIX-UX+BF3,2,51006643.0,4.669457385996793,19700,True,1,0.0003940000000000002
n_400_c_100000000_g_2_f_0.3_eps_0.01_s_100,GA-FIX-UX+BF3,3,51006643.0,5.243515283000306,19700,True,1,0.00019800000000000012
n_400_c_100000000_g_2_f_0.3_eps_0.01_s_100,GA-FIX-UX+BF3,4,51006643.0,5.782935848001216,19700,True,1,0.00019800000000000012
n_400_c_100000000_g_2_f_0.3_eps_0.01_s_100,GA-FIX-UX+BF3,5,51006643.0,4.083547127000202,19700,True,1,0.0
n_400_c_100000000_g_2_f_0.3_eps_0.01_s_100,GA-FIX-UX+BF3,6,51006643.0,5.3431409769982565,19700,True,1,0.00019800000000000012
n_400_c_100000000_g_2_f_0.3_eps_0.01_s_100,GA-FIX-UX+BF3,7,51006643.0,5.690477366999403,19700,True,1,0.0005860000000000003
n_400_c_100000000_g_2_f_0.3_eps_0.01_s_100,GA-FIX-UX+BF3,8,51006643.0,5.401951108997309,19700,True,1,0.0
n_400_c_100000000_g_2_f_0.3_eps_0.01_s_100,GA-FIX-UX+BF3,9,51006643.0,4.209519836000254,19700,True,1,0.0
n_400_c_100000000_g_2_f_0.3_eps_0.01_s_100,GA-QL,0,51006643.0,5.253631714000221,19700,True,1,0.0003940000000000002
n_400_c_100000000_g_2_f_0.3_eps_0.01_s_100,GA-QL,1,51006643.0,5.1349634590005735,19700,True,1,0.0
n_400_c_100000000_g_2_f_0.3_eps_0.01_s_100,GA-QL,2,51006643.0,5.23762378599713,19700,True,1,0.0003940000000000002
n_400_c_100000000_g_2_f_0.3_eps_0.01_s_100,GA-QL,3,51006643.0,5.132264659001521,19700,True,1,0.0003940000000000002
n_400_c_100000000_g_2_f_0.3_eps_0.01_s_100,GA-QL,4,51006643.0,4.876773973999661,19700,True,1,0.0
n_400_c_100000000_g_2_f_0.3_eps_0.01_s_100,GA-QL,5,51006643.0,4.416999952001788,19700,True,1,0.00019800000000000012
n_400_c_100000000_g_2_f_0.3_eps_0.01_s_100,GA-QL,6,51006643.0,4.038113087000966,19700,True,1,0.0
n_400_c_100000000_g_2_f_0.3_eps_0.01_s_100,GA-QL,7,51006643.0,4.631239151000045,19700,True,1,0.00019800000000000012
n_400_c_100000000_g_2_f_0.3_eps_0.01_s_100,GA-QL,8,51006643.0,5.179538048996619,19700,True,1,0.0
n_400_c_100000000_g_2_f_0.3_eps_0.01_s_100,GA-QL,9,51006643.0,5.392237912998098,19700,True,1,0.0
n_400_c_100000000_g_2_f_0.3_eps_0.01_s_100,GA-QL-T,0,51006643.0,5.186213005999889,19700,True,1,0.0
n_400_c_100000000_g_2_f_0.3_eps_0.01_s_100,GA-QL-T,1,51006643.0,4.816844281998783,19700,True,1,0.00019800000000000012
n_400_c_100000000_g_2_f_0.3_eps_0.01_s_100,GA-QL-T,2,51006643.0,5.122138943999744,19700,True,1,0.0
n_400_c_100000000_g_2_f_0.3_eps_0.01_s_100,GA-QL-T,3,51006643.0,3.3019954760020482,19700,True,1,0.00019800000000000012
n_400_c_100000000_g_2_f_0.3_eps_0.01_s_100,GA-QL-T,4,51006643.0,4.343583620000572,19700,True,1,0.00019800000000000012
n_400_c_100000000_g_2_f_0.3_eps_0.01_s_100,GA-QL-T,5,51006643.0,5.191006754997943,19700,True,1,0.0007800000000000004
n_400_c_100000000_g_2_f_0.3_eps_0.01_s_100,GA-QL-T,6,51006643.0,5.483781079998153,19700,True,1,0.00019800000000000012
n_400_c_100000000_g_2_f_0.3_eps_0.01_s_100,GA-QL-T,7,51006643.0,3.539747198999976,19700,True,1,0.0005860000000000003
n_400_c_100000000_g_2_f_0.3_eps_0.01_s_100,GA-QL-T,8,51006643.0,5.090430987998843,19700,True,1,0.0003940000000000002
n_400_c_100000000_g_2_f_0.3_eps_0.01_s_100,GA-QL-T,9,51006643.0,5.367226195998228,19700,True,1,0.00019800000000000012
n_400_c_100000000_g_2_f_0.3_eps_0.01_s_100,GA-RAND,0,51006643.0,3.8724641629996768,19700,True,1,0.0003940000000000002
n_400_c_100000000_g_2_f_0.3_eps_0.01_s_100,GA-RAND,1,51006643.0,4.957468204000179,19700,True,1,0.0
n_400_c_100000000_g_2_f_0.3_eps_0.01_s_100,GA-RAND,2,51006643.0,4.673970045001624,19700,True,1,0.0
n_400_c_100000000_g_2_f_0.3_eps_0.01_s_100,GA-RAND,3,51006643.0,4.745214500999282,19700,True,1,0.0
n_400_c_100000000_g_2_f_0.3_eps_0.01_s_100,GA-RAND,4,51006643.0,5.251487261000875,19700,True,1,0.00039200000000000015
n_400_c_100000000_g_2_f_0.3_eps_0.01_s_100,GA-RAND,5,51006643.0,4.898234108000906,19700,True,1,0.0003940000000000002
n_400_c_100000000_g_2_f_0.3_eps_0.01_s_100,GA-RAND,6,51006643.0,3.004544845000055,19700,True,1,0.0
n_400_c_100000000_g_2_f_0.3_eps_0.01_s_100,GA-RAND,7,51006643.0,5.212830066000606,19700,True,1,0.0
n_400_c_100000000_g_2_f_0.3_eps_0.01_s_100,GA-RAND,8,51006643.0,4.061964970998815,19700,True,1,0.00039200000000000015
n_400_c_100000000_g_2_f_0.3_eps_0.01_s_100,GA-RAND,9,51006643.0,4.644859568998072,19700,True,1,0.0
n_400_c_100000000_g_2_f_0.3_eps_0.01_s_100,GA-UCB,0,51006643.0,5.257513241002016,19700,True,1,0.0
n_400_c_100000000_g_2_f_0.3_eps_0.01_s_100,GA-UCB,1,51006643.0,5.026861014001042,19700,True,1,0.0003940000000000002
n_400_c_100000000_g_2_f_0.3_eps_0.01_s_100,GA-UCB,2,51006643.0,4.658480226000393,19700,True,1,0.00019800000000000012
n_400_c_100000000_g_2_f_0.3_eps_0.01_s_100,GA-UCB,3,51006643.0,5.3134685240002,19700,True,1,0.0003940000000000002
n_400_c_100000000_g_2_f_0.3_eps_0.01_s_100,GA-UCB,4,51006643.0,4.430012346001604,19700,True,1,0.0007740000000000003
n_400_c_100000000_g_2_f_0.3_eps_0.01_s_100,GA-UCB,5,51006643.0,4.183126532003371,19700,True,1,0.00019800000000000012
n_400_c_100000000_g_2_f_0.3_eps_0.01_s_100,GA-UCB,6,51006643.0,4.657715721001296,19700,True,1,0.0007740000000000003
n_400_c_100000000_g_2_f_0.3_eps_0.01_s_100,GA-UCB,7,51006643.0,5.104249723997782,19700,True,1,0.0005820000000000003
n_400_c_100000000_g_2_f_0.3_eps_0.01_s_100,GA-UCB,8,51006643.0,4.787098965000041,19700,True,1,0.0005880000000000003
n_400_c_100000000_g_2_f_0.3_eps_0.01_s_100,GA-UCB,9,51006643.0,4.954088808000961,19700,True,1,0.00039200000000000015
n_400_c_100000000_g_2_f_0.3_eps_0.01_s_300,GA,0,51020037.0,4.76035225799933,19700,True,56,0.0037280000000000004
n_400_c_100000000_g_2_f_0.3_eps_0.01_s_300,GA,1,51020036.0,3.720381395000004,19700,True,1,0.0
n_400_c_100000000_g_2_f_0.3_eps_0.01_s_300,GA,2,51020037.0,3.854543592002301,19700,True,1,0.0015259999999999996
n_400_c_100000000_g_2_f_0.3_eps_0.01_s_300,GA,3,51020036.0,4.8200742449989775,19700,True,1,0.0
n_400_c_100000000_g_2_f_0.3_eps_0.01_s_300,GA,4,51020037.0,4.1330213289984385,19700,True,66,0.0011580000000000006
n_400_c_100000000_g_2_f_0.3_eps_0.01_s_300,GA,5,51020036.0,4.616393770000286,19700,True,1,0.0
n_400_c_100000000_g_2_f_0.3_eps_0.01_s_300,GA,6,51020037.0,4.666512113002682,19700,True,1,0.0032540000000000004
n_400_c_100000000_g_2_f_0.3_eps_0.01_s_300,GA,7,51020037.0,3.0108641070000886,19700,True,1,0.00292
n_400_c_100000000_g_2_f_0.3_eps_0.01_s_300,GA,8,51020036.0,4.685145869003463,19700,True,1,0.00019800000000000012
n_400_c_100000000_g_2_f_0.3_eps_0.01_s_300,GA,9,51020036.0,4.35785343599855,19700,True,1,0.0
n_400_c_100000000_g_2_f_0.3_eps_0.01_s_300,GA-FIX-UX+BF3,0,51020037.0,5.479030349997629,19700,True,35,0.0053159999999999995
n_400_c_100000000_g_2_f_0.3_eps_0.01_s_300,GA-FIX-UX+BF3,1,51020037.0,4.95525931299926,19700,True,1,0.005054
n_400_c_100000000_g_2_f_0.3_eps_0.01_s_300,GA-FIX-UX+BF3,2,51020037.0,5.608631241000694,19700,True,1,0.005468
n_400_c_100000000_g_2_f_0.3_eps_0.01_s_300,GA-FIX-UX+BF3,3,51020036.0,5.691969733001315,19700,True,1,0.0
n_400_c_100000000_g_2_f_0.3_eps_0.01_s_300,GA-FIX-UX+BF3,4,51020037.0,5.285701231998246,19700,True,4,0.0055780000000000005
n_400_c_100000000_g_2_f_0.3_eps_0.01_s_300,GA-FIX-UX+BF3,5,51020037.0,4.870964806999837,19700,True,1,0.00609
n_400_c_100000000_g_2_f_0.3_eps_0.01_s_300,GA-FIX-UX+BF3,6,51020037.0,5.239575929001148,19700,True,1,0.004338
n_400_c_100000000_g_2_f_0.3_eps_0.01_s_300,GA-FIX-UX+BF3,7,51020037.0,4.082057727999199,19700,True,1,0.006088
n_400_c_100000000_g_2_f_0.3_eps_0.01_s_300,GA-FIX-UX+BF3,8,51020037.0,4.987260055997467,19700,True,1,0.005454
n_400_c_100000000_g_2_f_0.3_eps_0.01_s_300,GA-FIX-UX+BF3,9,51020036.0,5.010624812999595,19700,True,1,0.00019800000000000012
n_400_c_100000000_g_2_f_0.3_eps_0.01_s_300,GA-QL,0,51020037.0,5.03661823499715,19700,True,2,0.0025840000000000004
n_400_c_100000000_g_2_f_0.3_eps_0.01_s_300,GA-QL,1,51020036.0,5.61737893299869,19700,True,1,0.0005880000000000003
n_400_c_100000000_g_2_f_0.3_eps_0.01_s_300,GA-QL,2,51020037.0,4.687124072999723,19700,True,1,0.0027580000000000005
n_400_c_100000000_g_2_f_0.3_eps_0.01_s_300,GA-QL,3,51020037.0,4.550808297000913,19700,True,19,0.0022440000000000003
n_400_c_100000000_g_2_f_0.3_eps_0.01_s_300,GA-QL,4,51020036.0,4.322969773002114,19700,True,1,0.0
n_400_c_100000000_g_2_f_0.3_eps_0.01_s_300,GA-QL,5,51020036.0,4.599351368000498,19700,True,1,0.0003940000000000002
n_400_c_100000000_g_2_f_0.3_eps_0.01_s_300,GA-QL,6,51020037.0,4.9433384939984535,19700,True,1,0.0025900000000000003
n_400_c_100000000_g_2_f_0.3_eps_0.01_s_300,GA-QL,7,51020037.0,5.064139644000534,19700,True,1,0.006098
n_400_c_100000000_g_2_f_0.3_eps_0.01_s_300,GA-QL,8,51020036.0,4.810991335998551,19700,True,1,0.0003940000000000002
n_400_c_100000000_g_2_f_0.3_eps_0.01_s_300,GA-QL,9,51020037.0,4.886595281001064,19700,True,38,0.0025880000000000005
n_400_c_100000000_g_2_f_0.3_eps_0.01_s_300,GA-QL-T,0,51020036.0,5.3256852319973405,19700,True,1,0.0
n_400_c_100000000_g_2_f_0.3_eps_0.01_s_300,GA-QL-T,1,51020037.0,5.289740570999129,19700,True,2,0.005464
n_400_c_100000000_g_2_f_0.3_eps_0.01_s_300,GA-QL-T,2,51020037.0,4.072479526999814,19700,True,1,0.004482000000000001
n_400_c_100000000_g_2_f_0.3_eps_0.01_s_300,GA-QL-T,3,51020036.0,5.07234331500149,19700,True,1,0.0
n_400_c_100000000_g_2_f_0.3_eps_0.01_s_300,GA-QL-T,4,51020037.0,3.804888986000151,19700,True,1,0.005183999999999999
n_400_c_100000000_g_2_f_0.3_eps_0.01_s_300,GA-QL-T,5,51020037.0,4.916121381000266,19700,True,42,0.005448
n_400_c_100000000_g_2_f_0.3_eps_0.01_s_300,GA-QL-T,6,51020037.0,4.458344258000579,19700,True,1,0.005182
n_400_c_100000000_g_2_f_0.3_eps_0.01_s_300,GA-QL-T,7,51020037.0,4.707586521999474,19700,True,1,0.004916
n_400_c_100000000_g_2_f_0.3_eps_0.01_s_300,GA-QL-T,8,51020037.0,4.856567626000469,19700,True,1,0.004636
n_400_c_100000000_g_2_f_0.3_eps_0.01_s_300,GA-QL-T,9,51020037.0,5.177759656999115,19700,True,3,0.005958
n_400_c_100000000_g_2_f_0.3_eps_0.01_s_300,GA-RAND,0,51020037.0,2.82886282400068,19700,True,15,0.006095999999999999
n_400_c_100000000_g_2_f_0.3_eps_0.01_s_300,GA-RAND,1,51020036.0,5.2463082049980585,19700,True,1,0.00019800000000000012
n_400_c_100000000_g_2_f_0.3_eps_0.01_s_300,GA-RAND,2,51020037.0,4.653116615001636,19700,True,1,0.005048
n_400_c_100000000_g_2_f_0.3_eps_0.01_s_300,GA-RAND,3,51020036.0,5.255945106000581,19700,True,1,0.0003940000000000002
n_400_c_100000000_g_2_f_0.3_eps_0.01_s_300,GA-RAND,4,51020036.0,5.148757275997923,19700,True,1,0.0
n_400_c_100000000_g_2_f_0.3_eps_0.01_s_300,GA-RAND,5,51020037.0,5.248396580998815,19700,True,162,0.0035700000000000003
n_400_c_100000000_g_2_f_0.3_eps_0.01_s_300,GA-RAND,6,51020037.0,5.230871302999731,19700,True,1,0.005710000000000001
n_400_c_100000000_g_2_f_0.3_eps_0.01_s_300,GA-RAND,7,51020037.0,4.971740651002619,19700,True,1,0.005058
n_400_c_100000000_g_2_f_0.3_eps_0.01_s_300,GA-RAND,8,51020036.0,5.292562620001263,19700,True,1,0.0
n_400_c_100000000_g_2_f_0.3_eps_0.01_s_300,GA-RAND,9,51020037.0,5.022480708998046,19700,True,74,0.0034159999999999998
n_400_c_100000000_g_2_f_0.3_eps_0.01_s_300,GA-UCB,0,51020037.0,5.0106358810007805,19700,True,24,0.005723999999999999
n_400_c_100000000_g_2_f_0.3_eps_0.01_s_300,GA-UCB,1,51020036.0,4.192580790997454,19700,True,1,0.00019800000000000012
n_400_c_100000000_g_2_f_0.3_eps_0.01_s_300,GA-UCB,2,51020037.0,3.465396357998543,19700,True,1,0.005324
n_400_c_100000000_g_2_f_0.3_eps_0.01_s_300,GA-UCB,3,51020036.0,5.27709470300033,19700,True,1,0.00019800000000000012
n_400_c_100000000_g_2_f_0.3_eps_0.01_s_300,GA-UCB,4,51020036.0,4.973906110000826,19700,True,1,0.0
n_400_c_100000000_g_2_f_0.3_eps_0.01_s_300,GA-UCB,5,51020036.0,5.618988893998903,19700,True,1,0.0
n_400_c_100000000_g_2_f_0.3_eps_0.01_s_300,GA-UCB,6,51020037.0,5.165112967999448,19700,True,1,0.005322
n_400_c_100000000_g_2_f_0.3_eps_0.01_s_300,GA-UCB,7,51020037.0,5.170470676999685,19700,True,1,0.005458000000000001
n_400_c_100000000_g_2_f_0.3_eps_0.01_s_300,GA-UCB,8,51020037.0,5.686489694999182,19700,True,41,0.002414
n_400_c_100000000_g_2_f_0.3_eps_0.01_s_300,GA-UCB,9,51020037.0,5.025237503999961,19700,True,43,0.005058
n_400_c_1000000_g_10_f_0.3_eps_0.01_s_100,GA,0,1004065.0,4.301082341000438,19700,True,20,0.003465
n_400_c_1000000_g_10_f_0.3_eps_0.01_s_100,GA,1,1004126.0,4.171875288000592,19700,True,118,0.014850999999999998
n_400_c_1000000_g_10_f_0.3_eps_0.01_s_100,GA,2,1004140.0,4.379417353000463,19700,True,134,0.006668
n_400_c_1000000_g_10_f_0.3_eps_0.01_s_100,GA,3,1004129.0,4.023895997997897,19700,True,72,0.021637
n_400_c_1000000_g_10_f_0.3_eps_0.01_s_100,GA,4,1004121.0,4.242934062000131,19700,True,122,0.008612000000000002
n_400_c_1000000_g_10_f_0.3_eps_0.01_s_100,GA,5,1004129.0,4.164954031999514,19700,True,8,0.009608
n_400_c_1000000_g_10_f_0.3_eps_0.01_s_100,GA,6,1004065.0,4.23719797800004,19700,True,9,0.039701
n_400_c_1000000_g_10_f_0.3_eps_0.01_s_100,GA,7,1004116.0,2.3729534209996928,19700,True,11,0.021053
n_400_c_1000000_g_10_f_0.3_eps_0.01_s_100,GA,8,1004020.0,3.711355254999944,19700,True,6,0.094046
n_400_c_1000000_g_10_f_0.3_eps_0.01_s_100,GA,9,1004136.0,4.03560924300109,19700,True,88,0.005346000000000001
n_400_c_1000000_g_10_f_0.3_eps_0.01_s_100,GA-FIX-UX+BF3,0,1004130.0,5.6878899240000464,19700,True,26,0.038530999999999996
n_400_c_1000000_g_10_f_0.3_eps_0.01_s_100,GA-FIX-UX+BF3,1,1004099.0,6.492813755001407,19700,True,26,0.05969500000000001
n_400_c_1000000_g_10_f_0.3_eps_0.01_s_100,GA-FIX-UX+BF3,2,1004130.0,5.959682595999766,19700,True,177,0.030256999999999996
n_400_c_1000000_g_10_f_0.3_eps_0.01_s_100,GA-FIX-UX+BF3,3,1004130.0,5.979876483001135,19700,True,21,0.019464
n_400_c_1000000_g_10_f_0.3_eps_0.01_s_100,GA-FIX-UX+BF3,4,1004127.0,6.1796206520011765,19700,True,114,0.061503
n_400_c_1000000_g_10_f_0.3_eps_0.01_s_100,GA-FIX-UX+BF3,5,1004099.0,6.433197936999932,19700,True,22,0.049620000000000004
n_400_c_1000000_g_10_f_0.3_eps_0.01_s_100,GA-FIX-UX+BF3,6,1004128.0,6.109186731999216,19700,True,83,0.049958
n_400_c_1000000_g_10_f_0.3_eps_0.01_s_100,GA-FIX-UX+BF3,7,1004123.0,5.943048985998757,19700,True,7,0.024386
n_400_c_1000000_g_10_f_0.3_eps_0.01_s_100,GA-FIX-UX+BF3,8,1004136.0,5.717484003002028,19700,True,15,0.010872999999999999
n_400_c_1000000_g_10_f_0.3_eps_0.01_s_100,GA-FIX-UX+BF3,9,1004136.0,5.627943520001281,19700,True,74,0.03215900000000001
n_400_c_1000000_g_10_f_0.3_eps_0.01_s_100,GA-QL,0,1004140.0,4.765265021000232,19700,True,26,0.012450000000000001
n_400_c_1000000_g_10_f_0.3_eps_0.01_s_100,GA-QL,1,1004099.0,4.702008221000142,19700,True,104,0.032925
n_400_c_1000000_g_10_f_0.3_eps_0.01_s_100,GA-QL,2,1004099.0,2.5460975959977077,19700,True,176,0.07674299999999999
n_400_c_1000000_g_10_f_0.3_eps_0.01_s_100,GA-QL,3,1004121.0,4.616986438999447,19700,True,61,0.020880000000000006
n_400_c_1000000_g_10_f_0.3_eps_0.01_s_100,GA-QL,4,1004099.0,4.32497100099863,19700,True,26,0.06716399999999999
n_400_c_1000000_g_10_f_0.3_eps_0.01_s_100,GA-QL,5,1004068.0,3.334398537997913,19700,True,79,0.065574
n_400_c_1000000_g_10_f_0.3_eps_0.01_s_100,GA-QL,6,1004136.0,4.4162916079985735,19700,True,129,0.027078
n_400_c_1000000_g_10_f_0.3_eps_0.01_s_100,GA-QL,7,1004099.0,4.664013150999381,19700,True,178,0.049065
n_400_c_1000000_g_10_f_0.3_eps_0.01_s_100,GA-QL,8,1004130.0,3.651407465000375,19700,True,134,0.02573
n_400_c_1000000_g_10_f_0.3_eps_0.01_s_100,GA-QL,9,1004112.0,4.81181271099922,19700,True,7,0.056587
n_400_c_1000000_g_10_f_0.3_eps_0.01_s_100,GA-QL-T,0,1004136.0,3.761501278000651,19700,True,36,0.056282000000000006
n_400_c_1000000_g_10_f_0.3_eps_0.01_s_100,GA-QL-T,1,1004099.0,4.748355486000946,19700,True,167,0.072951
n_400_c_1000000_g_10_f_0.3_eps_0.01_s_100,GA-QL-T,2,1004094.0,3.432164590998582,19700,True,200,0.065185
n_400_c_1000000_g_10_f_0.3_eps_0.01_s_100,GA-QL-T,3,1004129.0,4.869912024001678,19700,True,22,0.04012400000000001
n_400_c_1000000_g_10_f_0.3_eps_0.01_s_100,GA-QL-T,4,1004136.0,4.180427324998163,19700,True,19,0.068623
n_400_c_1000000_g_10_f_0.3_eps_0.01_s_100,GA-QL-T,5,1004136.0,5.150027134000993,19700,True,16,0.047006000000000006
n_400_c_1000000_g_10_f_0.3_eps_0.01_s_100,GA-QL-T,6,1004126.0,5.436903863002954,19700,True,128,0.06632700000000001
n_400_c_1000000_g_10_f_0.3_eps_0.01_s_100,GA-QL-T,7,1004140.0,5.455518041999312,19700,True,24,0.05691500000000001
n_400_c_1000000_g_10_f_0.3_eps_0.01_s_100,GA-QL-T,8,1004128.0,4.940146033997735,19700,True,68,0.039513000000000006
n_400_c_1000000_g_10_f_0.3_eps_0.01_s_100,GA-QL-T,9,1004129.0,5.449082199000259,19700,True,133,0.065743
n_400_c_1000000_g_10_f_0.3_eps_0.01_s_100,GA-RAND,0,1004140.0,4.704017505999218,19700,True,16,0.039299
n_400_c_1000000_g_10_f_0.3_eps_0.01_s_100,GA-RAND,1,1004094.0,4.047638587999245,19700,True,198,0.074892
n_400_c_1000000_g_10_f_0.3_eps_0.01_s_100,GA-RAND,2,1004099.0,4.313722165999934,19700,True,66,0.057083
n_400_c_1000000_g_10_f_0.3_eps_0.01_s_100,GA-RAND,3,1004101.0,4.783457846999227,19700,True,39,0.04926200000000001
n_400_c_1000000_g_10_f_0.3_eps_0.01_s_100,GA-RAND,4,1004136.0,4.711738940997748,19700,True,26,0.0002970000000000001
n_400_c_1000000_g_10_f_0.3_eps_0.01_s_100,GA-RAND,5,1004136.0,3.506857445998321,19700,True,19,0.06527999999999999
n_400_c_1000000_g_10_f_0.3_eps_0.01_s_100,GA-RAND,6,1004112.0,4.329085468998528,19700,True,23,0.06624700000000001
n_400_c_1000000_g_10_f_0.3_eps_0.01_s_100,GA-RAND,7,1004068.0,3.5146709559994633,19700,True,131,0.05861700000000001
n_400_c_1000000_g_10_f_0.3_eps_0.01_s_100,GA-RAND,8,1004136.0,4.654318012999283,19700,True,59,0.0
n_400_c_1000000_g_10_f_0.3_eps_0.01_s_100,GA-RAND,9,1004129.0,4.7339345019972825,19700,True,38,0.04458
n_400_c_1000000_g_10_f_0.3_eps_0.01_s_100,GA-UCB,0,1004139.0,3.256006403000356,19700,True,10,0.039221
n_400_c_1000000_g_10_f_0.3_eps_0.01_s_100,GA-UCB,1,1004136.0,3.845289296001283,19700,True,39,0.031744
n_400_c_1000000_g_10_f_0.3_eps_0.01_s_100,GA-UCB,2,1004129.0,4.632558008997876,19700,True,46,0.026854000000000003
n_400_c_1000000_g_10_f_0.3_eps_0.01_s_100,GA-UCB,3,1004136.0,4.711246249000396,19700,True,58,0.018938999999999998
n_400_c_1000000_g_10_f_0.3_eps_0.01_s_100,GA-UCB,4,1004136.0,4.580299023000407,19700,True,72,0.011985
n_400_c_1000000_g_10_f_0.3_eps_0.01_s_100,GA-UCB,5,1004130.0,4.520473859000049,19700,True,155,0.050377
n_400_c_1000000_g_10_f_0.3_eps_0.01_s_100,GA-UCB,6,1004066.0,2.914585998001712,19700,True,45,0.068129
n_400_c_1000000_g_10_f_0.3_eps_0.01_s_100,GA-UCB,7,1004099.0,4.693920408000849,19700,True,81,0.026553999999999998
n_400_c_1000000_g_10_f_0.3_eps_0.01_s_100,GA-UCB,8,1004066.0,4.621739676997095,19700,True,99,0.08724200000000001
n_400_c_1000000_g_10_f_0.3_eps_0.01_s_100,GA-UCB,9,1004130.0,4.609490205999464,19700,True,198,0.008827000000000003
n_400_c_1000000_g_10_f_0.3_eps_0.01_s_300,GA,0,1012727.0,4.289279180000449,19700,True,11,0.009822000000000001
n_400_c_1000000_g_10_f_0.3_eps_0.01_s_300,GA,1,1012771.0,4.301590089999081,19700,True,6,0.0
n_400_c_1000000_g_10_f_0.3_eps_0.01_s_300,GA,2,1012780.0,4.072793028997694,19700,True,11,0.011108
n_400_c_1000000_g_10_f_0.3_eps_0.01_s_300,GA,3,1012748.0,4.01488338299896,19700,True,185,0.027944
n_400_c_1000000_g_10_f_0.3_eps_0.01_s_300,GA,4,1012771.0,3.7111296740004036,19700,True,68,0.011907999999999998
n_400_c_1000000_g_10_f_0.3_eps_0.01_s_300,GA,5,1012776.0,4.132207056998595,19700,True,17,0.021203000000000003
n_400_c_1000000_g_10_f_0.3_eps_0.01_s_300,GA,6,1012742.0,4.190567088997341,19700,True,7,0.010792
n_400_c_1000000_g_10_f_0.3_eps_0.01_s_300,GA,7,1012795.0,4.066460687001381,19700,True,5,0.015137000000000001
n_400_c_1000000_g_10_f_0.3_eps_0.01_s_300,GA,8,1012780.0,4.0870723580010235,19700,True,16,0.008338
n_400_c_1000000_g_10_f_0.3_eps_0.01_s_300,GA,9,1012771.0,3.963995508998778,19700,True,7,0.0028710000000000003
n_400_c_1000000_g_10_f_0.3_eps_0.01_s_300,GA-FIX-UX+BF3,0,1012800.0,5.073328762999154,19700,True,152,0.037355000000000006
n_400_c_1000000_g_10_f_0.3_eps_0.01_s_300,GA-FIX-UX+BF3,1,1012777.0,3.8018819609969796,19700,True,36,0.023345
n_400_c_1000000_g_10_f_0.3_eps_0.01_s_300,GA-FIX-UX+BF3,2,1012811.0,4.897299486998236,19700,True,4,0.028816
n_400_c_1000000_g_10_f_0.3_eps_0.01_s_300,GA-FIX-UX+BF3,3,1012780.0,5.069940974997735,19700,True,5,0.033511
n_400_c_1000000_g_10_f_0.3_eps_0.01_s_300,GA-FIX-UX+BF3,4,1012771.0,4.986798460999125,19700,True,2,0.022910000000000003
n_400_c_1000000_g_10_f_0.3_eps_0.01_s_300,GA-FIX-UX+BF3,5,1012777.0,4.622907238001062,19700,True,77,0.022802000000000006
n_400_c_1000000_g_10_f_0.3_eps_0.01_s_300,GA-FIX-UX+BF3,6,1012811.0,3.149812050000037,19700,True,10,0.039604999999999994
n_400_c_1000000_g_10_f_0.3_eps_0.01_s_300,GA-FIX-UX+BF3,7,1012797.0,5.079828167999949,19700,True,3,0.053465
n_400_c_1000000_g_10_f_0.3_eps_0.01_s_300,GA-FIX-UX+BF3,8,1012797.0,5.040832278999005,19700,True,81,0.027189
n_400_c_1000000_g_10_f_0.3_eps_0.01_s_300,GA-FIX-UX+BF3,9,1012797.0,5.004573223999614,19700,True,3,0.033460000000000004
n_400_c_1000000_g_10_f_0.3_eps_0.01_s_300,GA-QL,0,1012814.0,4.211408157003461,19700,True,32,0.028986000000000005
n_400_c_1000000_g_10_f_0.3_eps_0.01_s_300,GA-QL,1,1012800.0,2.4273853420017986,19700,True,121,0.07272200000000001
n_400_c_1000000_g_10_f_0.3_eps_0.01_s_300,GA-QL,2,1012780.0,4.678750732000481,19700,True,2,0.012832
n_400_c_1000000_g_10_f_0.3_eps_0.01_s_300,GA-QL,3,1012780.0,3.8102446109987795,19700,True,6,0.03558700000000001
n_400_c_1000000_g_10_f_0.3_eps_0.01_s_300,GA-QL,4,1012780.0,4.155773195998336,19700,True,11,0.0030690000000000005
n_400_c_1000000_g_10_f_0.3_eps_0.01_s_300,GA-QL,5,1012780.0,4.537328728998546,19700,True,11,0.011601000000000002
n_400_c_1000000_g_10_f_0.3_eps_0.01_s_300,GA-QL,6,1012797.0,4.49481575900063,19700,True,5,0.009721999999999998
n_400_c_1000000_g_10_f_0.3_eps_0.01_s_300,GA-QL,7,1012771.0,4.2008365809997485,19700,True,6,0.060288
n_400_c_1000000_g_10_f_0.3_eps_0.01_s_300,GA-QL,8,1012780.0,3.1775328730000183,19700,True,7,0.018945
n_400_c_1000000_g_10_f_0.3_eps_0.01_s_300,GA-QL,9,1012771.0,4.1234573449983145,19700,True,8,0.041503000000000005
n_400_c_1000000_g_10_f_0.3_eps_0.01_s_300,GA-QL-T,0,1012780.0,4.205447462001757,19700,True,7,0.022979000000000003
n_400_c_1000000_g_10_f_0.3_eps_0.01_s_300,GA-QL-T,1,1012798.0,4.515377035997517,19700,True,18,0.039214000000000006
n_400_c_1000000_g_10_f_0.3_eps_0.01_s_300,GA-QL-T,2,1012771.0,4.786402780999197,19700,True,13,0.050530000000000005
n_400_c_1000000_g_10_f_0.3_eps_0.01_s_300,GA-QL-T,3,1012777.0,4.501230877998751,19700,True,37,0.05260800000000001
n_400_c_1000000_g_10_f_0.3_eps_0.01_s_300,GA-QL-T,4,1012764.0,4.638791086999845,19700,True,3,0.055461
n_400_c_1000000_g_10_f_0.3_eps_0.01_s_300,GA-QL-T,5,1012797.0,3.9678659300006984,19700,True,7,0.061455
n_400_c_1000000_g_10_f_0.3_eps_0.01_s_300,GA-QL-T,6,1012797.0,3.4038535060026334,19700,True,68,0.035267
n_400_c_1000000_g_10_f_0.3_eps_0.01_s_300,GA-QL-T,7,1012780.0,4.381656606001343,19700,True,16,0.050368
n_400_c_1000000_g_10_f_0.3_eps_0.01_s_300,GA-QL-T,8,1012814.0,2.8816550000010466,19700,True,4,0.05631699999999999
n_400_c_1000000_g_10_f_0.3_eps_0.01_s_300,GA-QL-T,9,1012771.0,4.758569470999646,19700,True,25,0.06568700000000001
n_400_c_1000000_g_10_f_0.3_eps_0.01_s_300,GA-RAND,0,1012764.0,4.546645218000776,19700,True,2,0.039847
n_400_c_1000000_g_10_f_0.3_eps_0.01_s_300,GA-RAND,1,1012777.0,2.4028014770010486,19700,True,67,0.036442999999999996
n_400_c_1000000_g_10_f_0.3_eps_0.01_s_300,GA-RAND,2,1012777.0,4.512987688998692,19700,True,134,0.023746999999999997
n_400_c_1000000_g_10_f_0.3_eps_0.01_s_300,GA-RAND,3,1012771.0,3.191554854998685,19700,True,3,0.026773
n_400_c_1000000_g_10_f_0.3_eps_0.01_s_300,GA-RAND,4,1012777.0,4.399144119000994,19700,True,20,0.006759000000000002
n_400_c_1000000_g_10_f_0.3_eps_0.01_s_300,GA-RAND,5,1012727.0,3.2999032359984994,19700,True,18,0.06479900000000001
n_400_c_1000000_g_10_f_0.3_eps_0.01_s_300,GA-RAND,6,1012771.0,4.509423485000298,19700,True,3,0.023383999999999995
n_400_c_1000000_g_10_f_0.3_eps_0.01_s_300,GA-RAND,7,1012725.0,4.619209651998972,19700,True,111,0.029613
n_400_c_1000000_g_10_f_0.3_eps_0.01_s_300,GA-RAND,8,1012798.0,4.493946233000315,19700,True,28,0.01698
n_400_c_1000000_g_10_f_0.3_eps_0.01_s_300,GA-RAND,9,1012777.0,2.416888658000971,19700,True,27,0.046654999999999995
n_400_c_1000000_g_10_f_0.3_eps_0.01_s_300,GA-UCB,0,1012771.0,4.307623421002063,19700,True,6,0.016723999999999996
n_400_c_1000000_g_10_f_0.3_eps_0.01_s_300,GA-UCB,1,1012771.0,4.5473620820012,19700,True,12,0.031996000000000004
n_400_c_1000000_g_10_f_0.3_eps_0.01_s_300,GA-UCB,2,1012780.0,3.950327203001507,19700,True,5,0.038792
n_400_c_1000000_g_10_f_0.3_eps_0.01_s_300,GA-UCB,3,1012777.0,4.527347332001227,19700,True,121,0.052254000000000016
n_400_c_1000000_g_10_f_0.3_eps_0.01_s_300,GA-UCB,4,1012771.0,3.9642971140019654,19700,True,6,0.012771000000000001
n_400_c_1000000_g_10_f_0.3_eps_0.01_s_300,GA-UCB,5,1012771.0,2.925035492000461,19700,True,8,0.03728
n_400_c_1000000_g_10_f_0.3_eps_0.01_s_300,GA-UCB,6,1012771.0,4.445775348001916,19700,True,4,0.03627500000000001
n_400_c_1000000_g_10_f_0.3_eps_0.01_s_300,GA-UCB,7,1012811.0,4.467876740000065,19700,True,98,0.009193
n_400_c_1000000_g_10_f_0.3_eps_0.01_s_300,GA-UCB,8,1012776.0,4.550293484997383,19700,True,47,0.050478
n_400_c_1000000_g_10_f_0.3_eps_0.01_s_300,GA-UCB,9,1012803.0,4.619596813001408,19700,True,13,0.006664
n_400_c_1000000_g_2_f_0.3_eps_0.01_s_100,GA,0,516433.0,4.580232330998115,19700,True,1,0.002758
n_400_c_1000000_g_2_f_0.3_eps_0.01_s_100,GA,1,516433.0,3.043667784000718,19700,True,1,0.002068
n_400_c_1000000_g_2_f_0.3_eps_0.01_s_100,GA,2,516433.0,4.642653234001045,19700,True,1,0.0013419999999999999
n_400_c_1000000_g_2_f_0.3_eps_0.01_s_100,GA,3,516430.0,3.4131560569985595,19700,True,1,0.0
n_400_c_1000000_g_2_f_0.3_eps_0.01_s_100,GA,4,516433.0,4.189059285999974,19700,True,1,0.0024140000000000003
n_400_c_1000000_g_2_f_0.3_eps_0.01_s_100,GA,5,516433.0,4.73785166000016,19700,True,1,0.002418
n_400_c_1000000_g_2_f_0.3_eps_0.01_s_100,GA,6,516433.0,4.649014377999265,19700,True,3,0.002068
n_400_c_1000000_g_2_f_0.3_eps_0.01_s_100,GA,7,516433.0,3.2567237419971207,19700,True,1,0.002066
n_400_c_1000000_g_2_f_0.3_eps_0.01_s_100,GA,8,516433.0,4.657117971000844,19700,True,1,0.0011580000000000006
n_400_c_1000000_g_2_f_0.3_eps_0.01_s_100,GA,9,516433.0,3.996177731998614,19700,True,1,0.002238
n_400_c_1000000_g_2_f_0.3_eps_0.01_s_100,GA-FIX-UX+BF3,0,516433.0,5.404722422001214,19700,True,1,0.005712
n_400_c_1000000_g_2_f_0.3_eps_0.01_s_100,GA-FIX-UX+BF3,1,516433.0,5.555678023996734,19700,True,1,0.0060940000000000005
n_400_c_1000000_g_2_f_0.3_eps_0.01_s_100,GA-FIX-UX+BF3,2,516433.0,5.364399393001804,19700,True,1,0.005978000000000001
n_400_c_1000000_g_2_f_0.3_eps_0.01_s_100,GA-FIX-UX+BF3,3,516433.0,3.2290941040009784,19700,True,2,0.005584
n_400_c_1000000_g_2_f_0.3_eps_0.01_s_100,GA-FIX-UX+BF3,4,516433.0,5.3558039809977345,19700,True,1,0.005329999999999999
n_400_c_1000000_g_2_f_0.3_eps_0.01_s_100,GA-FIX-UX+BF3,5,516433.0,3.823662962000526,19700,True,1,0.005183999999999999
n_400_c_1000000_g_2_f_0.3_eps_0.01_s_100,GA-FIX-UX+BF3,6,516433.0,5.614029066997318,19700,True,3,0.006214000000000001
n_400_c_1000000_g_2_f_0.3_eps_0.01_s_100,GA-FIX-UX+BF3,7,516433.0,5.260580181002297,19700,True,1,0.006652
n_400_c_1000000_g_2_f_0.3_eps_0.01_s_100,GA-FIX-UX+BF3,8,516433.0,5.457729587000358,19700,True,1,0.005462
n_400_c_1000000_g_2_f_0.3_eps_0.01_s_100,GA-FIX-UX+BF3,9,516433.0,5.484985601000517,19700,True,1,0.00597
n_400_c_1000000_g_2_f_0.3_eps_0.01_s_100,GA-QL,0,516433.0,4.992839173999528,19700,True,1,0.0047799999999999995
n_400_c_1000000_g_2_f_0.3_eps_0.01_s_100,GA-QL,1,516433.0,5.172737562999828,19700,True,1,0.0034059999999999997
n_400_c_1000000_g_2_f_0.3_eps_0.01_s_100,GA-QL,2,516433.0,5.012599297999259,19700,True,1,0.001708
n_400_c_1000000_g_2_f_0.3_eps_0.01_s_100,GA-QL,3,516433.0,4.950651504001144,19700,True,3,0.004298
n_400_c_1000000_g_2_f_0.3_eps_0.01_s_100,GA-QL,4,516433.0,2.6213344499992672,19700,True,1,0.002416
n_400_c_1000000_g_2_f_0.3_eps_0.01_s_100,GA-QL,5,516433.0,4.960238291998394,19700,True,1,0.0038899999999999994
n_400_c_1000000_g_2_f_0.3_eps_0.01_s_100,GA-QL,6,516433.0,4.983247870000923,19700,True,1,0.0025880000000000005
n_400_c_1000000_g_2_f_0.3_eps_0.01_s_100,GA-QL,7,516433.0,5.0254401069978485,19700,True,1,0.004626
n_400_c_1000000_g_2_f_0.3_eps_0.01_s_100,GA-QL,8,516433.0,3.8359665040006803,19700,True,1,0.002758
n_400_c_1000000_g_2_f_0.3_eps_0.01_s_100,GA-QL,9,516433.0,3.759435047999432,19700,True,1,0.002922
n_400_c_1000000_g_2_f_0.3_eps_0.01_s_100,GA-QL-T,0,516433.0,5.077294181002799,19700,True,1,0.0035679999999999996
n_400_c_1000000_g_2_f_0.3_eps_0.01_s_100,GA-QL-T,1,516433.0,5.151716078999016,19700,True,1,0.0059640000000000006
n_400_c_1000000_g_2_f_0.3_eps_0.01_s_100,GA-QL-T,2,516433.0,5.07103329399979,19700,True,1,0.005324
n_400_c_1000000_g_2_f_0.3_eps_0.01_s_100,GA-QL-T,3,516433.0,3.0910404969981755,19700,True,2,0.005314
n_400_c_1000000_g_2_f_0.3_eps_0.01_s_100,GA-QL-T,4,516433.0,5.161560254000506,19700,True,1,0.005717999999999998
n_400_c_1000000_g_2_f_0.3_eps_0.01_s_100,GA-QL-T,5,516433.0,4.7834151450006175,19700,True,1,0.006092000000000001
n_400_c_1000000_g_2_f_0.3_eps_0.01_s_100,GA-QL-T,6,516433.0,5.139284654000221,19700,True,1,0.005596
n_400_c_1000000_g_2_f_0.3_eps_0.01_s_100,GA-QL-T,7,516433.0,4.630371194998588,19700,True,1,0.005192
n_400_c_1000000_g_2_f_0.3_eps_0.01_s_100,GA-QL-T,8,516433.0,3.24722211399785,19700,True,1,0.005706
n_400_c_1000000_g_2_f_0.3_eps_0.01_s_100,GA-QL-T,9,516433.0,5.290150326000003,19700,True,1,0.0055780000000000005
n_400_c_1000000_g_2_f_0.3_eps_0.01_s_100,GA-RAND,0,516433.0,5.07623896899895,19700,True,1,0.00505
n_400_c_1000000_g_2_f_0.3_eps_0.01_s_100,GA-RAND,1,516433.0,4.966834047998418,19700,True,1,0.00292
n_400_c_1000000_g_2_f_0.3_eps_0.01_s_100,GA-RAND,2,516433.0,4.258250720999058,19700,True,1,0.0053300000000000005
n_400_c_1000000_g_2_f_0.3_eps_0.01_s_100,GA-RAND,3,516433.0,5.255057714999566,19700,True,2,0.003882
n_400_c_1000000_g_2_f_0.3_eps_0.01_s_100,GA-RAND,4,516433.0,3.03912142199988,19700,True,1,0.0037119999999999996
n_400_c_1000000_g_2_f_0.3_eps_0.01_s_100,GA-RAND,5,516433.0,4.927603045998694,19700,True,1,0.00449
n_400_c_1000000_g_2_f_0.3_eps_0.01_s_100,GA-RAND,6,516433.0,4.722825321001437,19700,True,66,0.006086
n_400_c_1000000_g_2_f_0.3_eps_0.01_s_100,GA-RAND,7,516433.0,5.041925317000278,19700,True,1,0.00506
n_400_c_1000000_g_2_f_0.3_eps_0.01_s_100,GA-RAND,8,516433.0,2.8791852579997794,19700,True,1,0.0015279999999999996
n_400_c_1000000_g_2_f_0.3_eps_0.01_s_100,GA-RAND,9,516433.0,5.023928447000799,19700,True,1,0.0032460000000000006
n_400_c_1000000_g_2_f_0.3_eps_0.01_s_100,GA-UCB,0,516433.0,4.841577055998641,19700,True,1,0.005596
n_400_c_1000000_g_2_f_0.3_eps_0.01_s_100,GA-UCB,1,516433.0,4.937276131000544,19700,True,1,0.005600000000000001
n_400_c_1000000_g_2_f_0.3_eps_0.01_s_100,GA-UCB,2,516433.0,4.056341542000155,19700,True,1,0.00571
n_400_c_1000000_g_2_f_0.3_eps_0.01_s_100,GA-UCB,3,516433.0,4.951873867998074,19700,True,63,0.002068
n_400_c_1000000_g_2_f_0.3_eps_0.01_s_100,GA-UCB,4,516433.0,4.152611699999397,19700,True,1,0.00492
n_400_c_1000000_g_2_f_0.3_eps_0.01_s_100,GA-UCB,5,516433.0,5.101985263001552,19700,True,1,0.00597
n_400_c_1000000_g_2_f_0.3_eps_0.01_s_100,GA-UCB,6,516433.0,4.933275887000491,19700,True,45,0.005056000000000001
n_400_c_1000000_g_2_f_0.3_eps_0.01_s_100,GA-UCB,7,516433.0,4.284580322000693,19700,True,1,0.005324
n_400_c_1000000_g_2_f_0.3_eps_0.01_s_100,GA-UCB,8,516433.0,2.6820009609982662,19700,True,1,0.005448
n_400_c_1000000_g_2_f_0.3_eps_0.01_s_100,GA-UCB,9,516433.0,4.993998616999306,19700,True,1,0.00491
n_400_c_1000000_g_2_f_0.3_eps_0.01_s_300,GA,0,527210.0,4.627725553000346,19700,True,1,0.0030900000000000007
n_400_c_1000000_g_2_f_0.3_eps_0.01_s_300,GA,1,527209.0,2.583965800000442,19700,True,1,0.002416
n_400_c_1000000_g_2_f_0.3_eps_0.01_s_300,GA,2,527210.0,4.679953808001301,19700,True,1,0.0037319999999999996
n_400_c_1000000_g_2_f_0.3_eps_0.01_s_300,GA,3,527210.0,2.4677070930010814,19700,True,1,0.004198
n_400_c_1000000_g_2_f_0.3_eps_0.01_s_300,GA,4,527206.0,4.885093067001435,19700,True,1,0.0007740000000000004
n_400_c_1000000_g_2_f_0.3_eps_0.01_s_300,GA,5,527210.0,4.685811752002337,19700,True,1,0.00373
n_400_c_1000000_g_2_f_0.3_eps_0.01_s_300,GA,6,527206.0,4.862426725001569,19700,True,1,0.00019800000000000012
n_400_c_1000000_g_2_f_0.3_eps_0.01_s_300,GA,7,527210.0,3.895081601000129,19700,True,1,0.004342
n_400_c_1000000_g_2_f_0.3_eps_0.01_s_300,GA,8,527210.0,4.688466979001532,19700,True,1,0.0029259999999999998
n_400_c_1000000_g_2_f_0.3_eps_0.01_s_300,GA,9,527210.0,2.7920957379974425,19700,True,1,0.00373
n_400_c_1000000_g_2_f_0.3_eps_0.01_s_300,GA-FIX-UX+BF3,0,527210.0,4.038624656001048,19700,True,1,0.008483999999999998
n_400_c_1000000_g_2_f_0.3_eps_0.01_s_300,GA-FIX-UX+BF3,1,527210.0,5.400529441998515,19700,True,19,0.008150000000000001
n_400_c_1000000_g_2_f_0.3_eps_0.01_s_300,GA-FIX-UX+BF3,2,527210.0,5.1452570499968715,19700,True,1,0.007964
n_400_c_1000000_g_2_f_0.3_eps_0.01_s_300,GA-FIX-UX+BF3,3,527210.0,5.544593153001188,19700,True,1,0.008792
n_400_c_1000000_g_2_f_0.3_eps_0.01_s_300,GA-FIX-UX+BF3,4,527210.0,5.617606771000283,19700,True,1,0.008244
n_400_c_1000000_g_2_f_0.3_eps_0.01_s_300,GA-FIX-UX+BF3,5,527210.0,3.591983967999113,19700,True,1,0.008206
n_400_c_1000000_g_2_f_0.3_eps_0.01_s_300,GA-FIX-UX+BF3,6,527210.0,5.461118511000677,19700,True,3,0.008656
n_400_c_1000000_g_2_f_0.3_eps_0.01_s_300,GA-FIX-UX+BF3,7,527210.0,5.529827897000359,19700,True,1,0.00901
n_400_c_1000000_g_2_f_0.3_eps_0.01_s_300,GA-FIX-UX+BF3,8,527210.0,3.1637107450005715,19700,True,1,0.008850000000000002
n_400_c_1000000_g_2_f_0.3_eps_0.01_s_300,GA-FIX-UX+BF3,9,527210.0,5.657734144999267,19700,True,1,0.007944
n_400_c_1000000_g_2_f_0.3_eps_0.01_s_300,GA-QL,0,527210.0,4.92037320199961,19700,True,1,0.005468
n_400_c_1000000_g_2_f_0.3_eps_0.01_s_300,GA-QL,1,527210.0,3.986080366998067,19700,True,6,0.007314
n_400_c_1000000_g_2_f_0.3_eps_0.01_s_300,GA-QL,2,527210.0,5.141594458000327,19700,True,1,0.004344
n_400_c_1000000_g_2_f_0.3_eps_0.01_s_300,GA-QL,3,527210.0,5.078178658000979,19700,True,1,0.005730000000000001
n_400_c_1000000_g_2_f_0.3_eps_0.01_s_300,GA-QL,4,527210.0,3.7654319319990464,19700,True,1,0.0051660000000000005
n_400_c_1000000_g_2_f_0.3_eps_0.01_s_300,GA-QL,5,527210.0,5.029024945997662,19700,True,1,0.004921999999999999
n_400_c_1000000_g_2_f_0.3_eps_0.01_s_300,GA-QL,6,527206.0,5.1473135909982375,19700,True,1,0.0003940000000000002
n_400_c_1000000_g_2_f_0.3_eps_0.01_s_300,GA-QL,7,527210.0,5.049560722000024,19700,True,1,0.007854
n_400_c_1000000_g_2_f_0.3_eps_0.01_s_300,GA-QL,8,527210.0,2.6915794889973768,19700,True,1,0.006104000000000001
n_400_c_1000000_g_2_f_0.3_eps_0.01_s_300,GA-QL,9,527210.0,4.40997182999854,19700,True,1,0.005327999999999999
n_400_c_1000000_g_2_f_0.3_eps_0.01_s_300,GA-QL-T,0,527210.0,5.224434032999852,19700,True,1,0.0047740000000000005
n_400_c_1000000_g_2_f_0.3_eps_0.01_s_300,GA-QL-T,1,527209.0,5.278393530999892,19700,True,1,0.004916
n_400_c_1000000_g_2_f_0.3_eps_0.01_s_300,GA-QL-T,2,527210.0,3.3518622320007125,19700,True,1,0.00767
n_400_c_1000000_g_2_f_0.3_eps_0.01_s_300,GA-QL-T,3,527210.0,5.211418605998915,19700,True,1,0.008661999999999998
n_400_c_1000000_g_2_f_0.3_eps_0.01_s_300,GA-QL-T,4,527209.0,5.242620531000284,19700,True,4,0.0054659999999999995
n_400_c_1000000_g_2_f_0.3_eps_0.01_s_300,GA-QL-T,5,527210.0,5.2380787010006316,19700,True,1,0.00884
n_400_c_1000000_g_2_f_0.3_eps_0.01_s_300,GA-QL-T,6,527210.0,5.214686477000214,19700,True,1,0.009012
n_400_c_1000000_g_2_f_0.3_eps_0.01_s_300,GA-QL-T,7,527210.0,2.9448416359991825,19700,True,1,0.007946000000000002
n_400_c_1000000_g_2_f_0.3_eps_0.01_s_300,GA-QL-T,8,527210.0,4.725476439998602,19700,True,1,0.008092
n_400_c_1000000_g_2_f_0.3_eps_0.01_s_300,GA-QL-T,9,527210.0,5.201202494001336,19700,True,1,0.00841
n_400_c_1000000_g_2_f_0.3_eps_0.01_s_300,GA-RAND,0,527210.0,5.102405640001962,19700,True,1,0.00813
n_400_c_1000000_g_2_f_0.3_eps_0.01_s_300,GA-RAND,1,527210.0,5.189729865000118,19700,True,7,0.004782
n_400_c_1000000_g_2_f_0.3_eps_0.01_s_300,GA-RAND,2,527210.0,5.096957177000149,19700,True,1,0.006786000000000001
n_400_c_1000000_g_2_f_0.3_eps_0.01_s_300,GA-RAND,3,527210.0,4.988788904000103,19700,True,1,0.006449999999999999
n_400_c_1000000_g_2_f_0.3_eps_0.01_s_300,GA-RAND,4,527210.0,2.719688484998187,19700,True,3,0.006304
n_400_c_1000000_g_2_f_0.3_eps_0.01_s_300,GA-RAND,5,527210.0,5.011913056001504,19700,True,1,0.006222000000000001
n_400_c_1000000_g_2_f_0.3_eps_0.01_s_300,GA-RAND,6,527210.0,4.084595349002484,19700,True,123,0.007218000000000001
n_400_c_1000000_g_2_f_0.3_eps_0.01_s_300,GA-RAND,7,527210.0,5.056783378997352,19700,True,1,0.007514000000000001
n_400_c_1000000_g_2_f_0.3_eps_0.01_s_300,GA-RAND,8,527210.0,3.9528927889987244,19700,True,1,0.003884
n_400_c_1000000_g_2_f_0.3_eps_0.01_s_300,GA-RAND,9,527210.0,5.065429464000772,19700,True,1,0.006218000000000001
n_400_c_1000000_g_2_f_0.3_eps_0.01_s_300,GA-UCB,0,527210.0,5.021505584998522,19700,True,1,0.00711
n_400_c_1000000_g_2_f_0.3_eps_0.01_s_300,GA-UCB,1,527209.0,5.132260734997544,19700,True,1,0.004772
n_400_c_1000000_g_2_f_0.3_eps_0.01_s_300,GA-UCB,2,527210.0,2.719850009001675,19700,True,1,0.007689999999999999
n_400_c_1000000_g_2_f_0.3_eps_0.01_s_300,GA-UCB,3,527210.0,5.034664488997805,19700,True,1,0.007518
n_400_c_1000000_g_2_f_0.3_eps_0.01_s_300,GA-UCB,4,527210.0,5.118672541000706,19700,True,197,0.008393999999999999
n_400_c_1000000_g_2_f_0.3_eps_0.01_s_300,GA-UCB,5,527210.0,5.094694135997997,19700,True,1,0.007609999999999999
n_400_c_1000000_g_2_f_0.3_eps_0.01_s_300,GA-UCB,6,527209.0,4.359754440996767,19700,True,182,0.0025880000000000005
n_400_c_1000000_g_2_f_0.3_eps_0.01_s_300,GA-UCB,7,527210.0,2.94402093899771,19700,True,1,0.0063479999999999995
n_400_c_1000000_g_2_f_0.3_eps_0.01_s_300,GA-UCB,8,527210.0,5.0954597190029745,19700,True,1,0.0069
n_400_c_1000000_g_2_f_0.3_eps_0.01_s_300,GA-UCB,9,527210.0,4.937334665999515,19700,True,1,0.007416000000000002
