instance,method,seed,value,time,evaluations,feasible,gen_to_best,final_diversity
ASC_n1000_R1000_s0,GA,0,324931.0,5.378325526999106,19700,True,110,0.0013944000000000005
ASC_n1000_R1000_s0,GA,1,324919.0,5.589000608000788,19700,True,109,0.0016624000000000003
ASC_n1000_R1000_s0,GA,2,324919.0,5.6576736779970815,19700,True,43,0.0018280000000000006
ASC_n1000_R1000_s0,GA,3,324841.0,5.3548920120010735,19700,True,157,0.0012620000000000005
ASC_n1000_R1000_s0,GA,4,324614.0,5.3322533540012955,19700,True,59,0.0016284000000000006
ASC_n1000_R1000_s0,GA,5,324641.0,4.641884597000171,19700,True,112,0.0015416000000000004
ASC_n1000_R1000_s0,GA,6,324944.0,5.36048528199899,19700,True,124,0.0012852000000000007
ASC_n1000_R1000_s0,GA,7,325026.0,5.546102696000162,19700,True,69,0.0015320000000000004
ASC_n1000_R1000_s0,GA,8,324847.0,5.570618285000819,19700,True,65,0.001627200000000001
ASC_n1000_R1000_s0,GA,9,324742.0,5.092132623001817,19700,True,123,0.0013324000000000003
ASC_n1000_R1000_s0,GA-FIX-UX+BF3,0,325232.0,5.733222475999355,19700,True,171,0.0040116000000000014
ASC_n1000_R1000_s0,GA-FIX-UX+BF3,1,325240.0,6.279956670001411,19700,True,195,0.020840800000000007
ASC_n1000_R1000_s0,GA-FIX-UX+BF3,2,325231.0,5.757043039000564,19700,True,177,0.015513600000000004
ASC_n1000_R1000_s0,GA-FIX-UX+BF3,3,325235.0,5.722678484999051,19700,True,100,0.004971600000000002
ASC_n1000_R1000_s0,GA-FIX-UX+BF3,4,325237.0,6.411713989000418,19700,True,176,0.015311600000000003
ASC_n1000_R1000_s0,GA-FIX-UX+BF3,5,325244.0,5.142660587000137,19700,True,114,0.0036228000000000015
ASC_n1000_R1000_s0,GA-FIX-UX+BF3,6,325231.0,6.3546406679997745,19700,True,106,0.004486400000000003
ASC_n1000_R1000_s0,GA-FIX-UX+BF3,7,325233.0,6.101834876000794,19700,True,66,0.005488800000000002
ASC_n1000_R1000_s0,GA-FIX-UX+BF3,8,325234.0,6.995548680999491,19700,True,140,0.005290800000000003
ASC_n1000_R1000_s0,GA-FIX-UX+BF3,9,325229.0,6.059538891997363,19700,True,58,0.004914400000000002
ASC_n1000_R1000_s0,GA-QL,0,325133.0,5.891195822001464,19700,True,129,0.004551600000000001
ASC_n1000_R1000_s0,GA-QL,1,325138.0,6.326714902999811,19700,True,99,0.002673600000000001
ASC_n1000_R1000_s0,GA-QL,2,325141.0,5.859181757001352,19700,True,193,0.0046724
ASC_n1000_R1000_s0,GA-QL,3,325136.0,6.171017671997106,19700,True,100,0.002113200000000001
ASC_n1000_R1000_s0,GA-QL,4,325134.0,6.0472866269992664,19700,True,100,0.0015044000000000004
ASC_n1000_R1000_s0,GA-QL,5,325240.0,6.355797588999849,19700,True,138,0.0009084000000000005
ASC_n1000_R1000_s0,GA-QL,6,325136.0,6.3160875309986295,19700,True,134,0.002024400000000001
ASC_n1000_R1000_s0,GA-QL,7,325139.0,6.497385201000725,19700,True,95,0.002137600000000001
ASC_n1000_R1000_s0,GA-QL,8,325138.0,6.264745790998859,19700,True,78,0.0012140000000000009
ASC_n1000_R1000_s0,GA-QL,9,325141.0,5.455850474001636,19700,True,179,0.0018544000000000004
ASC_n1000_R1000_s0,GA-QL-T,0,325238.0,6.821502831000544,19700,True,157,0.0041696000000000025
ASC_n1000_R1000_s0,GA-QL-T,1,325141.0,6.293363077998947,19700,True,140,0.006800000000000004
ASC_n1000_R1000_s0,GA-QL-T,2,325140.0,5.856609118000051,19700,True,85,0.006840400000000003
ASC_n1000_R1000_s0,GA-QL-T,3,325238.0,6.376171496001916,19700,True,106,0.0048312000000000025
ASC_n1000_R1000_s0,GA-QL-T,4,325137.0,5.9324660769998445,19700,True,135,0.003996800000000002
ASC_n1000_R1000_s0,GA-QL-T,5,325128.0,6.060445725997852,19700,True,82,0.005223600000000003
ASC_n1000_R1000_s0,GA-QL-T,6,325233.0,6.226798406998569,19700,True,115,0.004566800000000003
ASC_n1000_R1000_s0,GA-QL-T,7,325236.0,4.434294426002452,19700,True,199,0.004320800000000002
ASC_n1000_R1000_s0,GA-QL-T,8,325137.0,4.53700119000132,19700,True,146,0.007266000000000003
ASC_n1000_R1000_s0,GA-QL-T,9,325232.0,6.060591008001211,19700,True,159,0.004961200000000003
ASC_n1000_R1000_s0,GA-QL-Tphi,0,325138.0,6.227721023002232,19700,True,147,0.007626400000000004
ASC_n1000_R1000_s0,GA-QL-Tphi,1,325149.0,6.53731984100159,19700,True,140,0.004230800000000003
ASC_n1000_R1000_s0,GA-QL-Tphi,2,325138.0,6.361894955000025,19700,True,176,0.0016352000000000005
ASC_n1000_R1000_s0,GA-QL-Tphi,3,325042.0,5.592605587000435,19700,True,198,0.007081600000000002
ASC_n1000_R1000_s0,GA-QL-Tphi,4,325225.0,6.530042862999835,19700,True,198,0.005334800000000003
ASC_n1000_R1000_s0,GA-QL-Tphi,5,325144.0,6.243584482002916,19700,True,168,0.005280400000000003
ASC_n1000_R1000_s0,GA-QL-Tphi,6,325139.0,6.212597788002313,19700,True,133,0.004678400000000002
ASC_n1000_R1000_s0,GA-QL-Tphi,7,325036.0,5.986101350001263,19700,True,172,0.005992800000000003
ASC_n1000_R1000_s0,GA-QL-Tphi,8,325136.0,6.1255680059985025,19700,True,116,0.006667600000000003
ASC_n1000_R1000_s0,GA-QL-Tphi,9,325136.0,6.218637474001298,19700,True,161,0.005730000000000003
ASC_n1000_R1000_s0,GA-RAND,0,325140.0,5.516238718999375,19700,True,115,0.005223600000000002
ASC_n1000_R1000_s0,GA-RAND,1,325142.0,6.330796302998351,19700,True,169,0.0024784000000000004
ASC_n1000_R1000_s0,GA-RAND,2,325139.0,6.190457917997264,19700,True,134,0.0011680000000000006
ASC_n1000_R1000_s0,GA-RAND,3,325129.0,6.061215164001624,19700,True,82,0.004154400000000001
ASC_n1000_R1000_s0,GA-RAND,4,325135.0,6.579400894999708,19700,True,198,0.0024888
ASC_n1000_R1000_s0,GA-RAND,5,325141.0,6.257857698998123,19700,True,162,0.0007840000000000005
ASC_n1000_R1000_s0,GA-RAND,6,325026.0,6.08936851999897,19700,True,139,0.0015828000000000003
ASC_n1000_R1000_s0,GA-RAND,7,325241.0,5.4310051089996705,19700,True,178,0.004331200000000003
ASC_n1000_R1000_s0,GA-RAND,8,325139.0,6.10021159399912,19700,True,108,0.006354000000000003
ASC_n1000_R1000_s0,GA-RAND,9,325132.0,6.096278403001634,19700,True,81,0.0029156000000000013
ASC_n1000_R1000_s0,GA-UCB,0,325138.0,6.089095872001053,19700,True,94,0.004316800000000002
ASC_n1000_R1000_s0,GA-UCB,1,325128.0,6.2561497450005845,19700,True,90,0.002223200000000001
ASC_n1000_R1000_s0,GA-UCB,2,325137.0,5.448253770002339,19700,True,102,0.0022388000000000013
ASC_n1000_R1000_s0,GA-UCB,3,325129.0,6.082870427999296,19700,True,77,0.003580400000000002
ASC_n1000_R1000_s0,GA-UCB,4,325132.0,6.273797480000212,19700,True,162,0.0006264000000000003
ASC_n1000_R1000_s0,GA-UCB,5,325138.0,6.233020226001827,19700,True,166,0.0031644000000000012
ASC_n1000_R1000_s0,GA-UCB,6,325130.0,6.201811514001747,19700,True,101,0.002144
ASC_n1000_R1000_s0,GA-UCB,7,325136.0,6.270056168999872,19700,True,82,0.0033384000000000013
ASC_n1000_R1000_s0,GA-UCB,8,325128.0,5.74405838599705,19700,True,66,0.002816800000000001
ASC_n1000_R1000_s0,GA-UCB,9,325127.0,6.0742269000002125,19700,True,81,0.0027484000000000002
ASC_n1000_R1000_s1,GA,0,318139.0,5.1825370360020315,19700,True,180,0.0015136000000000004
ASC_n1000_R1000_s1,GA,1,318662.0,5.281573305001075,19700,True,186,0.001689600000000001
ASC_n1000_R1000_s1,GA,2,318668.0,5.740844653999375,19700,True,90,0.0020368000000000005
ASC_n1000_R1000_s1,GA,3,318742.0,5.355641389000084,19700,True,73,0.0018080000000000006
ASC_n1000_R1000_s1,GA,4,318970.0,5.584159505000571,19700,True,99,0.0007348000000000001
ASC_n1000_R1000_s1,GA,5,318650.0,5.370003218999045,19700,True,72,0.0014460000000000007
ASC_n1000_R1000_s1,GA,6,318756.0,5.654825283996615,19700,True,66,0.0017768000000000007
ASC_n1000_R1000_s1,GA,7,318540.0,4.848055972997827,19700,True,60,0.0012384000000000002
ASC_n1000_R1000_s1,GA,8,318667.0,5.408831981996627,19700,True,129,0.0014252000000000002
ASC_n1000_R1000_s1,GA,9,318665.0,5.698457278998831,19700,True,152,0.0018668000000000005
ASC_n1000_R1000_s1,GA-FIX-UX+BF3,0,319164.0,4.919921892000275,19700,True,90,0.004021600000000002
ASC_n1000_R1000_s1,GA-FIX-UX+BF3,1,319267.0,6.049359573000402,19700,True,118,0.004850000000000004
ASC_n1000_R1000_s1,GA-FIX-UX+BF3,2,319178.0,6.606941125999583,19700,True,183,0.027654400000000003
ASC_n1000_R1000_s1,GA-FIX-UX+BF3,3,319182.0,5.976699300998007,19700,True,187,0.024757600000000008
ASC_n1000_R1000_s1,GA-FIX-UX+BF3,4,319183.0,6.396133425001608,19700,True,143,0.018366000000000007
ASC_n1000_R1000_s1,GA-FIX-UX+BF3,5,319173.0,6.403336208000837,19700,True,173,0.0241396
ASC_n1000_R1000_s1,GA-FIX-UX+BF3,6,319164.0,6.54643495900018,19700,True,189,0.005264000000000003
ASC_n1000_R1000_s1,GA-FIX-UX+BF3,7,319185.0,5.410783311999694,19700,True,172,0.023309600000000003
ASC_n1000_R1000_s1,GA-FIX-UX+BF3,8,319170.0,5.661296709000453,19700,True,178,0.013950800000000003
ASC_n1000_R1000_s1,GA-FIX-UX+BF3,9,319182.0,5.805245233997994,19700,True,181,0.024004000000000004
ASC_n1000_R1000_s1,GA-QL,0,319163.0,6.119813031000376,19700,True,127,0.0013984000000000002
ASC_n1000_R1000_s1,GA-QL,1,318970.0,5.785121512999467,19700,True,106,0.0031948000000000007
ASC_n1000_R1000_s1,GA-QL,2,319089.0,6.303480092999962,19700,True,184,0.003032800000000001
ASC_n1000_R1000_s1,GA-QL,3,319170.0,6.078652870000951,19700,True,138,0.004147200000000002
ASC_n1000_R1000_s1,GA-QL,4,319077.0,5.5685616610026045,19700,True,186,0.0010620000000000004
ASC_n1000_R1000_s1,GA-QL,5,319177.0,5.558264694001991,19700,True,123,0.0018288000000000007
ASC_n1000_R1000_s1,GA-QL,6,319166.0,5.520370443002321,19700,True,87,0.003902000000000002
ASC_n1000_R1000_s1,GA-QL,7,319083.0,6.144419173000642,19700,True,148,0.0029664000000000014
ASC_n1000_R1000_s1,GA-QL,8,319160.0,5.586166487999435,19700,True,53,0.004430000000000002
ASC_n1000_R1000_s1,GA-QL,9,319151.0,6.139597968998714,19700,True,124,0.0022720000000000006
ASC_n1000_R1000_s1,GA-QL-T,0,319157.0,5.732375507002871,19700,True,56,0.006783200000000004
ASC_n1000_R1000_s1,GA-QL-T,1,319169.0,5.377920884999185,19700,True,149,0.008228400000000004
ASC_n1000_R1000_s1,GA-QL-T,2,319164.0,6.349480489996495,19700,True,55,0.004673200000000002
ASC_n1000_R1000_s1,GA-QL-T,3,319166.0,6.060907874001714,19700,True,98,0.0038040000000000023
ASC_n1000_R1000_s1,GA-QL-T,4,319161.0,4.979218001997651,19700,True,184,0.005171600000000004
ASC_n1000_R1000_s1,GA-QL-T,5,319168.0,6.464283585002704,19700,True,99,0.005391200000000003
ASC_n1000_R1000_s1,GA-QL-T,6,319164.0,6.247733274001803,19700,True,57,0.012638800000000004
ASC_n1000_R1000_s1,GA-QL-T,7,319173.0,5.970778161001363,19700,True,152,0.0054360000000000025
ASC_n1000_R1000_s1,GA-QL-T,8,319173.0,6.304415799000708,19700,True,163,0.0053640000000000024
ASC_n1000_R1000_s1,GA-QL-T,9,319168.0,5.422834215998591,19700,True,93,0.004496800000000002
ASC_n1000_R1000_s1,GA-QL-Tphi,0,319076.0,5.262298785000894,19700,True,145,0.0027584000000000007
ASC_n1000_R1000_s1,GA-QL-Tphi,1,319168.0,5.975715508000576,19700,True,157,0.0035540000000000016
ASC_n1000_R1000_s1,GA-QL-Tphi,2,319163.0,5.929143358000147,19700,True,140,0.005197600000000003
ASC_n1000_R1000_s1,GA-QL-Tphi,3,319076.0,5.2946938929999305,19700,True,64,0.0037308000000000016
ASC_n1000_R1000_s1,GA-QL-Tphi,4,319173.0,5.920732031998341,19700,True,123,0.0038988000000000017
ASC_n1000_R1000_s1,GA-QL-Tphi,5,319169.0,4.757169525997597,19700,True,125,0.0021344000000000007
ASC_n1000_R1000_s1,GA-QL-Tphi,6,319071.0,6.033768847999454,19700,True,105,0.0048924000000000025
ASC_n1000_R1000_s1,GA-QL-Tphi,7,319165.0,5.482398149000801,19700,True,168,0.0044560000000000025
ASC_n1000_R1000_s1,GA-QL-Tphi,8,319167.0,6.237343961001898,19700,True,130,0.007039600000000002
ASC_n1000_R1000_s1,GA-QL-Tphi,9,319172.0,4.714995001999341,19700,True,166,0.003998800000000001
ASC_n1000_R1000_s1,GA-RAND,0,319063.0,5.782821883003635,19700,True,187,0.006317600000000002
ASC_n1000_R1000_s1,GA-RAND,1,319072.0,6.346625516998756,19700,True,97,0.0038512000000000004
ASC_n1000_R1000_s1,GA-RAND,2,319060.0,5.982928241999616,19700,True,112,0.0035964000000000018
ASC_n1000_R1000_s1,GA-RAND,3,319172.0,6.197151459000452,19700,True,95,0.0022435999999999997
ASC_n1000_R1000_s1,GA-RAND,4,319066.0,5.538540617999388,19700,True,157,0.002132
ASC_n1000_R1000_s1,GA-RAND,5,319075.0,5.735972247999598,19700,True,109,0.005044800000000002
ASC_n1000_R1000_s1,GA-RAND,6,319164.0,6.166618809002102,19700,True,77,0.0013904000000000008
ASC_n1000_R1000_s1,GA-RAND,7,319069.0,5.2377941259983345,19700,True,83,0.004546000000000003
ASC_n1000_R1000_s1,GA-RAND,8,319077.0,5.573899528000766,19700,True,176,0.003038800000000001
ASC_n1000_R1000_s1,GA-RAND,9,319066.0,6.064575807002257,19700,True,80,0.002363600000000001
ASC_n1000_R1000_s1,GA-UCB,0,319051.0,6.244800166998175,19700,True,200,0.0016960000000000007
ASC_n1000_R1000_s1,GA-UCB,1,319076.0,5.500071083002695,19700,True,145,0.0046212000000000015
ASC_n1000_R1000_s1,GA-UCB,2,319163.0,5.9237819369991485,19700,True,94,0.0032960000000000016
ASC_n1000_R1000_s1,GA-UCB,3,319063.0,5.82254671100236,19700,True,114,0.006573200000000004
ASC_n1000_R1000_s1,GA-UCB,4,319081.0,5.359388087003026,19700,True,138,0.0022560000000000006
ASC_n1000_R1000_s1,GA-UCB,5,319152.0,6.03318770199985,19700,True,67,0.0016328000000000009
ASC_n1000_R1000_s1,GA-UCB,6,319161.0,6.158754535998014,19700,True,112,0.0020692
ASC_n1000_R1000_s1,GA-UCB,7,319067.0,5.9737250819998735,19700,True,146,0.0013168000000000008
ASC_n1000_R1000_s1,GA-UCB,8,319161.0,5.951008894000552,19700,True,160,0.0015608000000000002
ASC_n1000_R1000_s1,GA-UCB,9,319082.0,5.502905501998612,19700,True,105,0.004338000000000002
ASC_n1000_R1000_s2,GA,0,319397.0,4.8057553059989,19700,True,164,0.0010452000000000005
ASC_n1000_R1000_s2,GA,1,319320.0,4.980473646999599,19700,True,87,0.0013504000000000005
ASC_n1000_R1000_s2,GA,2,319109.0,4.420491525001125,19700,True,125,0.0012264000000000003
ASC_n1000_R1000_s2,GA,3,319233.0,4.9497481969992805,19700,True,105,0.0014116000000000005
ASC_n1000_R1000_s2,GA,4,319213.0,3.853414070003055,19700,True,112,0.0020584000000000006
ASC_n1000_R1000_s2,GA,5,318922.0,5.24202149499979,19700,True,195,0.006198000000000001
ASC_n1000_R1000_s2,GA,6,319235.0,4.877051554998616,19700,True,156,0.002158400000000001
ASC_n1000_R1000_s2,GA,7,319322.0,5.111156135000783,19700,True,86,0.0011148000000000002
ASC_n1000_R1000_s2,GA,8,319013.0,3.8450763919972815,19700,True,88,0.0015780000000000004
ASC_n1000_R1000_s2,GA,9,318899.0,4.8215186829984304,19700,True,173,0.0019468000000000005
ASC_n1000_R1000_s2,GA-FIX-UX+BF3,0,319527.0,6.443528678999428,19700,True,111,0.01828520000000001
ASC_n1000_R1000_s2,GA-FIX-UX+BF3,1,319620.0,6.631628014998569,19700,True,112,0.004058800000000003
ASC_n1000_R1000_s2,GA-FIX-UX+BF3,2,319531.0,5.538556690000405,19700,True,177,0.010648400000000006
ASC_n1000_R1000_s2,GA-FIX-UX+BF3,3,319620.0,6.356824366001092,19700,True,170,0.003433200000000002
ASC_n1000_R1000_s2,GA-FIX-UX+BF3,4,319529.0,6.344532455001172,19700,True,177,0.023860800000000005
ASC_n1000_R1000_s2,GA-FIX-UX+BF3,5,319533.0,5.4600306960019225,19700,True,195,0.017220800000000005
ASC_n1000_R1000_s2,GA-FIX-UX+BF3,6,319528.0,4.784029049998935,19700,True,177,0.01696960000000001
ASC_n1000_R1000_s2,GA-FIX-UX+BF3,7,319529.0,6.421478538999509,19700,True,190,0.022774800000000005
ASC_n1000_R1000_s2,GA-FIX-UX+BF3,8,319614.0,6.390374703001726,19700,True,134,0.004021600000000003
ASC_n1000_R1000_s2,GA-FIX-UX+BF3,9,319529.0,5.540354079999815,19700,True,195,0.016930000000000008
ASC_n1000_R1000_s2,GA-QL,0,319411.0,6.001079064000805,19700,True,153,0.004599200000000001
ASC_n1000_R1000_s2,GA-QL,1,319524.0,4.4354450829996495,19700,True,76,0.004600400000000002
ASC_n1000_R1000_s2,GA-QL,2,319517.0,5.481526960997144,19700,True,77,0.002666400000000001
ASC_n1000_R1000_s2,GA-QL,3,319429.0,5.875551004999579,19700,True,150,0.0009732000000000002
ASC_n1000_R1000_s2,GA-QL,4,319421.0,5.993966997000825,19700,True,189,0.0008464000000000004
ASC_n1000_R1000_s2,GA-QL,5,319415.0,3.270441625998501,19700,True,63,0.008662400000000004
ASC_n1000_R1000_s2,GA-QL,6,319516.0,5.994662471999618,19700,True,187,0.0021956
ASC_n1000_R1000_s2,GA-QL,7,319523.0,6.329347847000463,19700,True,136,0.0017104000000000006
ASC_n1000_R1000_s2,GA-QL,8,319422.0,5.861961048001831,19700,True,148,0.0020992
ASC_n1000_R1000_s2,GA-QL,9,319512.0,3.3720143270002154,19700,True,120,0.0046964000000000025
ASC_n1000_R1000_s2,GA-QL-T,0,319520.0,6.101939892996597,19700,True,192,0.009188800000000002
ASC_n1000_R1000_s2,GA-QL-T,1,319531.0,5.769745892001083,19700,True,142,0.0037552000000000015
ASC_n1000_R1000_s2,GA-QL-T,2,319528.0,5.940722043997084,19700,True,190,0.005316400000000003
ASC_n1000_R1000_s2,GA-QL-T,3,319525.0,6.471822686999076,19700,True,134,0.006115600000000003
ASC_n1000_R1000_s2,GA-QL-T,4,319527.0,4.274754906997259,19700,True,119,0.009702000000000002
ASC_n1000_R1000_s2,GA-QL-T,5,319513.0,6.184977433997119,19700,True,187,0.005781600000000001
ASC_n1000_R1000_s2,GA-QL-T,6,319525.0,6.106079322998994,19700,True,200,0.0119328
ASC_n1000_R1000_s2,GA-QL-T,7,319524.0,4.957975559998886,19700,True,172,0.0059616000000000035
ASC_n1000_R1000_s2,GA-QL-T,8,319518.0,4.694866390000243,19700,True,158,0.006828000000000003
ASC_n1000_R1000_s2,GA-QL-T,9,319524.0,4.752980033001222,19700,True,81,0.008448000000000004
ASC_n1000_R1000_s2,GA-QL-Tphi,0,319522.0,3.9574147229977825,19700,True,100,0.0008940000000000005
ASC_n1000_R1000_s2,GA-QL-Tphi,1,319426.0,5.6950554240029305,19700,True,200,0.0026712000000000007
ASC_n1000_R1000_s2,GA-QL-Tphi,2,319515.0,5.338869458002591,19700,True,105,0.003001200000000001
ASC_n1000_R1000_s2,GA-QL-Tphi,3,319412.0,5.880863243997737,19700,True,55,0.005524000000000004
ASC_n1000_R1000_s2,GA-QL-Tphi,4,319408.0,3.4823068959995,19700,True,80,0.001908
ASC_n1000_R1000_s2,GA-QL-Tphi,5,319513.0,6.036572110999259,19700,True,97,0.004517600000000002
ASC_n1000_R1000_s2,GA-QL-Tphi,6,319427.0,6.225689236998733,19700,True,137,0.0008568000000000004
ASC_n1000_R1000_s2,GA-QL-Tphi,7,319522.0,6.118489953001699,19700,True,113,0.0007356000000000002
ASC_n1000_R1000_s2,GA-QL-Tphi,8,319508.0,5.4651694530002715,19700,True,107,0.0022359999999999997
ASC_n1000_R1000_s2,GA-QL-Tphi,9,319325.0,6.0034229589982715,19700,True,162,0.007792000000000004
ASC_n1000_R1000_s2,GA-RAND,0,319425.0,5.9867195330007235,19700,True,137,0.005804400000000002
ASC_n1000_R1000_s2,GA-RAND,1,319507.0,6.060603640999034,19700,True,70,0.0017992000000000004
ASC_n1000_R1000_s2,GA-RAND,2,319523.0,4.211201535999862,19700,True,112,0.003299200000000001
ASC_n1000_R1000_s2,GA-RAND,3,319427.0,3.9461543619981967,19700,True,119,0.0036024000000000013
ASC_n1000_R1000_s2,GA-RAND,4,319524.0,6.146932501000265,19700,True,139,0.0017439999999999999
ASC_n1000_R1000_s2,GA-RAND,5,319423.0,5.637794279002264,19700,True,147,0.0012448000000000001
ASC_n1000_R1000_s2,GA-RAND,6,319516.0,5.945804909999424,19700,True,193,0.0033968000000000006
ASC_n1000_R1000_s2,GA-RAND,7,319528.0,3.407998795999447,19700,True,78,0.005064400000000003
ASC_n1000_R1000_s2,GA-RAND,8,319517.0,5.958179656998254,19700,True,81,0.0024644000000000007
ASC_n1000_R1000_s2,GA-RAND,9,319516.0,5.801793932001601,19700,True,160,0.001621600000000001
ASC_n1000_R1000_s2,GA-UCB,0,319428.0,5.966509452002356,19700,True,119,0.0005472000000000003
ASC_n1000_R1000_s2,GA-UCB,1,319508.0,6.130249007997918,19700,True,141,0.0050916000000000025
ASC_n1000_R1000_s2,GA-UCB,2,319517.0,5.4144722249984625,19700,True,140,0.0009844000000000005
ASC_n1000_R1000_s2,GA-UCB,3,319418.0,5.545863912997447,19700,True,127,0.0017892000000000006
ASC_n1000_R1000_s2,GA-UCB,4,319527.0,3.804774346001068,19700,True,97,0.0009248
ASC_n1000_R1000_s2,GA-UCB,5,319525.0,5.06349216399758,19700,True,89,0.003268400000000002
ASC_n1000_R1000_s2,GA-UCB,6,319526.0,5.74335904200052,19700,True,116,0.0034820000000000003
ASC_n1000_R1000_s2,GA-UCB,7,319524.0,5.037686711002607,19700,True,187,0.0042860000000000025
ASC_n1000_R1000_s2,GA-UCB,8,319420.0,5.983690949000447,19700,True,148,0.004427200000000001
ASC_n1000_R1000_s2,GA-UCB,9,319418.0,5.388968891998957,19700,True,144,0.0020592
ASC_n200_R1000_s0,GA,0,66564.0,1.3123660970013589,19700,True,21,0.006208000000000002
ASC_n200_R1000_s0,GA,1,66565.0,1.4604737080007908,19700,True,134,0.005582
ASC_n200_R1000_s0,GA,2,66567.0,1.1517656070027442,19700,True,24,0.004596
ASC_n200_R1000_s0,GA,3,66574.0,1.418441634003102,19700,True,24,0.005962
ASC_n200_R1000_s0,GA,4,66571.0,1.013020450998738,19700,True,29,0.006018000000000003
ASC_n200_R1000_s0,GA,5,66471.0,1.3973185969989572,19700,True,175,0.010772000000000004
ASC_n200_R1000_s0,GA,6,66567.0,1.4248745330005477,19700,True,83,0.005300000000000003
ASC_n200_R1000_s0,GA,7,66561.0,1.3867026719999558,19700,True,64,0.0068600000000000015
ASC_n200_R1000_s0,GA,8,66476.0,0.8750815130006231,19700,True,172,0.009460000000000003
ASC_n200_R1000_s0,GA,9,66477.0,0.9323167529983039,19700,True,22,0.0070820000000000015
ASC_n200_R1000_s0,GA-FIX-UX+BF3,0,66577.0,1.850778559997707,19700,True,41,0.06787800000000001
ASC_n200_R1000_s0,GA-FIX-UX+BF3,1,66576.0,1.855306997000298,19700,True,52,0.08715200000000003
ASC_n200_R1000_s0,GA-FIX-UX+BF3,2,66575.0,1.1805285410009674,19700,True,27,0.07579200000000001
ASC_n200_R1000_s0,GA-FIX-UX+BF3,3,66579.0,1.767017731002852,19700,True,58,0.022236000000000013
ASC_n200_R1000_s0,GA-FIX-UX+BF3,4,66579.0,1.8533848410006613,19700,True,87,0.053308000000000015
ASC_n200_R1000_s0,GA-FIX-UX+BF3,5,66578.0,1.0445444420001877,19700,True,165,0.06434800000000002
ASC_n200_R1000_s0,GA-FIX-UX+BF3,6,66578.0,1.8049317859986331,19700,True,41,0.023836000000000013
ASC_n200_R1000_s0,GA-FIX-UX+BF3,7,66575.0,1.800807679999707,19700,True,74,0.046438000000000014
ASC_n200_R1000_s0,GA-FIX-UX+BF3,8,66578.0,1.8354394859998138,19700,True,105,0.047272000000000015
ASC_n200_R1000_s0,GA-FIX-UX+BF3,9,66576.0,1.8576086419998319,19700,True,59,0.07628600000000002
ASC_n200_R1000_s0,GA-QL,0,66574.0,1.6984036060021026,19700,True,166,0.038176000000000015
ASC_n200_R1000_s0,GA-QL,1,66578.0,0.9492207180010155,19700,True,147,0.03291600000000001
ASC_n200_R1000_s0,GA-QL,2,66574.0,1.664952753999387,19700,True,57,0.006140000000000001
ASC_n200_R1000_s0,GA-QL,3,66572.0,1.5085364789993037,19700,True,45,0.02212800000000001
ASC_n200_R1000_s0,GA-QL,4,66578.0,1.5514409790011996,19700,True,44,0.02347000000000001
ASC_n200_R1000_s0,GA-QL,5,66572.0,1.6882535420008935,19700,True,24,0.019044000000000002
ASC_n200_R1000_s0,GA-QL,6,66574.0,1.6473666319980111,19700,True,60,0.013680000000000003
ASC_n200_R1000_s0,GA-QL,7,66575.0,0.9484000060001563,19700,True,120,0.027836000000000014
ASC_n200_R1000_s0,GA-QL,8,66573.0,1.4922791460012377,19700,True,36,0.02534600000000001
ASC_n200_R1000_s0,GA-QL,9,66575.0,1.7035269450025226,19700,True,35,0.03650200000000002
ASC_n200_R1000_s0,GA-QL-T,0,66572.0,1.6955842679999478,19700,True,30,0.02783400000000001
ASC_n200_R1000_s0,GA-QL-T,1,66571.0,1.0051966499995615,19700,True,24,0.024258000000000012
ASC_n200_R1000_s0,GA-QL-T,2,66575.0,1.7377365470019868,19700,True,15,0.012610000000000001
ASC_n200_R1000_s0,GA-QL-T,3,66571.0,1.6467897719994653,19700,True,25,0.027794000000000013
ASC_n200_R1000_s0,GA-QL-T,4,66574.0,1.7170353490000707,19700,True,79,0.009794000000000004
ASC_n200_R1000_s0,GA-QL-T,5,66576.0,1.7269296439990285,19700,True,157,0.01802
ASC_n200_R1000_s0,GA-QL-T,6,66572.0,1.0459050120007305,19700,True,48,0.008080000000000004
ASC_n200_R1000_s0,GA-QL-T,7,66577.0,1.291178803996445,19700,True,20,0.025530000000000008
ASC_n200_R1000_s0,GA-QL-T,8,66570.0,1.6184751880027761,19700,True,44,0.026160000000000013
ASC_n200_R1000_s0,GA-QL-T,9,66577.0,1.6631816599983722,19700,True,102,0.026826000000000013
ASC_n200_R1000_s0,GA-QL-Tphi,0,66576.0,1.6826210060025915,19700,True,199,0.03731000000000001
ASC_n200_R1000_s0,GA-QL-Tphi,1,66570.0,0.8872604489988589,19700,True,56,0.024822000000000014
ASC_n200_R1000_s0,GA-QL-Tphi,2,66576.0,1.6573112990008667,19700,True,43,0.025218000000000008
ASC_n200_R1000_s0,GA-QL-Tphi,3,66576.0,1.5844677809982386,19700,True,57,0.022928000000000007
ASC_n200_R1000_s0,GA-QL-Tphi,4,66576.0,0.942583662999823,19700,True,41,0.020928000000000013
ASC_n200_R1000_s0,GA-QL-Tphi,5,66575.0,1.706630844000756,19700,True,69,0.019808000000000003
ASC_n200_R1000_s0,GA-QL-Tphi,6,66576.0,1.7137622049995116,19700,True,79,0.026138000000000012
ASC_n200_R1000_s0,GA-QL-Tphi,7,66573.0,1.6662032439999166,19700,True,63,0.02124000000000001
ASC_n200_R1000_s0,GA-QL-Tphi,8,66575.0,1.7588329299978795,19700,True,106,0.01316
ASC_n200_R1000_s0,GA-QL-Tphi,9,66572.0,1.717117757001688,19700,True,21,0.013108000000000003
ASC_n200_R1000_s0,GA-RAND,0,66572.0,1.6559251959988615,19700,True,90,0.014622000000000003
ASC_n200_R1000_s0,GA-RAND,1,66569.0,1.650643234999734,19700,True,85,0.02148400000000001
ASC_n200_R1000_s0,GA-RAND,2,66572.0,1.0249746970002889,19700,True,18,0.015410000000000004
ASC_n200_R1000_s0,GA-RAND,3,66567.0,1.31786552199992,19700,True,45,0.02557800000000001
ASC_n200_R1000_s0,GA-RAND,4,66569.0,1.701265510997473,19700,True,30,0.008512
ASC_n200_R1000_s0,GA-RAND,5,66573.0,1.5109331140010909,19700,True,173,0.019940000000000003
ASC_n200_R1000_s0,GA-RAND,6,66577.0,1.6374115329999768,19700,True,36,0.014870000000000001
ASC_n200_R1000_s0,GA-RAND,7,66575.0,0.932011518998479,19700,True,142,0.007780000000000002
ASC_n200_R1000_s0,GA-RAND,8,66576.0,1.6733112259971676,19700,True,32,0.0059660000000000026
ASC_n200_R1000_s0,GA-RAND,9,66573.0,1.6891084509989014,19700,True,52,0.02719400000000001
ASC_n200_R1000_s0,GA-UCB,0,66575.0,1.637585100997967,19700,True,39,0.010964000000000005
ASC_n200_R1000_s0,GA-UCB,1,66574.0,1.6710447629993723,19700,True,74,0.0034760000000000012
ASC_n200_R1000_s0,GA-UCB,2,66573.0,0.8555995589995291,19700,True,33,0.008130000000000002
ASC_n200_R1000_s0,GA-UCB,3,66576.0,1.6308788360001927,19700,True,155,0.019662000000000002
ASC_n200_R1000_s0,GA-UCB,4,66575.0,1.661517893000564,19700,True,69,0.005162000000000001
ASC_n200_R1000_s0,GA-UCB,5,66569.0,0.8474182189966086,19700,True,122,0.029788000000000016
ASC_n200_R1000_s0,GA-UCB,6,66577.0,1.6702603140001884,19700,True,122,0.028060000000000015
ASC_n200_R1000_s0,GA-UCB,7,66574.0,1.6300126569985878,19700,True,183,0.05410000000000001
ASC_n200_R1000_s0,GA-UCB,8,66577.0,1.669053719000658,19700,True,35,0.011084000000000004
ASC_n200_R1000_s0,GA-UCB,9,66578.0,1.7569252320026862,19700,True,107,0.005598000000000003
ASC_n200_R1000_s1,GA,0,65350.0,0.8343783910022466,19700,True,98,0.008832000000000003
ASC_n200_R1000_s1,GA,1,65442.0,1.3912556929972197,19700,True,44,0.006528000000000001
ASC_n200_R1000_s1,GA,2,65442.0,1.2307948359994043,19700,True,92,0.006052000000000001
ASC_n200_R1000_s1,GA,3,65448.0,0.8484642389994406,19700,True,57,0.003662
ASC_n200_R1000_s1,GA,4,65444.0,1.392359869001666,19700,True,92,0.005994000000000002
ASC_n200_R1000_s1,GA,5,65442.0,1.4520860689990513,19700,True,28,0.005752000000000002
ASC_n200_R1000_s1,GA,6,65439.0,1.455278574001568,19700,True,15,0.004418000000000001
ASC_n200_R1000_s1,GA,7,65351.0,1.3236453799981973,19700,True,48,0.008112000000000001
ASC_n200_R1000_s1,GA,8,65445.0,0.7921921360029955,19700,True,157,0.006036000000000001
ASC_n200_R1000_s1,GA,9,65450.0,1.4783133969976916,19700,True,140,0.008150000000000001
ASC_n200_R1000_s1,GA-FIX-UX+BF3,0,65447.0,1.9190269119972072,19700,True,44,0.02990000000000001
ASC_n200_R1000_s1,GA-FIX-UX+BF3,1,65450.0,1.9026237890029734,19700,True,26,0.07188400000000002
ASC_n200_R1000_s1,GA-FIX-UX+BF3,2,65451.0,1.7581428270023025,19700,True,132,0.035346000000000016
ASC_n200_R1000_s1,GA-FIX-UX+BF3,3,65449.0,1.9244735239990405,19700,True,128,0.08329200000000002
ASC_n200_R1000_s1,GA-FIX-UX+BF3,4,65450.0,1.8830515519985056,19700,True,163,0.04305000000000001
ASC_n200_R1000_s1,GA-FIX-UX+BF3,5,65451.0,1.9014970409989473,19700,True,180,0.05036800000000001
ASC_n200_R1000_s1,GA-FIX-UX+BF3,6,65448.0,1.9985811689984985,19700,True,38,0.03133000000000001
ASC_n200_R1000_s1,GA-FIX-UX+BF3,7,65448.0,2.2134546779998345,19700,True,103,0.038406000000000017
ASC_n200_R1000_s1,GA-FIX-UX+BF3,8,65448.0,1.8717766200024926,19700,True,84,0.02593600000000001
ASC_n200_R1000_s1,GA-FIX-UX+BF3,9,65450.0,2.0683092670005863,19700,True,84,0.02673000000000001
ASC_n200_R1000_s1,GA-QL,0,65448.0,1.6676901829996496,19700,True,35,0.023086000000000002
ASC_n200_R1000_s1,GA-QL,1,65449.0,1.4641679060005117,19700,True,75,0.009778000000000004
ASC_n200_R1000_s1,GA-QL,2,65450.0,1.4315104740016977,19700,True,88,0.01242
ASC_n200_R1000_s1,GA-QL,3,65446.0,1.608014875997469,19700,True,87,0.024290000000000013
ASC_n200_R1000_s1,GA-QL,4,65445.0,0.9242820010003925,19700,True,42,0.02694400000000001
ASC_n200_R1000_s1,GA-QL,5,65450.0,1.655826641999738,19700,True,136,0.019856000000000006
ASC_n200_R1000_s1,GA-QL,6,65447.0,1.651997550001397,19700,True,139,0.010984
ASC_n200_R1000_s1,GA-QL,7,65447.0,1.6115645619975112,19700,True,133,0.01807600000000001
ASC_n200_R1000_s1,GA-QL,8,65450.0,1.6184280609995767,19700,True,182,0.030222000000000016
ASC_n200_R1000_s1,GA-QL,9,65445.0,1.562083527998766,19700,True,123,0.015710000000000005
ASC_n200_R1000_s1,GA-QL-T,0,65445.0,1.8769912980023946,19700,True,32,0.011786000000000003
ASC_n200_R1000_s1,GA-QL-T,1,65444.0,1.1400297520012828,19700,True,20,0.024180000000000014
ASC_n200_R1000_s1,GA-QL-T,2,65448.0,1.9465277189992776,19700,True,182,0.014796000000000005
ASC_n200_R1000_s1,GA-QL-T,3,65448.0,1.9544478580028226,19700,True,170,0.012576
ASC_n200_R1000_s1,GA-QL-T,4,65448.0,1.7900498250019155,19700,True,164,0.012072000000000003
ASC_n200_R1000_s1,GA-QL-T,5,65443.0,1.801319431997399,19700,True,24,0.023172000000000012
ASC_n200_R1000_s1,GA-QL-T,6,65446.0,1.697984374997759,19700,True,78,0.005312
ASC_n200_R1000_s1,GA-QL-T,7,65447.0,1.7137054269987857,19700,True,21,0.009356000000000001
ASC_n200_R1000_s1,GA-QL-T,8,65446.0,1.8835487800024566,19700,True,75,0.010586000000000005
ASC_n200_R1000_s1,GA-QL-T,9,65449.0,1.7983166179983527,19700,True,124,0.02880200000000001
ASC_n200_R1000_s1,GA-QL-Tphi,0,65448.0,1.3807650449998619,19700,True,51,0.037920000000000016
ASC_n200_R1000_s1,GA-QL-Tphi,1,65445.0,1.7402470550005091,19700,True,65,0.02611200000000001
ASC_n200_R1000_s1,GA-QL-Tphi,2,65448.0,1.7837207650009077,19700,True,33,0.014970000000000004
ASC_n200_R1000_s1,GA-QL-Tphi,3,65449.0,1.7967638510017423,19700,True,39,0.021506000000000008
ASC_n200_R1000_s1,GA-QL-Tphi,4,65446.0,2.0118945940012054,19700,True,68,0.031292000000000014
ASC_n200_R1000_s1,GA-QL-Tphi,5,65447.0,1.7680328089991235,19700,True,38,0.022582000000000005
ASC_n200_R1000_s1,GA-QL-Tphi,6,65448.0,1.7718314199992165,19700,True,31,0.011560000000000004
ASC_n200_R1000_s1,GA-QL-Tphi,7,65450.0,1.8967834249997395,19700,True,57,0.01501
ASC_n200_R1000_s1,GA-QL-Tphi,8,65448.0,1.593526724002004,19700,True,49,0.021996000000000012
ASC_n200_R1000_s1,GA-QL-Tphi,9,65449.0,1.6129649180002161,19700,True,35,0.023482000000000017
ASC_n200_R1000_s1,GA-RAND,0,65449.0,1.6568433489992458,19700,True,77,0.019316
ASC_n200_R1000_s1,GA-RAND,1,65445.0,0.9252698950003833,19700,True,88,0.027756000000000017
ASC_n200_R1000_s1,GA-RAND,2,65446.0,1.8819871720006631,19700,True,64,0.007856000000000002
ASC_n200_R1000_s1,GA-RAND,3,65444.0,1.778221176002262,19700,True,27,0.02429200000000001
ASC_n200_R1000_s1,GA-RAND,4,65447.0,1.4899828399975377,19700,True,152,0.018596000000000005
ASC_n200_R1000_s1,GA-RAND,5,65449.0,1.8217363460025808,19700,True,68,0.014572000000000003
ASC_n200_R1000_s1,GA-RAND,6,65446.0,1.7922496489991318,19700,True,85,0.012960000000000003
ASC_n200_R1000_s1,GA-RAND,7,65446.0,1.6792043870009365,19700,True,26,0.005934000000000003
ASC_n200_R1000_s1,GA-RAND,8,65447.0,1.7694245439997758,19700,True,117,0.010484000000000002
ASC_n200_R1000_s1,GA-RAND,9,65447.0,1.7297110329964198,19700,True,23,0.026738000000000012
ASC_n200_R1000_s1,GA-UCB,0,65447.0,1.334856736997608,19700,True,37,0.013944000000000003
ASC_n200_R1000_s1,GA-UCB,1,65450.0,1.6715046539975447,19700,True,123,0.018792000000000003
ASC_n200_R1000_s1,GA-UCB,2,65447.0,1.6487000320012157,19700,True,179,0.01729
ASC_n200_R1000_s1,GA-UCB,3,65447.0,1.5541535900010786,19700,True,106,0.015802000000000007
ASC_n200_R1000_s1,GA-UCB,4,65451.0,1.7352358490024926,19700,True,128,0.016620000000000003
ASC_n200_R1000_s1,GA-UCB,5,65448.0,1.6446794629991928,19700,True,154,0.008128000000000002
ASC_n200_R1000_s1,GA-UCB,6,65451.0,0.9648463869998523,19700,True,61,0.008252000000000002
ASC_n200_R1000_s1,GA-UCB,7,65450.0,1.68831759999739,19700,True,87,0.014004000000000003
ASC_n200_R1000_s1,GA-UCB,8,65445.0,1.6504246019976563,19700,True,36,0.03646000000000002
ASC_n200_R1000_s1,GA-UCB,9,65446.0,1.388285069999256,19700,True,200,0.02647000000000001
ASC_n200_R1000_s2,GA,0,63641.0,1.3374205799991614,19700,True,52,0.005452000000000004
ASC_n200_R1000_s2,GA,1,63645.0,1.5139526300008583,19700,True,72,0.006856000000000002
ASC_n200_R1000_s2,GA,2,63643.0,1.4416216770005121,19700,True,190,0.007274000000000002
ASC_n200_R1000_s2,GA,3,63644.0,1.5989472820001538,19700,True,187,0.004668000000000002
ASC_n200_R1000_s2,GA,4,63648.0,1.4461018340007286,19700,True,169,0.0031040000000000013
ASC_n200_R1000_s2,GA,5,63651.0,1.4442430939998303,19700,True,26,0.015460000000000003
ASC_n200_R1000_s2,GA,6,63648.0,1.4808199910003168,19700,True,144,0.002550000000000001
ASC_n200_R1000_s2,GA,7,63645.0,1.6022154219972435,19700,True,51,0.008028000000000002
ASC_n200_R1000_s2,GA,8,63646.0,1.3025855619998765,19700,True,181,0.006576000000000004
ASC_n200_R1000_s2,GA,9,63644.0,1.4712993239991192,19700,True,22,0.005824000000000001
ASC_n200_R1000_s2,GA-FIX-UX+BF3,0,63650.0,1.9538399239972932,19700,True,72,0.028580000000000015
ASC_n200_R1000_s2,GA-FIX-UX+BF3,1,63654.0,1.9725797309984046,19700,True,93,0.08866400000000002
ASC_n200_R1000_s2,GA-FIX-UX+BF3,2,63653.0,1.8688454179973633,19700,True,125,0.08220600000000002
ASC_n200_R1000_s2,GA-FIX-UX+BF3,3,63652.0,1.921295429001475,19700,True,67,0.08753000000000002
ASC_n200_R1000_s2,GA-FIX-UX+BF3,4,63653.0,1.9251166610010841,19700,True,71,0.07400200000000004
ASC_n200_R1000_s2,GA-FIX-UX+BF3,5,63653.0,1.8459745550026128,19700,True,50,0.07550200000000001
ASC_n200_R1000_s2,GA-FIX-UX+BF3,6,63650.0,1.6698172169999452,19700,True,48,0.07960800000000003
ASC_n200_R1000_s2,GA-FIX-UX+BF3,7,63651.0,1.7339543199996115,19700,True,141,0.030220000000000014
ASC_n200_R1000_s2,GA-FIX-UX+BF3,8,63656.0,1.5409803510010534,19700,True,173,0.06682400000000001
ASC_n200_R1000_s2,GA-FIX-UX+BF3,9,63655.0,1.8634961050011043,19700,True,97,0.08106400000000002
ASC_n200_R1000_s2,GA-QL,0,63646.0,1.5567217579991848,19700,True,22,0.02386400000000001
ASC_n200_R1000_s2,GA-QL,1,63649.0,1.4554982709996693,19700,True,171,0.030120000000000015
ASC_n200_R1000_s2,GA-QL,2,63654.0,1.6657775889980257,19700,True,52,0.008042000000000002
ASC_n200_R1000_s2,GA-QL,3,63644.0,1.732063242001459,19700,True,184,0.05773400000000001
ASC_n200_R1000_s2,GA-QL,4,63651.0,1.589880029001506,19700,True,118,0.009376000000000002
ASC_n200_R1000_s2,GA-QL,5,63645.0,1.664472727003158,19700,True,50,0.013822000000000001
ASC_n200_R1000_s2,GA-QL,6,63653.0,1.4917962359977537,19700,True,176,0.006792000000000001
ASC_n200_R1000_s2,GA-QL,7,63650.0,1.3675638909990084,19700,True,31,0.027886000000000015
ASC_n200_R1000_s2,GA-QL,8,63646.0,1.2010445910018461,19700,True,91,0.016870000000000007
ASC_n200_R1000_s2,GA-QL,9,63651.0,1.088598243000888,19700,True,199,0.015214000000000004
ASC_n200_R1000_s2,GA-QL-T,0,63650.0,1.5948252039997897,19700,True,26,0.014306000000000006
ASC_n200_R1000_s2,GA-QL-T,1,63653.0,1.7179835319984704,19700,True,146,0.01472
ASC_n200_R1000_s2,GA-QL-T,2,63651.0,1.6469320079995668,19700,True,25,0.012018000000000008
ASC_n200_R1000_s2,GA-QL-T,3,63651.0,1.661692187000881,19700,True,16,0.021236000000000012
ASC_n200_R1000_s2,GA-QL-T,4,63653.0,1.726995335000538,19700,True,43,0.007524
ASC_n200_R1000_s2,GA-QL-T,5,63654.0,1.729415517002053,19700,True,183,0.006274000000000003
ASC_n200_R1000_s2,GA-QL-T,6,63653.0,1.1978734399999666,19700,True,163,0.016228000000000003
ASC_n200_R1000_s2,GA-QL-T,7,63653.0,1.7011371070002497,19700,True,115,0.03394600000000001
ASC_n200_R1000_s2,GA-QL-T,8,63646.0,1.6622076589992503,19700,True,84,0.008496000000000004
ASC_n200_R1000_s2,GA-QL-T,9,63650.0,1.6787144139998418,19700,True,60,0.02450000000000001
ASC_n200_R1000_s2,GA-QL-Tphi,0,63655.0,1.7577487639973697,19700,True,148,0.010956000000000004
ASC_n200_R1000_s2,GA-QL-Tphi,1,63651.0,1.7900077420017624,19700,True,151,0.03576600000000001
ASC_n200_R1000_s2,GA-QL-Tphi,2,63653.0,1.060618538998824,19700,True,104,0.019864000000000003
ASC_n200_R1000_s2,GA-QL-Tphi,3,63655.0,1.7990650799983996,19700,True,45,0.023832000000000013
ASC_n200_R1000_s2,GA-QL-Tphi,4,63655.0,1.7035505740022927,19700,True,169,0.023190000000000002
ASC_n200_R1000_s2,GA-QL-Tphi,5,63655.0,1.7794966569999815,19700,True,69,0.027688000000000015
ASC_n200_R1000_s2,GA-QL-Tphi,6,63651.0,1.6923646370014467,19700,True,74,0.009472000000000001
ASC_n200_R1000_s2,GA-QL-Tphi,7,63653.0,1.6110256249994563,19700,True,79,0.023872000000000008
ASC_n200_R1000_s2,GA-QL-Tphi,8,63648.0,1.5761243009983446,19700,True,65,0.02442800000000001
ASC_n200_R1000_s2,GA-QL-Tphi,9,63648.0,1.4734884399986186,19700,True,117,0.018098
ASC_n200_R1000_s2,GA-RAND,0,63651.0,1.3358734600005846,19700,True,96,0.014024000000000003
ASC_n200_R1000_s2,GA-RAND,1,63645.0,1.6005570580018684,19700,True,28,0.03294000000000001
ASC_n200_R1000_s2,GA-RAND,2,63647.0,1.6266769660032878,19700,True,23,0.017208000000000005
ASC_n200_R1000_s2,GA-RAND,3,63641.0,1.6458584050014906,19700,True,15,0.034110000000000015
ASC_n200_R1000_s2,GA-RAND,4,63652.0,1.0609800179990998,19700,True,100,0.012020000000000001
ASC_n200_R1000_s2,GA-RAND,5,63645.0,1.7054583709978033,19700,True,71,0.011840000000000002
ASC_n200_R1000_s2,GA-RAND,6,63650.0,1.4135212029977993,19700,True,158,0.018538000000000002
ASC_n200_R1000_s2,GA-RAND,7,63650.0,1.8360231409969856,19700,True,55,0.0045020000000000025
ASC_n200_R1000_s2,GA-RAND,8,63648.0,1.6543462790032208,19700,True,45,0.009104000000000003
ASC_n200_R1000_s2,GA-RAND,9,63648.0,1.7385636959988915,19700,True,120,0.028826000000000008
ASC_n200_R1000_s2,GA-UCB,0,63643.0,1.6031476659991313,19700,True,39,0.011636000000000004
ASC_n200_R1000_s2,GA-UCB,1,63649.0,1.818163623996952,19700,True,60,0.04037800000000002
ASC_n200_R1000_s2,GA-UCB,2,63653.0,1.8180873730016174,19700,True,162,0.012586000000000003
ASC_n200_R1000_s2,GA-UCB,3,63651.0,1.4360294830003113,19700,True,126,0.011316000000000001
ASC_n200_R1000_s2,GA-UCB,4,63645.0,1.792678767000325,19700,True,17,0.011116
ASC_n200_R1000_s2,GA-UCB,5,63647.0,1.7407558929990046,19700,True,64,0.030604000000000013
ASC_n200_R1000_s2,GA-UCB,6,63651.0,1.6873944030012353,19700,True,71,0.010972000000000004
ASC_n200_R1000_s2,GA-UCB,7,63647.0,1.6965329490012664,19700,True,182,0.018460000000000008
ASC_n200_R1000_s2,GA-UCB,8,63651.0,1.679562198001804,19700,True,22,0.006682000000000001
ASC_n200_R1000_s2,GA-UCB,9,63650.0,1.410737139001867,19700,True,85,0.014628000000000006
ASC_n500_R1000_s0,GA,0,164133.0,1.6509098499991524,19700,True,105,0.003980000000000001
ASC_n500_R1000_s0,GA,1,164231.0,2.9618581389986502,19700,True,83,0.0016296000000000008
ASC_n500_R1000_s0,GA,2,164214.0,2.8951769640007115,19700,True,29,0.0021856000000000015
ASC_n500_R1000_s0,GA,3,164228.0,2.7264636760010035,19700,True,199,0.004213600000000001
ASC_n500_R1000_s0,GA,4,164218.0,2.800293453001359,19700,True,44,0.0022864000000000005
ASC_n500_R1000_s0,GA,5,164222.0,2.651964650998707,19700,True,169,0.0025496000000000013
ASC_n500_R1000_s0,GA,6,164224.0,2.7012190310015285,19700,True,152,0.0024704
ASC_n500_R1000_s0,GA,7,164124.0,1.7362346169975353,19700,True,178,0.0040008000000000005
ASC_n500_R1000_s0,GA,8,164228.0,2.8616690220005694,19700,True,198,0.005048000000000002
ASC_n500_R1000_s0,GA,9,164316.0,3.0368192800015095,19700,True,38,0.0016831999999999997
ASC_n500_R1000_s0,GA-FIX-UX+BF3,0,164333.0,3.3967063179989054,19700,True,166,0.03856720000000002
ASC_n500_R1000_s0,GA-FIX-UX+BF3,1,164417.0,3.7809541870010435,19700,True,82,0.007084800000000005
ASC_n500_R1000_s0,GA-FIX-UX+BF3,2,164338.0,3.8190938939987973,19700,True,167,0.02102800000000001
ASC_n500_R1000_s0,GA-FIX-UX+BF3,3,164338.0,3.2194347840013506,19700,True,148,0.030867200000000008
ASC_n500_R1000_s0,GA-FIX-UX+BF3,4,164328.0,3.353909057997953,19700,True,99,0.014068000000000004
ASC_n500_R1000_s0,GA-FIX-UX+BF3,5,164335.0,3.5008311189994856,19700,True,190,0.040116800000000015
ASC_n500_R1000_s0,GA-FIX-UX+BF3,6,164331.0,2.4337869100017997,19700,True,98,0.029691200000000004
ASC_n500_R1000_s0,GA-FIX-UX+BF3,7,164328.0,3.451856964002218,19700,True,171,0.03430960000000001
ASC_n500_R1000_s0,GA-FIX-UX+BF3,8,164338.0,3.0244115429995873,19700,True,188,0.03000800000000001
ASC_n500_R1000_s0,GA-FIX-UX+BF3,9,164324.0,3.563564995998604,19700,True,131,0.013960800000000006
ASC_n500_R1000_s0,GA-QL,0,164232.0,2.3854744889977155,19700,True,137,0.010289600000000003
ASC_n500_R1000_s0,GA-QL,1,164331.0,3.2565087800030597,19700,True,45,0.010060000000000006
ASC_n500_R1000_s0,GA-QL,2,164317.0,3.3251806309999665,19700,True,191,0.0035632000000000007
ASC_n500_R1000_s0,GA-QL,3,164328.0,3.298200345998339,19700,True,137,0.0025776
ASC_n500_R1000_s0,GA-QL,4,164325.0,3.487831706999714,19700,True,200,0.01681360000000001
ASC_n500_R1000_s0,GA-QL,5,164330.0,2.955136300999584,19700,True,55,0.009236800000000003
ASC_n500_R1000_s0,GA-QL,6,164329.0,2.882939808001538,19700,True,147,0.008660800000000001
ASC_n500_R1000_s0,GA-QL,7,164324.0,2.50891008599865,19700,True,187,0.003118400000000001
ASC_n500_R1000_s0,GA-QL,8,164327.0,3.3214065530009975,19700,True,172,0.010972000000000004
ASC_n500_R1000_s0,GA-QL,9,164327.0,3.2488425750016177,19700,True,72,0.013347200000000007
ASC_n500_R1000_s0,GA-QL-T,0,164335.0,3.21031451700037,19700,True,75,0.006954400000000001
ASC_n500_R1000_s0,GA-QL-T,1,164332.0,2.050539325002319,19700,True,98,0.013711200000000005
ASC_n500_R1000_s0,GA-QL-T,2,164331.0,2.968840179997642,19700,True,161,0.011000000000000005
ASC_n500_R1000_s0,GA-QL-T,3,164333.0,3.4321103709989984,19700,True,170,0.008765600000000005
ASC_n500_R1000_s0,GA-QL-T,4,164329.0,3.5570686739993107,19700,True,93,0.009439200000000002
ASC_n500_R1000_s0,GA-QL-T,5,164335.0,3.2611089319980238,19700,True,96,0.0033688000000000012
ASC_n500_R1000_s0,GA-QL-T,6,164330.0,3.008494059999066,19700,True,84,0.0052048000000000025
ASC_n500_R1000_s0,GA-QL-T,7,164331.0,3.4012625610012037,19700,True,164,0.011126400000000007
ASC_n500_R1000_s0,GA-QL-T,8,164324.0,2.3186115639982745,19700,True,119,0.006960000000000001
ASC_n500_R1000_s0,GA-QL-T,9,164331.0,2.7778458000029786,19700,True,57,0.014900800000000007
ASC_n500_R1000_s0,GA-QL-Tphi,0,164323.0,2.9167810330000066,19700,True,197,0.026026400000000012
ASC_n500_R1000_s0,GA-QL-Tphi,1,164329.0,3.2905716370005393,19700,True,71,0.008672000000000004
ASC_n500_R1000_s0,GA-QL-Tphi,2,164226.0,3.105715132998739,19700,True,171,0.009916800000000003
ASC_n500_R1000_s0,GA-QL-Tphi,3,164232.0,3.2103426390021923,19700,True,46,0.010134400000000005
ASC_n500_R1000_s0,GA-QL-Tphi,4,164326.0,2.7998390540014952,19700,True,186,0.009806400000000003
ASC_n500_R1000_s0,GA-QL-Tphi,5,164323.0,3.1423290640013875,19700,True,199,0.004794400000000002
ASC_n500_R1000_s0,GA-QL-Tphi,6,164331.0,2.8116058679988782,19700,True,184,0.0048848
ASC_n500_R1000_s0,GA-QL-Tphi,7,164332.0,3.194364407001558,19700,True,171,0.0024016000000000016
ASC_n500_R1000_s0,GA-QL-Tphi,8,164337.0,3.054741212999943,19700,True,164,0.011417600000000005
ASC_n500_R1000_s0,GA-QL-Tphi,9,164328.0,3.1338137350030593,19700,True,55,0.005747200000000002
ASC_n500_R1000_s0,GA-RAND,0,164330.0,3.3358618640013447,19700,True,174,0.0028616000000000006
ASC_n500_R1000_s0,GA-RAND,1,164328.0,3.2132016160030616,19700,True,198,0.005905600000000001
ASC_n500_R1000_s0,GA-RAND,2,164324.0,2.7272551969981578,19700,True,63,0.014752000000000005
ASC_n500_R1000_s0,GA-RAND,3,164330.0,3.245772548001696,19700,True,85,0.011698400000000006
ASC_n500_R1000_s0,GA-RAND,4,164319.0,2.6595257759981905,19700,True,54,0.0032912000000000006
ASC_n500_R1000_s0,GA-RAND,5,164319.0,2.9125544900016394,19700,True,120,0.006559200000000001
ASC_n500_R1000_s0,GA-RAND,6,164332.0,3.5054564960009884,19700,True,69,0.003932800000000001
ASC_n500_R1000_s0,GA-RAND,7,164325.0,3.284641844998987,19700,True,192,0.0062616
ASC_n500_R1000_s0,GA-RAND,8,164324.0,3.357509323999693,19700,True,160,0.004356800000000001
ASC_n500_R1000_s0,GA-RAND,9,164324.0,3.4455040199973155,19700,True,164,0.009112000000000002
ASC_n500_R1000_s0,GA-UCB,0,164321.0,3.2954839160011034,19700,True,43,0.0034152000000000006
ASC_n500_R1000_s0,GA-UCB,1,164320.0,2.4192674299993087,19700,True,49,0.003020800000000001
ASC_n500_R1000_s0,GA-UCB,2,164333.0,3.4802734469994903,19700,True,104,0.009500800000000004
ASC_n500_R1000_s0,GA-UCB,3,164322.0,2.412203664000117,19700,True,97,0.0018448000000000002
ASC_n500_R1000_s0,GA-UCB,4,164324.0,3.4239073780008766,19700,True,151,0.005083200000000001
ASC_n500_R1000_s0,GA-UCB,5,164326.0,3.29077920599957,19700,True,59,0.003934400000000002
ASC_n500_R1000_s0,GA-UCB,6,164317.0,3.1912569169980998,19700,True,78,0.010433600000000005
ASC_n500_R1000_s0,GA-UCB,7,164327.0,2.4021924339976977,19700,True,103,0.009576800000000005
ASC_n500_R1000_s0,GA-UCB,8,164321.0,2.823280999000417,19700,True,98,0.0034544000000000007
ASC_n500_R1000_s0,GA-UCB,9,164333.0,2.692452257997502,19700,True,64,0.008415200000000005
ASC_n500_R1000_s1,GA,0,161811.0,2.98710480400041,19700,True,110,0.0035736000000000006
ASC_n500_R1000_s1,GA,1,161817.0,3.0183061999996426,19700,True,185,0.0019064000000000002
ASC_n500_R1000_s1,GA,2,161724.0,2.6075871380016906,19700,True,193,0.0047392000000000024
ASC_n500_R1000_s1,GA,3,161712.0,2.6446782130005886,19700,True,107,0.0046288000000000015
ASC_n500_R1000_s1,GA,4,161820.0,2.622323352999956,19700,True,42,0.0020112000000000007
ASC_n500_R1000_s1,GA,5,161719.0,3.114625439997326,19700,True,51,0.004076800000000001
ASC_n500_R1000_s1,GA,6,161725.0,3.1437760529988736,19700,True,152,0.003378400000000002
ASC_n500_R1000_s1,GA,7,161815.0,2.9621221509987663,19700,True,188,0.003233600000000001
ASC_n500_R1000_s1,GA,8,161706.0,2.899623146000522,19700,True,165,0.003989600000000001
ASC_n500_R1000_s1,GA,9,161719.0,2.8292754350004543,19700,True,41,0.002630400000000001
ASC_n500_R1000_s1,GA-FIX-UX+BF3,0,161920.0,3.540806053999404,19700,True,87,0.019216000000000007
ASC_n500_R1000_s1,GA-FIX-UX+BF3,1,161920.0,3.6897724000009475,19700,True,95,0.012730400000000006
ASC_n500_R1000_s1,GA-FIX-UX+BF3,2,161919.0,2.718505484997877,19700,True,66,0.010960000000000006
ASC_n500_R1000_s1,GA-FIX-UX+BF3,3,161836.0,2.820838776002347,19700,True,144,0.04248400000000001
ASC_n500_R1000_s1,GA-FIX-UX+BF3,4,161920.0,3.561768497002049,19700,True,135,0.010664800000000007
ASC_n500_R1000_s1,GA-FIX-UX+BF3,5,161924.0,3.7174368890009646,19700,True,182,0.02714800000000001
ASC_n500_R1000_s1,GA-FIX-UX+BF3,6,161924.0,3.6552629229991,19700,True,167,0.010711200000000006
ASC_n500_R1000_s1,GA-FIX-UX+BF3,7,161924.0,3.6729152199986856,19700,True,197,0.011674400000000005
ASC_n500_R1000_s1,GA-FIX-UX+BF3,8,161924.0,2.0368646509996324,19700,True,78,0.010816800000000005
ASC_n500_R1000_s1,GA-FIX-UX+BF3,9,161924.0,3.64182853300008,19700,True,139,0.008353600000000004
ASC_n500_R1000_s1,GA-QL,0,161913.0,3.990751952998835,19700,True,185,0.003174400000000001
ASC_n500_R1000_s1,GA-QL,1,161912.0,3.662080328002048,19700,True,157,0.009236000000000005
ASC_n500_R1000_s1,GA-QL,2,161832.0,3.6829951209983847,19700,True,97,0.0056976000000000014
ASC_n500_R1000_s1,GA-QL,3,161833.0,3.688089421000768,19700,True,96,0.004859200000000001
ASC_n500_R1000_s1,GA-QL,4,161834.0,3.37935508100054,19700,True,112,0.011812800000000007
ASC_n500_R1000_s1,GA-QL,5,161826.0,2.9080439710014616,19700,True,148,0.009919200000000005
ASC_n500_R1000_s1,GA-QL,6,161919.0,3.1112904159999744,19700,True,62,0.0013775999999999999
ASC_n500_R1000_s1,GA-QL,7,161827.0,3.469548606997705,19700,True,44,0.010283200000000004
ASC_n500_R1000_s1,GA-QL,8,161834.0,3.0828981300001033,19700,True,191,0.008075200000000003
ASC_n500_R1000_s1,GA-QL,9,161920.0,3.576496952002344,19700,True,87,0.007472800000000005
ASC_n500_R1000_s1,GA-QL-T,0,161834.0,3.5450630160012224,19700,True,71,0.005029600000000001
ASC_n500_R1000_s1,GA-QL-T,1,161918.0,3.4116489269981685,19700,True,57,0.005378400000000002
ASC_n500_R1000_s1,GA-QL-T,2,161916.0,3.7067564169992693,19700,True,112,0.006589600000000001
ASC_n500_R1000_s1,GA-QL-T,3,161913.0,3.5916070220009715,19700,True,158,0.005867200000000002
ASC_n500_R1000_s1,GA-QL-T,4,161920.0,3.6104633249997278,19700,True,39,0.009269600000000006
ASC_n500_R1000_s1,GA-QL-T,5,161835.0,3.375834007998492,19700,True,191,0.013519200000000004
ASC_n500_R1000_s1,GA-QL-T,6,161921.0,3.2043406379998487,19700,True,180,0.0013272000000000006
ASC_n500_R1000_s1,GA-QL-T,7,161918.0,3.5608372060014517,19700,True,177,0.007051200000000003
ASC_n500_R1000_s1,GA-QL-T,8,161828.0,3.088615684002434,19700,True,169,0.013494400000000007
ASC_n500_R1000_s1,GA-QL-T,9,161825.0,2.149102068000502,19700,True,165,0.014158400000000003
ASC_n500_R1000_s1,GA-QL-Tphi,0,161915.0,3.441307102999417,19700,True,124,0.003214400000000001
ASC_n500_R1000_s1,GA-QL-Tphi,1,161912.0,3.1324118029988313,19700,True,99,0.007627200000000004
ASC_n500_R1000_s1,GA-QL-Tphi,2,161823.0,3.321595604000322,19700,True,39,0.009399200000000003
ASC_n500_R1000_s1,GA-QL-Tphi,3,161830.0,3.200475017998542,19700,True,98,0.010496000000000005
ASC_n500_R1000_s1,GA-QL-Tphi,4,161833.0,2.042593050002324,19700,True,57,0.004732000000000001
ASC_n500_R1000_s1,GA-QL-Tphi,5,161917.0,2.886058846001106,19700,True,57,0.0027784000000000003
ASC_n500_R1000_s1,GA-QL-Tphi,6,161914.0,3.53729777099943,19700,True,48,0.0034840000000000006
ASC_n500_R1000_s1,GA-QL-Tphi,7,161836.0,2.470222009000281,19700,True,198,0.009964000000000002
ASC_n500_R1000_s1,GA-QL-Tphi,8,161823.0,3.3997484179999446,19700,True,177,0.010156800000000006
ASC_n500_R1000_s1,GA-QL-Tphi,9,161838.0,3.3455647039991163,19700,True,104,0.010058400000000004
ASC_n500_R1000_s1,GA-RAND,0,161824.0,3.645135194001341,19700,True,52,0.0025872000000000004
ASC_n500_R1000_s1,GA-RAND,1,161828.0,3.4878905909972673,19700,True,33,0.0023248000000000006
ASC_n500_R1000_s1,GA-RAND,2,161824.0,2.969878449999669,19700,True,74,0.007956800000000002
ASC_n500_R1000_s1,GA-RAND,3,161828.0,3.6465704559996084,19700,True,69,0.010964800000000005
ASC_n500_R1000_s1,GA-RAND,4,161826.0,3.274443753001833,19700,True,61,0.004647999999999999
ASC_n500_R1000_s1,GA-RAND,5,161829.0,3.553056958000525,19700,True,108,0.006047200000000002
ASC_n500_R1000_s1,GA-RAND,6,161831.0,3.008377972000744,19700,True,179,0.0056792000000000014
ASC_n500_R1000_s1,GA-RAND,7,161839.0,3.9398868550015322,19700,True,146,0.006709600000000004
ASC_n500_R1000_s1,GA-RAND,8,161821.0,3.9184499099974346,19700,True,69,0.007244800000000002
ASC_n500_R1000_s1,GA-RAND,9,161920.0,3.9653794410005503,19700,True,153,0.003104
ASC_n500_R1000_s1,GA-UCB,0,161834.0,4.0905107030012005,19700,True,162,0.006616800000000004
ASC_n500_R1000_s1,GA-UCB,1,161914.0,4.522318748000544,19700,True,174,0.008211200000000005
ASC_n500_R1000_s1,GA-UCB,2,161825.0,4.051858988001186,19700,True,34,0.006460800000000003
ASC_n500_R1000_s1,GA-UCB,3,161830.0,4.282454929998494,19700,True,94,0.004393600000000001
ASC_n500_R1000_s1,GA-UCB,4,161918.0,3.9984370349993696,19700,True,50,0.001716800000000001
ASC_n500_R1000_s1,GA-UCB,5,161826.0,3.835466279000684,19700,True,88,0.007416800000000004
ASC_n500_R1000_s1,GA-UCB,6,161827.0,3.6975059249998594,19700,True,138,0.005309600000000001
ASC_n500_R1000_s1,GA-UCB,7,161816.0,4.454348479001055,19700,True,34,0.001990400000000001
ASC_n500_R1000_s1,GA-UCB,8,161813.0,3.4782616430020425,19700,True,19,0.0056544
ASC_n500_R1000_s1,GA-UCB,9,161826.0,3.3400499310009764,19700,True,91,0.007813600000000002
ASC_n500_R1000_s2,GA,0,160342.0,3.0070805060022394,19700,True,46,0.0026064000000000018
ASC_n500_R1000_s2,GA,1,160262.0,2.238453654001205,19700,True,193,0.007559200000000001
ASC_n500_R1000_s2,GA,2,160336.0,2.922097753002163,19700,True,28,0.0024480000000000005
ASC_n500_R1000_s2,GA,3,160352.0,1.550370742999803,19700,True,93,0.002465600000000001
ASC_n500_R1000_s2,GA,4,160343.0,2.961726801000623,19700,True,115,0.0014000000000000006
ASC_n500_R1000_s2,GA,5,160258.0,2.8011917500007257,19700,True,150,0.0031864000000000016
ASC_n500_R1000_s2,GA,6,160349.0,2.6353374339996662,19700,True,53,0.0014904000000000009
ASC_n500_R1000_s2,GA,7,160258.0,2.3712423459983256,19700,True,104,0.004468800000000002
ASC_n500_R1000_s2,GA,8,160352.0,3.0389025439981197,19700,True,39,0.0043976000000000015
ASC_n500_R1000_s2,GA,9,160353.0,2.8499189620015386,19700,True,82,0.003200000000000001
ASC_n500_R1000_s2,GA-FIX-UX+BF3,0,160456.0,3.782486076001078,19700,True,152,0.0418576
ASC_n500_R1000_s2,GA-FIX-UX+BF3,1,160458.0,3.5385164159997657,19700,True,176,0.031421600000000015
ASC_n500_R1000_s2,GA-FIX-UX+BF3,2,160456.0,2.8890987929989933,19700,True,171,0.011612000000000006
ASC_n500_R1000_s2,GA-FIX-UX+BF3,3,160457.0,3.7802213299983123,19700,True,138,0.010424800000000005
ASC_n500_R1000_s2,GA-FIX-UX+BF3,4,160454.0,3.3976335560000734,19700,True,93,0.01142160000000001
ASC_n500_R1000_s2,GA-FIX-UX+BF3,5,160457.0,3.693332714999997,19700,True,158,0.017872800000000005
ASC_n500_R1000_s2,GA-FIX-UX+BF3,6,160457.0,3.652850246999151,19700,True,119,0.012474400000000007
ASC_n500_R1000_s2,GA-FIX-UX+BF3,7,160456.0,2.3280073089990765,19700,True,133,0.011754400000000005
ASC_n500_R1000_s2,GA-FIX-UX+BF3,8,160452.0,3.5923467939974216,19700,True,102,0.009868800000000004
ASC_n500_R1000_s2,GA-FIX-UX+BF3,9,160453.0,3.75561297600143,19700,True,120,0.02845360000000001
ASC_n500_R1000_s2,GA-QL,0,160449.0,3.282718192000175,19700,True,38,0.002965600000000001
ASC_n500_R1000_s2,GA-QL,1,160448.0,2.8863199959996564,19700,True,44,0.009549600000000005
ASC_n500_R1000_s2,GA-QL,2,160450.0,2.938688018002722,19700,True,70,0.004351200000000001
ASC_n500_R1000_s2,GA-QL,3,160446.0,3.3008487970000715,19700,True,66,0.0017072000000000007
ASC_n500_R1000_s2,GA-QL,4,160447.0,3.4620203329977812,19700,True,36,0.003377600000000002
ASC_n500_R1000_s2,GA-QL,5,160354.0,3.2658201369995368,19700,True,189,0.012502400000000006
ASC_n500_R1000_s2,GA-QL,6,160460.0,3.361049897997873,19700,True,171,0.008328000000000006
ASC_n500_R1000_s2,GA-QL,7,160348.0,3.2978647490017465,19700,True,140,0.0023736
ASC_n500_R1000_s2,GA-QL,8,160446.0,2.2611789490001684,19700,True,151,0.009524800000000003
ASC_n500_R1000_s2,GA-QL,9,160456.0,2.597492738997971,19700,True,166,0.008947200000000006
ASC_n500_R1000_s2,GA-QL-T,0,160451.0,3.5721611459994165,19700,True,181,0.010292000000000006
ASC_n500_R1000_s2,GA-QL-T,1,160454.0,2.615489971001807,19700,True,166,0.007298400000000003
ASC_n500_R1000_s2,GA-QL-T,2,160455.0,3.5336559540010057,19700,True,52,0.012104800000000008
ASC_n500_R1000_s2,GA-QL-T,3,160456.0,3.3906066300005477,19700,True,94,0.008028000000000004
ASC_n500_R1000_s2,GA-QL-T,4,160454.0,3.539914750999742,19700,True,176,0.0080064
ASC_n500_R1000_s2,GA-QL-T,5,160456.0,3.500045749002311,19700,True,159,0.006142400000000002
ASC_n500_R1000_s2,GA-QL-T,6,160451.0,2.619937512001343,19700,True,162,0.008910400000000004
ASC_n500_R1000_s2,GA-QL-T,7,160449.0,2.93403044599836,19700,True,62,0.010659200000000004
ASC_n500_R1000_s2,GA-QL-T,8,160459.0,3.5804937499997322,19700,True,74,0.005550400000000001
ASC_n500_R1000_s2,GA-QL-T,9,160452.0,2.8951900789979845,19700,True,200,0.005947200000000001
ASC_n500_R1000_s2,GA-QL-Tphi,0,160451.0,3.4874881850009842,19700,True,87,0.0026288
ASC_n500_R1000_s2,GA-QL-Tphi,1,160450.0,3.5254027560004033,19700,True,154,0.020486400000000005
ASC_n500_R1000_s2,GA-QL-Tphi,2,160453.0,2.5943039990015677,19700,True,112,0.008516800000000003
ASC_n500_R1000_s2,GA-QL-Tphi,3,160446.0,3.4251678270011325,19700,True,144,0.008364800000000004
ASC_n500_R1000_s2,GA-QL-Tphi,4,160445.0,3.536531992998789,19700,True,121,0.004093600000000001
ASC_n500_R1000_s2,GA-QL-Tphi,5,160455.0,3.291841962000035,19700,True,113,0.008969600000000005
ASC_n500_R1000_s2,GA-QL-Tphi,6,160449.0,3.5463883129996248,19700,True,141,0.007720800000000004
ASC_n500_R1000_s2,GA-QL-Tphi,7,160453.0,3.4512389750016155,19700,True,59,0.012740000000000005
ASC_n500_R1000_s2,GA-QL-Tphi,8,160447.0,3.3151784030014824,19700,True,155,0.008430400000000006
ASC_n500_R1000_s2,GA-QL-Tphi,9,160441.0,3.544764676000341,19700,True,47,0.004263200000000001
ASC_n500_R1000_s2,GA-RAND,0,160454.0,3.4413719670010323,19700,True,81,0.002344000000000001
ASC_n500_R1000_s2,GA-RAND,1,160450.0,3.4103657499981637,19700,True,43,0.003526400000000001
ASC_n500_R1000_s2,GA-RAND,2,160447.0,1.842142520003108,19700,True,65,0.0051952000000000005
ASC_n500_R1000_s2,GA-RAND,3,160449.0,3.3075559140015685,19700,True,53,0.010600000000000005
ASC_n500_R1000_s2,GA-RAND,4,160355.0,3.3382363629971223,19700,True,115,0.0039792000000000004
ASC_n500_R1000_s2,GA-RAND,5,160447.0,3.3819385099995998,19700,True,173,0.002289600000000001
ASC_n500_R1000_s2,GA-RAND,6,160451.0,3.377054953001789,19700,True,49,0.0046592000000000005
ASC_n500_R1000_s2,GA-RAND,7,160452.0,2.735034072000417,19700,True,55,0.003644800000000001
ASC_n500_R1000_s2,GA-RAND,8,160444.0,1.910063960000116,19700,True,188,0.0024016000000000003
ASC_n500_R1000_s2,GA-RAND,9,160448.0,3.396371230999648,19700,True,198,0.0033120000000000003
ASC_n500_R1000_s2,GA-UCB,0,160447.0,3.4540594249992864,19700,True,182,0.0036920000000000004
ASC_n500_R1000_s2,GA-UCB,1,160452.0,3.3970626700029243,19700,True,44,0.009343200000000006
ASC_n500_R1000_s2,GA-UCB,2,160451.0,3.004619712999556,19700,True,198,0.0031232000000000013
ASC_n500_R1000_s2,GA-UCB,3,160451.0,2.475204334001319,19700,True,49,0.0022864000000000014
ASC_n500_R1000_s2,GA-UCB,4,160452.0,3.419997600998613,19700,True,70,0.009375200000000007
ASC_n500_R1000_s2,GA-UCB,5,160457.0,3.0134595749987056,19700,True,183,0.0025600000000000006
ASC_n500_R1000_s2,GA-UCB,6,160447.0,3.4036582320004527,19700,True,66,0.009045600000000004
ASC_n500_R1000_s2,GA-UCB,7,160448.0,3.436352619999525,19700,True,86,0.001957600000000001
ASC_n500_R1000_s2,GA-UCB,8,160446.0,2.2601231250009732,19700,True,48,0.007364800000000003
ASC_n500_R1000_s2,GA-UCB,9,160447.0,3.485282202997041,19700,True,108,0.0032736000000000006
ISC_n1000_R1000_s0,GA,0,272977.0,8.303693939000368,19700,True,128,0.010042000000000002
ISC_n1000_R1000_s0,GA,1,272977.0,8.28038078499958,19700,True,115,0.009076800000000003
ISC_n1000_R1000_s0,GA,2,272977.0,8.560065143003158,19700,True,148,0.0096488
ISC_n1000_R1000_s0,GA,3,272977.0,7.172346751001896,19700,True,111,0.0019404000000000008
ISC_n1000_R1000_s0,GA,4,272977.0,9.029881164999097,19700,True,153,0.0071904000000000004
ISC_n1000_R1000_s0,GA,5,272977.0,7.783111170996563,19700,True,120,0.0022848000000000005
ISC_n1000_R1000_s0,GA,6,272977.0,8.416607568000472,19700,True,130,0.007572000000000001
ISC_n1000_R1000_s0,GA,7,272977.0,9.082997885998338,19700,True,121,0.006901600000000002
ISC_n1000_R1000_s0,GA,8,272977.0,8.620494309998321,19700,True,99,0.0031040000000000004
ISC_n1000_R1000_s0,GA,9,272977.0,7.410704336998606,19700,True,121,0.0013860000000000005
ISC_n1000_R1000_s0,GA-FIX-UX+BF3,0,272977.0,10.329506260997732,19700,True,43,0.0168492
ISC_n1000_R1000_s0,GA-FIX-UX+BF3,1,272977.0,10.15358731699962,19700,True,41,0.020393200000000007
ISC_n1000_R1000_s0,GA-FIX-UX+BF3,2,272977.0,10.375994321999315,19700,True,48,0.018600000000000005
ISC_n1000_R1000_s0,GA-FIX-UX+BF3,3,272977.0,10.458639893000509,19700,True,41,0.017960800000000006
ISC_n1000_R1000_s0,GA-FIX-UX+BF3,4,272977.0,10.061945265999384,19700,True,52,0.014065600000000003
ISC_n1000_R1000_s0,GA-FIX-UX+BF3,5,272977.0,9.511276445999101,19700,True,41,0.016674800000000004
ISC_n1000_R1000_s0,GA-FIX-UX+BF3,6,272977.0,9.221318512001744,19700,True,51,0.018101200000000005
ISC_n1000_R1000_s0,GA-FIX-UX+BF3,7,272977.0,9.23593179099771,19700,True,46,0.019568400000000007
ISC_n1000_R1000_s0,GA-FIX-UX+BF3,8,272977.0,10.08527845199933,19700,True,48,0.021321600000000007
ISC_n1000_R1000_s0,GA-FIX-UX+BF3,9,272977.0,9.273780374001944,19700,True,43,0.0162884
ISC_n1000_R1000_s0,GA-QL,0,272977.0,9.727388985997095,19700,True,49,0.014565200000000004
ISC_n1000_R1000_s0,GA-QL,1,272977.0,8.997340899000847,19700,True,66,0.014774800000000003
ISC_n1000_R1000_s0,GA-QL,2,272977.0,9.571075896998082,19700,True,46,0.024612000000000005
ISC_n1000_R1000_s0,GA-QL,3,272977.0,10.349774442001944,19700,True,72,0.021298800000000003
ISC_n1000_R1000_s0,GA-QL,4,272977.0,10.6183665690005,19700,True,51,0.017196400000000004
ISC_n1000_R1000_s0,GA-QL,5,272977.0,10.257397392997518,19700,True,54,0.023068400000000003
ISC_n1000_R1000_s0,GA-QL,6,272977.0,10.820689196996682,19700,True,79,0.018384400000000006
ISC_n1000_R1000_s0,GA-QL,7,272977.0,11.013861086998077,19700,True,71,0.019435200000000007
ISC_n1000_R1000_s0,GA-QL,8,272977.0,10.532710306000808,19700,True,56,0.024764400000000002
ISC_n1000_R1000_s0,GA-QL,9,272977.0,10.64595877299871,19700,True,48,0.02742960000000001
ISC_n1000_R1000_s0,GA-QL-T,0,272977.0,9.96687828100039,19700,True,47,0.012606000000000004
ISC_n1000_R1000_s0,GA-QL-T,1,272977.0,10.047604032999516,19700,True,48,0.015668800000000004
ISC_n1000_R1000_s0,GA-QL-T,2,272977.0,10.353593104999163,19700,True,52,0.019210800000000007
ISC_n1000_R1000_s0,GA-QL-T,3,272977.0,10.89219968100224,19700,True,51,0.017681200000000005
ISC_n1000_R1000_s0,GA-QL-T,4,272977.0,10.478008531998057,19700,True,54,0.017929600000000004
ISC_n1000_R1000_s0,GA-QL-T,5,272977.0,10.325024696001492,19700,True,53,0.01998960000000001
ISC_n1000_R1000_s0,GA-QL-T,6,272977.0,10.167014139002276,19700,True,48,0.017819200000000007
ISC_n1000_R1000_s0,GA-QL-T,7,272977.0,10.00229206399672,19700,True,45,0.020283600000000002
ISC_n1000_R1000_s0,GA-QL-T,8,272977.0,10.676938311000413,19700,True,50,0.017301600000000004
ISC_n1000_R1000_s0,GA-QL-T,9,272977.0,10.844082424999215,19700,True,55,0.014971200000000004
ISC_n1000_R1000_s0,GA-QL-Tphi,0,272977.0,9.471035948001372,19700,True,92,0.019925200000000004
ISC_n1000_R1000_s0,GA-QL-Tphi,1,272977.0,10.03889809300017,19700,True,78,0.016459200000000007
ISC_n1000_R1000_s0,GA-QL-Tphi,2,272977.0,9.808425059000001,19700,True,88,0.02265560000000001
ISC_n1000_R1000_s0,GA-QL-Tphi,3,272977.0,10.019896215999324,19700,True,85,0.017401200000000002
ISC_n1000_R1000_s0,GA-QL-Tphi,4,272977.0,9.881285856001341,19700,True,83,0.016774800000000006
ISC_n1000_R1000_s0,GA-QL-Tphi,5,272977.0,9.660295345001941,19700,True,81,0.019660000000000004
ISC_n1000_R1000_s0,GA-QL-Tphi,6,272977.0,9.537331199000619,19700,True,75,0.0158
ISC_n1000_R1000_s0,GA-QL-Tphi,7,272977.0,9.544355080000969,19700,True,78,0.017510400000000006
ISC_n1000_R1000_s0,GA-QL-Tphi,8,272977.0,9.359281959001237,19700,True,81,0.013477200000000003
ISC_n1000_R1000_s0,GA-QL-Tphi,9,272977.0,9.480397209998046,19700,True,91,0.0159508
ISC_n1000_R1000_s0,GA-RAND,0,272977.0,10.358991724002408,19700,True,58,0.022466000000000007
ISC_n1000_R1000_s0,GA-RAND,1,272977.0,9.537194499996986,19700,True,60,0.022816000000000006
ISC_n1000_R1000_s0,GA-RAND,2,272977.0,9.690289387999655,19700,True,75,0.0197248
ISC_n1000_R1000_s0,GA-RAND,3,272977.0,9.41160976700121,19700,True,63,0.018588000000000004
ISC_n1000_R1000_s0,GA-RAND,4,272977.0,9.093090760998166,19700,True,71,0.019701600000000007
ISC_n1000_R1000_s0,GA-RAND,5,272977.0,9.66873815299914,19700,True,61,0.014860800000000002
ISC_n1000_R1000_s0,GA-RAND,6,272977.0,9.841940461999911,19700,True,65,0.013887600000000002
ISC_n1000_R1000_s0,GA-RAND,7,272977.0,10.001227106000442,19700,True,59,0.015915200000000004
ISC_n1000_R1000_s0,GA-RAND,8,272977.0,9.52760564500204,19700,True,74,0.017736400000000003
ISC_n1000_R1000_s0,GA-RAND,9,272977.0,9.784652612997888,19700,True,58,0.013545200000000004
ISC_n1000_R1000_s0,GA-UCB,0,272977.0,10.409616109998751,19700,True,66,0.022927600000000006
ISC_n1000_R1000_s0,GA-UCB,1,272977.0,10.0130039579999,19700,True,68,0.021531200000000004
ISC_n1000_R1000_s0,GA-UCB,2,272977.0,9.969694962001086,19700,True,75,0.026460400000000005
ISC_n1000_R1000_s0,GA-UCB,3,272977.0,9.81869772400023,19700,True,63,0.015308000000000006
ISC_n1000_R1000_s0,GA-UCB,4,272977.0,9.564262358002452,19700,True,66,0.020887600000000006
ISC_n1000_R1000_s0,GA-UCB,5,272977.0,10.397991443001956,19700,True,65,0.022195200000000005
ISC_n1000_R1000_s0,GA-UCB,6,272977.0,9.450536270000157,19700,True,72,0.022609600000000004
ISC_n1000_R1000_s0,GA-UCB,7,272977.0,10.420099880000635,19700,True,63,0.016336000000000007
ISC_n1000_R1000_s0,GA-UCB,8,272977.0,9.882063140001264,19700,True,74,0.016995200000000005
ISC_n1000_R1000_s0,GA-UCB,9,272977.0,9.531000938000943,19700,True,60,0.011927200000000002
ISC_n1000_R1000_s1,GA,0,266774.0,8.675772385999153,19700,True,125,0.007287600000000001
ISC_n1000_R1000_s1,GA,1,266774.0,9.347948705999443,19700,True,127,0.006697600000000001
ISC_n1000_R1000_s1,GA,2,266774.0,8.793581730998994,19700,True,125,0.0034404
ISC_n1000_R1000_s1,GA,3,266774.0,8.487428984997678,19700,True,90,0.007725600000000002
ISC_n1000_R1000_s1,GA,4,266774.0,9.073384994000662,19700,True,102,0.006774400000000002
ISC_n1000_R1000_s1,GA,5,266774.0,9.524982138002088,19700,True,132,0.004692400000000001
ISC_n1000_R1000_s1,GA,6,266774.0,9.41335518300184,19700,True,122,0.0115232
ISC_n1000_R1000_s1,GA,7,266774.0,9.174352199999703,19700,True,113,0.0066632
ISC_n1000_R1000_s1,GA,8,266774.0,7.128572893001547,19700,True,111,0.003646800000000001
ISC_n1000_R1000_s1,GA,9,266774.0,9.228412251999544,19700,True,142,0.005675200000000001
ISC_n1000_R1000_s1,GA-FIX-UX+BF3,0,266774.0,10.110384431001876,19700,True,43,0.015786400000000003
ISC_n1000_R1000_s1,GA-FIX-UX+BF3,1,266774.0,9.861565097002313,19700,True,43,0.024147200000000004
ISC_n1000_R1000_s1,GA-FIX-UX+BF3,2,266774.0,9.576126104999275,19700,True,47,0.017298800000000003
ISC_n1000_R1000_s1,GA-FIX-UX+BF3,3,266774.0,8.804871478998393,19700,True,43,0.016154000000000005
ISC_n1000_R1000_s1,GA-FIX-UX+BF3,4,266774.0,9.926693549001357,19700,True,45,0.013453200000000002
ISC_n1000_R1000_s1,GA-FIX-UX+BF3,5,266774.0,8.160719551000511,19700,True,43,0.017622400000000007
ISC_n1000_R1000_s1,GA-FIX-UX+BF3,6,266774.0,9.525884017999488,19700,True,48,0.016560000000000002
ISC_n1000_R1000_s1,GA-FIX-UX+BF3,7,266774.0,8.095438063999609,19700,True,43,0.017690000000000004
ISC_n1000_R1000_s1,GA-FIX-UX+BF3,8,266774.0,9.694996344998799,19700,True,42,0.018046000000000006
ISC_n1000_R1000_s1,GA-FIX-UX+BF3,9,266774.0,8.587925217998418,19700,True,41,0.017890800000000005
ISC_n1000_R1000_s1,GA-QL,0,266774.0,8.624405762999231,19700,True,76,0.024409600000000004
ISC_n1000_R1000_s1,GA-QL,1,266774.0,10.087933499999053,19700,True,53,0.018566400000000004
ISC_n1000_R1000_s1,GA-QL,2,266774.0,8.312067061000562,19700,True,51,0.018653200000000005
ISC_n1000_R1000_s1,GA-QL,3,266774.0,9.448947126998974,19700,True,67,0.021598000000000006
ISC_n1000_R1000_s1,GA-QL,4,266774.0,8.969694108000112,19700,True,58,0.020025200000000007
ISC_n1000_R1000_s1,GA-QL,5,266774.0,7.5166501970015815,19700,True,72,0.020017200000000006
ISC_n1000_R1000_s1,GA-QL,6,266774.0,8.977247677001287,19700,True,62,0.021550400000000004
ISC_n1000_R1000_s1,GA-QL,7,266774.0,9.890454683001735,19700,True,47,0.020784000000000007
ISC_n1000_R1000_s1,GA-QL,8,266774.0,9.060913976998563,19700,True,58,0.016940000000000004
ISC_n1000_R1000_s1,GA-QL,9,266774.0,10.057032807002543,19700,True,53,0.0230428
ISC_n1000_R1000_s1,GA-QL-T,0,266774.0,9.939842084997508,19700,True,39,0.017523200000000006
ISC_n1000_R1000_s1,GA-QL-T,1,266774.0,9.774786155001493,19700,True,46,0.016472800000000006
ISC_n1000_R1000_s1,GA-QL-T,2,266774.0,7.685561712998606,19700,True,48,0.015123200000000005
ISC_n1000_R1000_s1,GA-QL-T,3,266774.0,9.968343729997287,19700,True,49,0.017298400000000005
ISC_n1000_R1000_s1,GA-QL-T,4,266774.0,9.475374387002375,19700,True,51,0.019432800000000007
ISC_n1000_R1000_s1,GA-QL-T,5,266774.0,8.80417466200015,19700,True,46,0.019796000000000005
ISC_n1000_R1000_s1,GA-QL-T,6,266774.0,8.853539239000384,19700,True,43,0.016408000000000006
ISC_n1000_R1000_s1,GA-QL-T,7,266774.0,6.587986671998806,19700,True,46,0.015765200000000007
ISC_n1000_R1000_s1,GA-QL-T,8,266774.0,8.1127785389981,19700,True,49,0.018920000000000003
ISC_n1000_R1000_s1,GA-QL-T,9,266774.0,9.131034320998879,19700,True,43,0.014919600000000003
ISC_n1000_R1000_s1,GA-QL-Tphi,0,266774.0,9.43328140200174,19700,True,70,0.0159888
ISC_n1000_R1000_s1,GA-QL-Tphi,1,266774.0,9.544530660001328,19700,True,71,0.015433200000000005
ISC_n1000_R1000_s1,GA-QL-Tphi,2,266774.0,6.757801094998285,19700,True,81,0.017236000000000005
ISC_n1000_R1000_s1,GA-QL-Tphi,3,266774.0,7.284396868002659,19700,True,89,0.018197200000000007
ISC_n1000_R1000_s1,GA-QL-Tphi,4,266774.0,9.26604973600115,19700,True,75,0.013132000000000003
ISC_n1000_R1000_s1,GA-QL-Tphi,5,266774.0,9.3395290940025,19700,True,79,0.016439200000000005
ISC_n1000_R1000_s1,GA-QL-Tphi,6,266774.0,8.508822888998111,19700,True,73,0.018124800000000003
ISC_n1000_R1000_s1,GA-QL-Tphi,7,266774.0,8.44481356200049,19700,True,75,0.014782800000000006
ISC_n1000_R1000_s1,GA-QL-Tphi,8,266774.0,9.378699712000525,19700,True,81,0.014101200000000003
ISC_n1000_R1000_s1,GA-QL-Tphi,9,266774.0,9.288218267000047,19700,True,80,0.014161200000000004
ISC_n1000_R1000_s1,GA-RAND,0,266774.0,8.975235557001724,19700,True,54,0.021182400000000007
ISC_n1000_R1000_s1,GA-RAND,1,266774.0,9.225321865000296,19700,True,60,0.0218256
ISC_n1000_R1000_s1,GA-RAND,2,266774.0,9.662339631999203,19700,True,60,0.023228000000000006
ISC_n1000_R1000_s1,GA-RAND,3,266774.0,10.186874137001723,19700,True,63,0.019774400000000004
ISC_n1000_R1000_s1,GA-RAND,4,266774.0,8.721482188000664,19700,True,58,0.022468000000000002
ISC_n1000_R1000_s1,GA-RAND,5,266774.0,9.933070808998309,19700,True,57,0.011854800000000002
ISC_n1000_R1000_s1,GA-RAND,6,266774.0,8.61738723400049,19700,True,66,0.014202400000000004
ISC_n1000_R1000_s1,GA-RAND,7,266774.0,10.184567655996943,19700,True,66,0.016668800000000004
ISC_n1000_R1000_s1,GA-RAND,8,266774.0,9.454051189997699,19700,True,64,0.015766000000000006
ISC_n1000_R1000_s1,GA-RAND,9,266774.0,9.886113843000203,19700,True,57,0.014266800000000003
ISC_n1000_R1000_s1,GA-UCB,0,266774.0,9.99211049600126,19700,True,58,0.011086400000000003
ISC_n1000_R1000_s1,GA-UCB,1,266774.0,9.563745153001946,19700,True,52,0.021936000000000008
ISC_n1000_R1000_s1,GA-UCB,2,266774.0,9.992382946998987,19700,True,61,0.018591200000000006
ISC_n1000_R1000_s1,GA-UCB,3,266774.0,10.214013090000662,19700,True,55,0.021221600000000007
ISC_n1000_R1000_s1,GA-UCB,4,266774.0,9.736376305001613,19700,True,62,0.017382800000000004
ISC_n1000_R1000_s1,GA-UCB,5,266774.0,9.029340844001126,19700,True,63,0.017992000000000005
ISC_n1000_R1000_s1,GA-UCB,6,266774.0,9.699548556996888,19700,True,61,0.020442400000000006
ISC_n1000_R1000_s1,GA-UCB,7,266774.0,8.618525482997939,19700,True,71,0.017124400000000005
ISC_n1000_R1000_s1,GA-UCB,8,266774.0,8.760093312001118,19700,True,57,0.021778400000000003
ISC_n1000_R1000_s1,GA-UCB,9,266774.0,9.12901451700236,19700,True,51,0.017906400000000006
ISC_n1000_R1000_s2,GA,0,267193.0,8.111486074998538,19700,True,115,0.006518800000000001
ISC_n1000_R1000_s2,GA,1,267193.0,8.04937159599649,19700,True,157,0.012535600000000001
ISC_n1000_R1000_s2,GA,2,267193.0,9.039449341998989,19700,True,139,0.012069200000000002
ISC_n1000_R1000_s2,GA,3,267193.0,8.37004183099998,19700,True,124,0.011014800000000002
ISC_n1000_R1000_s2,GA,4,267193.0,8.58814727799836,19700,True,108,0.006232400000000001
ISC_n1000_R1000_s2,GA,5,267193.0,8.618172851998679,19700,True,107,0.007880800000000002
ISC_n1000_R1000_s2,GA,6,267193.0,6.671323951999511,19700,True,116,0.004186800000000001
ISC_n1000_R1000_s2,GA,7,267193.0,8.570175093998841,19700,True,90,0.003384400000000001
ISC_n1000_R1000_s2,GA,8,267193.0,8.568049303998123,19700,True,99,0.006600800000000001
ISC_n1000_R1000_s2,GA,9,267193.0,7.699154519999865,19700,True,108,0.012990800000000002
ISC_n1000_R1000_s2,GA-FIX-UX+BF3,0,267199.0,9.534003384000243,19700,True,61,0.012996400000000005
ISC_n1000_R1000_s2,GA-FIX-UX+BF3,1,267199.0,9.454037152001547,19700,True,73,0.011301200000000003
ISC_n1000_R1000_s2,GA-FIX-UX+BF3,2,267199.0,9.072007009002846,19700,True,74,0.011264800000000005
ISC_n1000_R1000_s2,GA-FIX-UX+BF3,3,267199.0,9.422897189997457,19700,True,82,0.010677200000000003
ISC_n1000_R1000_s2,GA-FIX-UX+BF3,4,267199.0,8.901582825998048,19700,True,78,0.011626400000000004
ISC_n1000_R1000_s2,GA-FIX-UX+BF3,5,267199.0,5.356642811999336,19700,True,78,0.012874000000000003
ISC_n1000_R1000_s2,GA-FIX-UX+BF3,6,267199.0,9.174962188997597,19700,True,75,0.009980400000000004
ISC_n1000_R1000_s2,GA-FIX-UX+BF3,7,267199.0,9.715713314999448,19700,True,94,0.013528800000000004
ISC_n1000_R1000_s2,GA-FIX-UX+BF3,8,267199.0,9.717224656997132,19700,True,85,0.010503200000000002
ISC_n1000_R1000_s2,GA-FIX-UX+BF3,9,267199.0,8.74635226099781,19700,True,104,0.013153200000000004
ISC_n1000_R1000_s2,GA-QL,0,267199.0,9.22653241199805,19700,True,106,0.003678000000000001
ISC_n1000_R1000_s2,GA-QL,1,267199.0,8.676147623998986,19700,True,98,0.025523600000000007
ISC_n1000_R1000_s2,GA-QL,2,267199.0,8.604342180999083,19700,True,108,0.008919200000000002
ISC_n1000_R1000_s2,GA-QL,3,267199.0,7.318316230001074,19700,True,158,0.007834400000000002
ISC_n1000_R1000_s2,GA-QL,4,267199.0,9.41757498700099,19700,True,149,0.012125600000000002
ISC_n1000_R1000_s2,GA-QL,5,267199.0,8.818152403000568,19700,True,110,0.008124800000000001
ISC_n1000_R1000_s2,GA-QL,6,267199.0,8.387786733001121,19700,True,143,0.011033600000000003
ISC_n1000_R1000_s2,GA-QL,7,267199.0,9.605577490001451,19700,True,87,0.019997200000000007
ISC_n1000_R1000_s2,GA-QL,8,267199.0,8.094465247002518,19700,True,116,0.014337600000000004
ISC_n1000_R1000_s2,GA-QL,9,267199.0,8.905954927999119,19700,True,113,0.009706800000000003
ISC_n1000_R1000_s2,GA-QL-T,0,267199.0,8.755925362998823,19700,True,98,0.012358000000000004
ISC_n1000_R1000_s2,GA-QL-T,1,267199.0,9.002919164999184,19700,True,117,0.012774400000000003
ISC_n1000_R1000_s2,GA-QL-T,2,267199.0,8.202540837002744,19700,True,87,0.014800800000000005
ISC_n1000_R1000_s2,GA-QL-T,3,267199.0,8.0122005000012,19700,True,130,0.012734800000000003
ISC_n1000_R1000_s2,GA-QL-T,4,267199.0,7.436950766001246,19700,True,81,0.015838000000000005
ISC_n1000_R1000_s2,GA-QL-T,5,267199.0,9.786228534998372,19700,True,111,0.009478000000000004
ISC_n1000_R1000_s2,GA-QL-T,6,267199.0,9.472017563999543,19700,True,123,0.015736400000000005
ISC_n1000_R1000_s2,GA-QL-T,7,267199.0,9.163751034997404,19700,True,109,0.015854000000000007
ISC_n1000_R1000_s2,GA-QL-T,8,267199.0,8.820874180000828,19700,True,93,0.009795600000000003
ISC_n1000_R1000_s2,GA-QL-T,9,267199.0,7.614890299999388,19700,True,78,0.012726400000000006
ISC_n1000_R1000_s2,GA-QL-Tphi,0,267199.0,8.340920136000932,19700,True,133,0.021405600000000007
ISC_n1000_R1000_s2,GA-QL-Tphi,1,267199.0,8.210293187999923,19700,True,146,0.012289200000000004
ISC_n1000_R1000_s2,GA-QL-Tphi,2,267199.0,6.791235456999857,19700,True,115,0.020128800000000006
ISC_n1000_R1000_s2,GA-QL-Tphi,3,267199.0,8.60811820500021,19700,True,117,0.016603200000000005
ISC_n1000_R1000_s2,GA-QL-Tphi,4,267199.0,9.159438612001395,19700,True,122,0.017436800000000006
ISC_n1000_R1000_s2,GA-QL-Tphi,5,267199.0,7.741148968998459,19700,True,137,0.021668400000000004
ISC_n1000_R1000_s2,GA-QL-Tphi,6,267199.0,8.461185640000622,19700,True,143,0.010206800000000005
ISC_n1000_R1000_s2,GA-QL-Tphi,7,267199.0,9.074320271000033,19700,True,122,0.011922000000000004
ISC_n1000_R1000_s2,GA-QL-Tphi,8,267199.0,8.698727194998355,19700,True,127,0.013883200000000002
ISC_n1000_R1000_s2,GA-QL-Tphi,9,267199.0,9.47155511299934,19700,True,156,0.014523200000000007
ISC_n1000_R1000_s2,GA-RAND,0,267199.0,7.956312391997926,19700,True,108,0.017406000000000005
ISC_n1000_R1000_s2,GA-RAND,1,267199.0,9.024436821000563,19700,True,112,0.012382800000000003
ISC_n1000_R1000_s2,GA-RAND,2,267199.0,7.541802432999248,19700,True,117,0.015250000000000003
ISC_n1000_R1000_s2,GA-RAND,3,267199.0,8.992783198002144,19700,True,146,0.015986000000000004
ISC_n1000_R1000_s2,GA-RAND,4,267199.0,9.315363679997972,19700,True,97,0.015333200000000003
ISC_n1000_R1000_s2,GA-RAND,5,267199.0,9.715058710000449,19700,True,103,0.004100000000000001
ISC_n1000_R1000_s2,GA-RAND,6,267199.0,8.619805803999043,19700,True,132,0.0037080000000000012
ISC_n1000_R1000_s2,GA-RAND,7,267199.0,8.46694432699951,19700,True,99,0.008059200000000002
ISC_n1000_R1000_s2,GA-RAND,8,267199.0,8.880639546998282,19700,True,128,0.013803600000000004
ISC_n1000_R1000_s2,GA-RAND,9,267199.0,9.536960768000426,19700,True,107,0.006410000000000002
ISC_n1000_R1000_s2,GA-UCB,0,267199.0,8.974287800003367,19700,True,92,0.010076800000000002
ISC_n1000_R1000_s2,GA-UCB,1,267199.0,9.01306600099997,19700,True,88,0.018331200000000006
ISC_n1000_R1000_s2,GA-UCB,2,267199.0,9.811732635000226,19700,True,154,0.016404000000000002
ISC_n1000_R1000_s2,GA-UCB,3,267199.0,9.489121209000587,19700,True,126,0.024247600000000008
ISC_n1000_R1000_s2,GA-UCB,4,267199.0,9.60139323200201,19700,True,135,0.020201200000000006
ISC_n1000_R1000_s2,GA-UCB,5,267199.0,9.566934575999767,19700,True,116,0.020195600000000005
ISC_n1000_R1000_s2,GA-UCB,6,267199.0,7.997271381998871,19700,True,119,0.016016400000000004
ISC_n1000_R1000_s2,GA-UCB,7,267199.0,9.64662839399898,19700,True,162,0.019649600000000007
ISC_n1000_R1000_s2,GA-UCB,8,267199.0,9.020557983996696,19700,True,113,0.020025200000000007
ISC_n1000_R1000_s2,GA-UCB,9,267199.0,9.247091574001388,19700,True,134,0.007730400000000003
ISC_n200_R1000_s0,GA,0,56163.0,2.0003954189996875,19700,True,22,0.009076000000000004
ISC_n200_R1000_s0,GA,1,56163.0,2.1765103259967873,19700,True,24,0.007670000000000002
ISC_n200_R1000_s0,GA,2,56163.0,2.1824634370022977,19700,True,15,0.013978000000000006
ISC_n200_R1000_s0,GA,3,56163.0,2.15176924899788,19700,True,21,0.007904000000000003
ISC_n200_R1000_s0,GA,4,56163.0,2.0407098710020364,19700,True,25,0.008680000000000004
ISC_n200_R1000_s0,GA,5,56163.0,2.185518828999193,19700,True,20,0.014008000000000005
ISC_n200_R1000_s0,GA,6,56163.0,2.1036179139991873,19700,True,23,0.021142000000000005
ISC_n200_R1000_s0,GA,7,56163.0,2.1238993699989805,19700,True,22,0.005734000000000001
ISC_n200_R1000_s0,GA,8,56163.0,2.0546604730006948,19700,True,14,0.010046000000000005
ISC_n200_R1000_s0,GA,9,56163.0,2.088709577001282,19700,True,24,0.006526000000000001
ISC_n200_R1000_s0,GA-FIX-UX+BF3,0,56163.0,2.4354490260011517,19700,True,15,0.06448000000000001
ISC_n200_R1000_s0,GA-FIX-UX+BF3,1,56163.0,2.1701849730015965,19700,True,13,0.09117200000000002
ISC_n200_R1000_s0,GA-FIX-UX+BF3,2,56163.0,2.6162287309998646,19700,True,15,0.07754600000000002
ISC_n200_R1000_s0,GA-FIX-UX+BF3,3,56163.0,2.736315194000781,19700,True,17,0.08620000000000001
ISC_n200_R1000_s0,GA-FIX-UX+BF3,4,56163.0,2.7722892479978327,19700,True,13,0.07467200000000002
ISC_n200_R1000_s0,GA-FIX-UX+BF3,5,56163.0,2.8911289409988967,19700,True,16,0.06116000000000001
ISC_n200_R1000_s0,GA-FIX-UX+BF3,6,56163.0,2.2569146839996392,19700,True,15,0.07962400000000003
ISC_n200_R1000_s0,GA-FIX-UX+BF3,7,56163.0,2.8359006290011166,19700,True,15,0.08699400000000003
ISC_n200_R1000_s0,GA-FIX-UX+BF3,8,56163.0,2.712294416000077,19700,True,15,0.08227800000000002
ISC_n200_R1000_s0,GA-FIX-UX+BF3,9,56163.0,2.7768941989997984,19700,True,17,0.07954400000000003
ISC_n200_R1000_s0,GA-QL,0,56163.0,2.3516738440011977,19700,True,17,0.1032
ISC_n200_R1000_s0,GA-QL,1,56163.0,2.5216355030024715,19700,True,16,0.08145800000000002
ISC_n200_R1000_s0,GA-QL,2,56163.0,2.5038831959973322,19700,True,18,0.07041200000000002
ISC_n200_R1000_s0,GA-QL,3,56163.0,1.718306898001174,19700,True,21,0.09873000000000001
ISC_n200_R1000_s0,GA-QL,4,56163.0,2.0594585869985167,19700,True,24,0.04852400000000001
ISC_n200_R1000_s0,GA-QL,5,56163.0,1.8514903620016412,19700,True,17,0.068846
ISC_n200_R1000_s0,GA-QL,6,56163.0,1.9524569739987783,19700,True,17,0.12727200000000002
ISC_n200_R1000_s0,GA-QL,7,56163.0,2.5541975919986726,19700,True,15,0.08772200000000002
ISC_n200_R1000_s0,GA-QL,8,56163.0,2.4666300760000013,19700,True,16,0.08548200000000002
ISC_n200_R1000_s0,GA-QL,9,56163.0,2.5048785859980853,19700,True,19,0.07163400000000002
ISC_n200_R1000_s0,GA-QL-T,0,56163.0,2.617304661001981,19700,True,21,0.08799000000000003
ISC_n200_R1000_s0,GA-QL-T,1,56163.0,2.2984564090002095,19700,True,15,0.08842400000000002
ISC_n200_R1000_s0,GA-QL-T,2,56163.0,2.5847913309989963,19700,True,22,0.09522400000000002
ISC_n200_R1000_s0,GA-QL-T,3,56163.0,1.6870524080004543,19700,True,15,0.07868
ISC_n200_R1000_s0,GA-QL-T,4,56163.0,2.2937636530004966,19700,True,16,0.077316
ISC_n200_R1000_s0,GA-QL-T,5,56163.0,2.607966892999684,19700,True,19,0.09489
ISC_n200_R1000_s0,GA-QL-T,6,56163.0,2.5157589409973298,19700,True,17,0.11366600000000002
ISC_n200_R1000_s0,GA-QL-T,7,56163.0,2.0194014359985886,19700,True,18,0.08551200000000002
ISC_n200_R1000_s0,GA-QL-T,8,56163.0,2.5497671670018462,19700,True,15,0.08376400000000002
ISC_n200_R1000_s0,GA-QL-T,9,56163.0,2.3123213830003806,19700,True,19,0.08573200000000002
ISC_n200_R1000_s0,GA-QL-Tphi,0,56163.0,2.132911802000308,19700,True,22,0.08590400000000001
ISC_n200_R1000_s0,GA-QL-Tphi,1,56163.0,2.744799721000163,19700,True,32,0.10209600000000002
ISC_n200_R1000_s0,GA-QL-Tphi,2,56163.0,2.504894191999483,19700,True,24,0.076908
ISC_n200_R1000_s0,GA-QL-Tphi,3,56163.0,2.441965566998988,19700,True,38,0.08652800000000001
ISC_n200_R1000_s0,GA-QL-Tphi,4,56163.0,2.509579446999851,19700,True,19,0.13009
ISC_n200_R1000_s0,GA-QL-Tphi,5,56163.0,2.386834947999887,19700,True,26,0.07396400000000002
ISC_n200_R1000_s0,GA-QL-Tphi,6,56163.0,2.0518790909991367,19700,True,26,0.12562800000000002
ISC_n200_R1000_s0,GA-QL-Tphi,7,56163.0,2.5416490679999697,19700,True,24,0.11901600000000002
ISC_n200_R1000_s0,GA-QL-Tphi,8,56163.0,2.6069488670000283,19700,True,26,0.068816
ISC_n200_R1000_s0,GA-QL-Tphi,9,56163.0,2.544320995999442,19700,True,34,0.04682400000000001
ISC_n200_R1000_s0,GA-RAND,0,56163.0,2.0861010560001887,19700,True,20,0.09949600000000001
ISC_n200_R1000_s0,GA-RAND,1,56163.0,2.5372776379990682,19700,True,18,0.09311
ISC_n200_R1000_s0,GA-RAND,2,56163.0,2.5959806489991024,19700,True,16,0.11784000000000003
ISC_n200_R1000_s0,GA-RAND,3,56163.0,2.5451869669996086,19700,True,21,0.11923000000000002
ISC_n200_R1000_s0,GA-RAND,4,56163.0,2.619492009998794,19700,True,19,0.07213800000000002
ISC_n200_R1000_s0,GA-RAND,5,56163.0,2.5196925360032765,19700,True,20,0.12067
ISC_n200_R1000_s0,GA-RAND,6,56163.0,2.390489595996769,19700,True,18,0.06888000000000001
ISC_n200_R1000_s0,GA-RAND,7,56163.0,2.3375653180009976,19700,True,20,0.07186000000000001
ISC_n200_R1000_s0,GA-RAND,8,56163.0,2.6312580880003225,19700,True,15,0.06154400000000001
ISC_n200_R1000_s0,GA-RAND,9,56163.0,2.4892755350010702,19700,True,20,0.08096600000000002
ISC_n200_R1000_s0,GA-UCB,0,56163.0,1.8755594270005531,19700,True,17,0.07750800000000002
ISC_n200_R1000_s0,GA-UCB,1,56163.0,2.429174133001652,19700,True,16,0.08377000000000002
ISC_n200_R1000_s0,GA-UCB,2,56163.0,2.6913143929996295,19700,True,16,0.12587800000000002
ISC_n200_R1000_s0,GA-UCB,3,56163.0,2.689837935999094,19700,True,18,0.07383600000000001
ISC_n200_R1000_s0,GA-UCB,4,56163.0,2.590260789002059,19700,True,21,0.09219600000000003
ISC_n200_R1000_s0,GA-UCB,5,56163.0,2.706307705000654,19700,True,20,0.05131200000000002
ISC_n200_R1000_s0,GA-UCB,6,56163.0,2.721527445999527,19700,True,15,0.055836000000000004
ISC_n200_R1000_s0,GA-UCB,7,56163.0,2.558822169998166,19700,True,19,0.08220200000000003
ISC_n200_R1000_s0,GA-UCB,8,56163.0,1.4294639369982178,19700,True,17,0.07794800000000002
ISC_n200_R1000_s0,GA-UCB,9,56163.0,2.442511327997636,19700,True,20,0.08246200000000002
ISC_n200_R1000_s1,GA,0,55031.0,2.2480139670005883,19700,True,26,0.009424000000000004
ISC_n200_R1000_s1,GA,1,55031.0,2.2251368520010146,19700,True,23,0.004748000000000002
ISC_n200_R1000_s1,GA,2,55031.0,2.229517730000225,19700,True,36,0.014060000000000007
ISC_n200_R1000_s1,GA,3,55031.0,1.9032149439990462,19700,True,17,0.003956000000000002
ISC_n200_R1000_s1,GA,4,55031.0,2.169377154998074,19700,True,16,0.011064000000000003
ISC_n200_R1000_s1,GA,5,55031.0,2.315961800999503,19700,True,31,0.008696000000000002
ISC_n200_R1000_s1,GA,6,55031.0,2.2709856649998983,19700,True,23,0.010260000000000005
ISC_n200_R1000_s1,GA,7,55031.0,2.3434351309988415,19700,True,22,0.009686000000000004
ISC_n200_R1000_s1,GA,8,55031.0,2.206443166000099,19700,True,19,0.008502000000000003
ISC_n200_R1000_s1,GA,9,55031.0,1.913073648000136,19700,True,18,0.0065220000000000035
ISC_n200_R1000_s1,GA-FIX-UX+BF3,0,55031.0,1.7873828539995884,19700,True,19,0.09787200000000001
ISC_n200_R1000_s1,GA-FIX-UX+BF3,1,55031.0,2.768322833999264,19700,True,15,0.08460400000000001
ISC_n200_R1000_s1,GA-FIX-UX+BF3,2,55031.0,2.7791535290016327,19700,True,13,0.08963800000000002
ISC_n200_R1000_s1,GA-FIX-UX+BF3,3,55031.0,1.719558857002994,19700,True,14,0.09249800000000002
ISC_n200_R1000_s1,GA-FIX-UX+BF3,4,55031.0,2.9060344860008627,19700,True,10,0.07131200000000001
ISC_n200_R1000_s1,GA-FIX-UX+BF3,5,55031.0,2.4867368830018677,19700,True,16,0.09624600000000001
ISC_n200_R1000_s1,GA-FIX-UX+BF3,6,55031.0,2.7114677200006554,19700,True,14,0.08180400000000003
ISC_n200_R1000_s1,GA-FIX-UX+BF3,7,55031.0,2.8058638609982154,19700,True,12,0.08356200000000001
ISC_n200_R1000_s1,GA-FIX-UX+BF3,8,55031.0,2.5426524319991586,19700,True,19,0.080088
ISC_n200_R1000_s1,GA-FIX-UX+BF3,9,55031.0,2.86263211700134,19700,True,14,0.07909600000000003
ISC_n200_R1000_s1,GA-QL,0,55031.0,2.7104406369981007,19700,True,18,0.08812200000000002
ISC_n200_R1000_s1,GA-QL,1,55031.0,2.3364424699975643,19700,True,19,0.12732600000000002
ISC_n200_R1000_s1,GA-QL,2,55031.0,2.67815422700005,19700,True,20,0.04623200000000001
ISC_n200_R1000_s1,GA-QL,3,55031.0,2.0708001620005234,19700,True,18,0.03932800000000001
ISC_n200_R1000_s1,GA-QL,4,55031.0,2.471108233999985,19700,True,20,0.09242200000000005
ISC_n200_R1000_s1,GA-QL,5,55031.0,2.6304455069985124,19700,True,18,0.08418200000000002
ISC_n200_R1000_s1,GA-QL,6,55031.0,1.9908900829977938,19700,True,24,0.104646
ISC_n200_R1000_s1,GA-QL,7,55031.0,2.5456825830005982,19700,True,19,0.052532000000000016
ISC_n200_R1000_s1,GA-QL,8,55031.0,2.493868288998783,19700,True,16,0.08372800000000001
ISC_n200_R1000_s1,GA-QL,9,55031.0,2.4095322659995873,19700,True,19,0.06183000000000002
ISC_n200_R1000_s1,GA-QL-T,0,55031.0,2.5517916009994224,19700,True,12,0.08161600000000002
ISC_n200_R1000_s1,GA-QL-T,1,55031.0,1.5036700399978145,19700,True,17,0.10059800000000002
ISC_n200_R1000_s1,GA-QL-T,2,55031.0,2.5488161239991314,19700,True,21,0.09933000000000002
ISC_n200_R1000_s1,GA-QL-T,3,55031.0,2.580072445998667,19700,True,17,0.08353000000000002
ISC_n200_R1000_s1,GA-QL-T,4,55031.0,2.547504468002444,19700,True,21,0.08684600000000002
ISC_n200_R1000_s1,GA-QL-T,5,55031.0,2.579223748001823,19700,True,17,0.08853200000000001
ISC_n200_R1000_s1,GA-QL-T,6,55031.0,1.4569684710004367,19700,True,14,0.06792400000000001
ISC_n200_R1000_s1,GA-QL-T,7,55031.0,2.489299528999254,19700,True,14,0.09090400000000001
ISC_n200_R1000_s1,GA-QL-T,8,55031.0,2.533301532999758,19700,True,14,0.09166000000000002
ISC_n200_R1000_s1,GA-QL-T,9,55031.0,2.5517320809995,19700,True,13,0.08544200000000002
ISC_n200_R1000_s1,GA-QL-Tphi,0,55031.0,2.4222085519977554,19700,True,35,0.08310600000000001
ISC_n200_R1000_s1,GA-QL-Tphi,1,55031.0,1.831330054999853,19700,True,28,0.065362
ISC_n200_R1000_s1,GA-QL-Tphi,2,55031.0,2.2536032750031154,19700,True,32,0.08975000000000001
ISC_n200_R1000_s1,GA-QL-Tphi,3,55031.0,1.9247372380013985,19700,True,24,0.09368800000000001
ISC_n200_R1000_s1,GA-QL-Tphi,4,55031.0,2.4210657049989095,19700,True,27,0.08803400000000002
ISC_n200_R1000_s1,GA-QL-Tphi,5,55031.0,2.353063598002336,19700,True,31,0.030730000000000007
ISC_n200_R1000_s1,GA-QL-Tphi,6,55031.0,1.5818357250027475,19700,True,38,0.077602
ISC_n200_R1000_s1,GA-QL-Tphi,7,55031.0,2.4219977790016856,19700,True,24,0.08946000000000001
ISC_n200_R1000_s1,GA-QL-Tphi,8,55031.0,2.28048584499993,19700,True,36,0.12382200000000002
ISC_n200_R1000_s1,GA-QL-Tphi,9,55031.0,2.35626178199891,19700,True,25,0.10953600000000002
ISC_n200_R1000_s1,GA-RAND,0,55031.0,2.7193613439994806,19700,True,19,0.10832400000000003
ISC_n200_R1000_s1,GA-RAND,1,55031.0,2.4542471849999856,19700,True,18,0.09662600000000002
ISC_n200_R1000_s1,GA-RAND,2,55031.0,2.6804827179985296,19700,True,17,0.11907800000000002
ISC_n200_R1000_s1,GA-RAND,3,55031.0,2.7663106819964014,19700,True,17,0.12323400000000002
ISC_n200_R1000_s1,GA-RAND,4,55031.0,2.8074810819998675,19700,True,20,0.08525400000000001
ISC_n200_R1000_s1,GA-RAND,5,55031.0,2.545024839000689,19700,True,21,0.10726600000000001
ISC_n200_R1000_s1,GA-RAND,6,55031.0,2.309111398000823,19700,True,15,0.07003400000000003
ISC_n200_R1000_s1,GA-RAND,7,55031.0,2.5904204010003014,19700,True,15,0.07718000000000001
ISC_n200_R1000_s1,GA-RAND,8,55031.0,2.4925822420009354,19700,True,13,0.061758000000000014
ISC_n200_R1000_s1,GA-RAND,9,55031.0,2.5603707209993445,19700,True,20,0.08369200000000002
ISC_n200_R1000_s1,GA-UCB,0,55031.0,2.2955053059995407,19700,True,24,0.07098600000000001
ISC_n200_R1000_s1,GA-UCB,1,55031.0,2.550240535001649,19700,True,19,0.11448800000000002
ISC_n200_R1000_s1,GA-UCB,2,55031.0,2.580865243999142,19700,True,15,0.08135800000000001
ISC_n200_R1000_s1,GA-UCB,3,55031.0,2.7211909540019406,19700,True,14,0.07825000000000001
ISC_n200_R1000_s1,GA-UCB,4,55031.0,2.6714325649991224,19700,True,13,0.08454400000000001
ISC_n200_R1000_s1,GA-UCB,5,55031.0,2.5334948070012615,19700,True,19,0.07788600000000001
ISC_n200_R1000_s1,GA-UCB,6,55031.0,2.078492352000467,19700,True,19,0.05369800000000002
ISC_n200_R1000_s1,GA-UCB,7,55031.0,2.5399673690008058,19700,True,15,0.10109800000000002
ISC_n200_R1000_s1,GA-UCB,8,55031.0,2.4961372629986727,19700,True,14,0.09078400000000002
ISC_n200_R1000_s1,GA-UCB,9,55031.0,2.627395040999545,19700,True,19,0.08767400000000002
ISC_n200_R1000_s2,GA,0,53217.0,2.1572201669987408,19700,True,60,0.010232000000000003
ISC_n200_R1000_s2,GA,1,53217.0,1.6484771179966629,19700,True,24,0.006134000000000001
ISC_n200_R1000_s2,GA,2,53117.0,2.1758217080023314,19700,True,12,0.02389000000000001
ISC_n200_R1000_s2,GA,3,53217.0,2.183384333999129,19700,True,22,0.007290000000000003
ISC_n200_R1000_s2,GA,4,53217.0,2.0091660159996536,19700,True,23,0.008498000000000004
ISC_n200_R1000_s2,GA,5,53217.0,1.6563370910007507,19700,True,20,0.008692000000000004
ISC_n200_R1000_s2,GA,6,53217.0,2.136391891999665,19700,True,22,0.005928000000000002
ISC_n200_R1000_s2,GA,7,53217.0,1.9130424020004284,19700,True,23,0.023624
ISC_n200_R1000_s2,GA,8,53217.0,1.9760466619991348,19700,True,25,0.012436000000000004
ISC_n200_R1000_s2,GA,9,53217.0,2.1925500299985288,19700,True,25,0.007904000000000003
ISC_n200_R1000_s2,GA-FIX-UX+BF3,0,53217.0,2.280952362001699,19700,True,19,0.06632800000000001
ISC_n200_R1000_s2,GA-FIX-UX+BF3,1,53217.0,2.155949343999964,19700,True,17,0.08938000000000003
ISC_n200_R1000_s2,GA-FIX-UX+BF3,2,53217.0,2.667558401997667,19700,True,16,0.06765800000000001
ISC_n200_R1000_s2,GA-FIX-UX+BF3,3,53217.0,2.7083533689983597,19700,True,20,0.07983000000000001
ISC_n200_R1000_s2,GA-FIX-UX+BF3,4,53217.0,2.5593421869998565,19700,True,23,0.05523600000000002
ISC_n200_R1000_s2,GA-FIX-UX+BF3,5,53217.0,2.865380045997881,19700,True,13,0.07999400000000001
ISC_n200_R1000_s2,GA-FIX-UX+BF3,6,53217.0,2.2786089000001084,19700,True,19,0.05289000000000001
ISC_n200_R1000_s2,GA-FIX-UX+BF3,7,53217.0,2.800107951999962,19700,True,17,0.05611600000000001
ISC_n200_R1000_s2,GA-FIX-UX+BF3,8,53217.0,2.3779984190005052,19700,True,15,0.05996800000000002
ISC_n200_R1000_s2,GA-FIX-UX+BF3,9,53217.0,2.928579801999149,19700,True,17,0.053134000000000015
ISC_n200_R1000_s2,GA-QL,0,53217.0,2.2912725109999883,19700,True,21,0.05644000000000002
ISC_n200_R1000_s2,GA-QL,1,53217.0,2.129061448998982,19700,True,17,0.12465600000000002
ISC_n200_R1000_s2,GA-QL,2,53217.0,1.9769997129988042,19700,True,28,0.06707400000000002
ISC_n200_R1000_s2,GA-QL,3,53217.0,2.533884984000906,19700,True,18,0.058462000000000014
ISC_n200_R1000_s2,GA-QL,4,53217.0,2.5149594219983555,19700,True,21,0.07880600000000001
ISC_n200_R1000_s2,GA-QL,5,53217.0,2.2246519239997724,19700,True,20,0.07584400000000001
ISC_n200_R1000_s2,GA-QL,6,53217.0,2.451814459000161,19700,True,17,0.038172000000000005
ISC_n200_R1000_s2,GA-QL,7,53217.0,2.0287858489973587,19700,True,21,0.084598
ISC_n200_R1000_s2,GA-QL,8,53217.0,1.936360487001366,19700,True,13,0.06959800000000001
ISC_n200_R1000_s2,GA-QL,9,53217.0,2.3604228119984327,19700,True,24,0.08030000000000001
ISC_n200_R1000_s2,GA-QL-T,0,53217.0,2.4862126240004727,19700,True,22,0.08688400000000002
ISC_n200_R1000_s2,GA-QL-T,1,53217.0,2.46049653999944,19700,True,25,0.079612
ISC_n200_R1000_s2,GA-QL-T,2,53217.0,2.4291879419979523,19700,True,21,0.100028
ISC_n200_R1000_s2,GA-QL-T,3,53217.0,1.758351070999197,19700,True,18,0.08906000000000003
ISC_n200_R1000_s2,GA-QL-T,4,53217.0,2.545377455000562,19700,True,20,0.09550200000000002
ISC_n200_R1000_s2,GA-QL-T,5,53217.0,2.174730927999917,19700,True,23,0.11642200000000003
ISC_n200_R1000_s2,GA-QL-T,6,53217.0,2.6119377909999457,19700,True,16,0.07736200000000001
ISC_n200_R1000_s2,GA-QL-T,7,53217.0,2.2977883999992628,19700,True,23,0.07276000000000002
ISC_n200_R1000_s2,GA-QL-T,8,53217.0,1.9438731329973962,19700,True,21,0.11253400000000002
ISC_n200_R1000_s2,GA-QL-T,9,53217.0,2.535996927999804,19700,True,26,0.09679200000000002
ISC_n200_R1000_s2,GA-QL-Tphi,0,53217.0,2.3738024049998785,19700,True,34,0.07478400000000002
ISC_n200_R1000_s2,GA-QL-Tphi,1,53217.0,2.1856576719983423,19700,True,46,0.025628
ISC_n200_R1000_s2,GA-QL-Tphi,2,53217.0,2.47720032199868,19700,True,55,0.06433200000000001
ISC_n200_R1000_s2,GA-QL-Tphi,3,53217.0,2.08379652900112,19700,True,30,0.08260600000000001
ISC_n200_R1000_s2,GA-QL-Tphi,4,53217.0,2.139282912001363,19700,True,37,0.07813600000000002
ISC_n200_R1000_s2,GA-QL-Tphi,5,53217.0,2.4683251380010915,19700,True,33,0.03196000000000001
ISC_n200_R1000_s2,GA-QL-Tphi,6,53217.0,2.3614650390009047,19700,True,45,0.06570800000000002
ISC_n200_R1000_s2,GA-QL-Tphi,7,53217.0,2.275442452999414,19700,True,35,0.07413800000000002
ISC_n200_R1000_s2,GA-QL-Tphi,8,53217.0,2.217982433998259,19700,True,39,0.04875400000000002
ISC_n200_R1000_s2,GA-QL-Tphi,9,53217.0,2.3216769700011355,19700,True,27,0.022184000000000002
ISC_n200_R1000_s2,GA-RAND,0,53217.0,1.803557630002615,19700,True,20,0.10313200000000002
ISC_n200_R1000_s2,GA-RAND,1,53217.0,2.498495853997156,19700,True,27,0.07449400000000002
ISC_n200_R1000_s2,GA-RAND,2,53217.0,2.495800175001932,19700,True,22,0.11187800000000003
ISC_n200_R1000_s2,GA-RAND,3,53217.0,2.293721337999159,19700,True,22,0.11541400000000003
ISC_n200_R1000_s2,GA-RAND,4,53217.0,2.444696467002359,19700,True,23,0.06855400000000002
ISC_n200_R1000_s2,GA-RAND,5,53217.0,1.4581414370004495,19700,True,19,0.11469600000000002
ISC_n200_R1000_s2,GA-RAND,6,53217.0,2.0787960779998684,19700,True,17,0.07455800000000001
ISC_n200_R1000_s2,GA-RAND,7,53217.0,2.4785256430004665,19700,True,20,0.07132600000000001
ISC_n200_R1000_s2,GA-RAND,8,53217.0,2.431219926002086,19700,True,17,0.04273400000000001
ISC_n200_R1000_s2,GA-RAND,9,53217.0,2.331883047998417,19700,True,22,0.06943600000000001
ISC_n200_R1000_s2,GA-UCB,0,53217.0,2.0829382360025193,19700,True,23,0.08594000000000002
ISC_n200_R1000_s2,GA-UCB,1,53217.0,2.1929779700003564,19700,True,22,0.09574800000000003
ISC_n200_R1000_s2,GA-UCB,2,53217.0,2.4173624899995048,19700,True,20,0.06706000000000001
ISC_n200_R1000_s2,GA-UCB,3,53217.0,1.6754588059993694,19700,True,22,0.06070800000000002
ISC_n200_R1000_s2,GA-UCB,4,53217.0,2.5718131399989943,19700,True,27,0.08433400000000002
ISC_n200_R1000_s2,GA-UCB,5,53217.0,2.4728283360018395,19700,True,20,0.06660200000000001
ISC_n200_R1000_s2,GA-UCB,6,53217.0,2.4624451610034157,19700,True,14,0.08203
ISC_n200_R1000_s2,GA-UCB,7,53217.0,2.2991650360017957,19700,True,20,0.09735800000000001
ISC_n200_R1000_s2,GA-UCB,8,53217.0,1.7207677509977657,19700,True,21,0.07833400000000001
ISC_n200_R1000_s2,GA-UCB,9,53217.0,2.0380670459999237,19700,True,18,0.08016600000000002
ISC_n500_R1000_s0,GA,0,138256.0,4.270941857001162,19700,True,55,0.0140864
ISC_n500_R1000_s0,GA,1,138256.0,2.9197111729990866,19700,True,40,0.0054768
ISC_n500_R1000_s0,GA,2,138256.0,4.4374497050012,19700,True,51,0.003868000000000001
ISC_n500_R1000_s0,GA,3,138256.0,4.555701566998323,19700,True,76,0.005429600000000002
ISC_n500_R1000_s0,GA,4,138256.0,4.740243893000297,19700,True,79,0.0101752
ISC_n500_R1000_s0,GA,5,138256.0,3.730024062002485,19700,True,101,0.004558400000000002
ISC_n500_R1000_s0,GA,6,138256.0,4.511998278998362,19700,True,43,0.008056
ISC_n500_R1000_s0,GA,7,138256.0,4.753092195001955,19700,True,39,0.004571200000000002
ISC_n500_R1000_s0,GA,8,138256.0,4.265658722000808,19700,True,80,0.0049688000000000015
ISC_n500_R1000_s0,GA,9,138256.0,2.7696406950017263,19700,True,39,0.017351200000000004
ISC_n500_R1000_s0,GA-FIX-UX+BF3,0,138256.0,5.018271506000019,19700,True,23,0.04836800000000001
ISC_n500_R1000_s0,GA-FIX-UX+BF3,1,138256.0,4.308751905999088,19700,True,24,0.03760240000000001
ISC_n500_R1000_s0,GA-FIX-UX+BF3,2,138256.0,5.4979787609991035,19700,True,24,0.036622400000000006
ISC_n500_R1000_s0,GA-FIX-UX+BF3,3,138256.0,5.734804169998824,19700,True,22,0.042724800000000014
ISC_n500_R1000_s0,GA-FIX-UX+BF3,4,138256.0,5.492397889000131,19700,True,23,0.04129760000000002
ISC_n500_R1000_s0,GA-FIX-UX+BF3,5,138256.0,5.4674797099978605,19700,True,23,0.039405600000000006
ISC_n500_R1000_s0,GA-FIX-UX+BF3,6,138256.0,5.692437546997098,19700,True,27,0.040942400000000004
ISC_n500_R1000_s0,GA-FIX-UX+BF3,7,138256.0,5.64886562600077,19700,True,25,0.041674400000000014
ISC_n500_R1000_s0,GA-FIX-UX+BF3,8,138256.0,4.288729932002752,19700,True,23,0.043429600000000006
ISC_n500_R1000_s0,GA-FIX-UX+BF3,9,138256.0,5.752074003001326,19700,True,23,0.04210560000000001
ISC_n500_R1000_s0,GA-QL,0,138256.0,4.676259528998344,19700,True,31,0.049569600000000005
ISC_n500_R1000_s0,GA-QL,1,138256.0,5.63895335199777,19700,True,28,0.030384
ISC_n500_R1000_s0,GA-QL,2,138256.0,4.869531442000152,19700,True,34,0.04513840000000001
ISC_n500_R1000_s0,GA-QL,3,138256.0,4.61584383599984,19700,True,30,0.048810400000000004
ISC_n500_R1000_s0,GA-QL,4,138256.0,4.573848934000125,19700,True,35,0.03511680000000001
ISC_n500_R1000_s0,GA-QL,5,138256.0,4.966469082999538,19700,True,39,0.04986320000000001
ISC_n500_R1000_s0,GA-QL,6,138256.0,4.708861163999245,19700,True,27,0.049485600000000005
ISC_n500_R1000_s0,GA-QL,7,138256.0,5.282847831000254,19700,True,31,0.051128800000000016
ISC_n500_R1000_s0,GA-QL,8,138256.0,2.7292747939973196,19700,True,28,0.030822400000000003
ISC_n500_R1000_s0,GA-QL,9,138256.0,5.218514388001495,19700,True,33,0.050194400000000014
ISC_n500_R1000_s0,GA-QL-T,0,138256.0,5.158219039996766,19700,True,26,0.05257040000000001
ISC_n500_R1000_s0,GA-QL-T,1,138256.0,5.353459566998936,19700,True,25,0.052076000000000004
ISC_n500_R1000_s0,GA-QL-T,2,138256.0,4.594231961997139,19700,True,27,0.051692000000000016
ISC_n500_R1000_s0,GA-QL-T,3,138256.0,5.252072875002341,19700,True,26,0.03826160000000001
ISC_n500_R1000_s0,GA-QL-T,4,138256.0,4.279408559999865,19700,True,24,0.05923840000000001
ISC_n500_R1000_s0,GA-QL-T,5,138256.0,5.439221984001051,19700,True,24,0.05445120000000001
ISC_n500_R1000_s0,GA-QL-T,6,138256.0,4.506941129999177,19700,True,27,0.05863120000000001
ISC_n500_R1000_s0,GA-QL-T,7,138256.0,5.37185925599988,19700,True,28,0.049811200000000014
ISC_n500_R1000_s0,GA-QL-T,8,138256.0,4.387139829999796,19700,True,27,0.049707200000000014
ISC_n500_R1000_s0,GA-QL-T,9,138256.0,5.044822821000707,19700,True,23,0.054144000000000005
ISC_n500_R1000_s0,GA-QL-Tphi,0,138256.0,5.409168766000221,19700,True,48,0.03915040000000001
ISC_n500_R1000_s0,GA-QL-Tphi,1,138256.0,5.354941852001502,19700,True,51,0.04748160000000001
ISC_n500_R1000_s0,GA-QL-Tphi,2,138256.0,5.52136789799988,19700,True,33,0.040207200000000005
ISC_n500_R1000_s0,GA-QL-Tphi,3,138256.0,5.621086604001903,19700,True,45,0.030123200000000006
ISC_n500_R1000_s0,GA-QL-Tphi,4,138256.0,5.159818328000256,19700,True,43,0.029854400000000003
ISC_n500_R1000_s0,GA-QL-Tphi,5,138256.0,5.37593846800155,19700,True,51,0.04534800000000001
ISC_n500_R1000_s0,GA-QL-Tphi,6,138256.0,4.756528617002914,19700,True,41,0.04715520000000001
ISC_n500_R1000_s0,GA-QL-Tphi,7,138256.0,3.8822377220021735,19700,True,43,0.03738000000000001
ISC_n500_R1000_s0,GA-QL-Tphi,8,138256.0,5.262738148001517,19700,True,42,0.04426000000000001
ISC_n500_R1000_s0,GA-QL-Tphi,9,138256.0,5.27275896500214,19700,True,33,0.033690399999999995
ISC_n500_R1000_s0,GA-RAND,0,138256.0,4.932575653998356,19700,True,26,0.03192240000000001
ISC_n500_R1000_s0,GA-RAND,1,138256.0,5.194763314000738,19700,True,32,0.03576320000000001
ISC_n500_R1000_s0,GA-RAND,2,138256.0,5.165003934998822,19700,True,29,0.04458240000000001
ISC_n500_R1000_s0,GA-RAND,3,138256.0,5.245659423999314,19700,True,32,0.039156
ISC_n500_R1000_s0,GA-RAND,4,138256.0,4.221902713001327,19700,True,30,0.040707200000000006
ISC_n500_R1000_s0,GA-RAND,5,138256.0,2.9878227279987186,19700,True,33,0.05063440000000002
ISC_n500_R1000_s0,GA-RAND,6,138256.0,5.103850432002218,19700,True,33,0.039161600000000005
ISC_n500_R1000_s0,GA-RAND,7,138256.0,5.1562216310012445,19700,True,30,0.035354400000000015
ISC_n500_R1000_s0,GA-RAND,8,138256.0,4.75097448499946,19700,True,34,0.05521840000000001
ISC_n500_R1000_s0,GA-RAND,9,138256.0,4.060363881999365,19700,True,31,0.05386880000000002
ISC_n500_R1000_s0,GA-UCB,0,138256.0,5.239977192002698,19700,True,31,0.046386400000000015
ISC_n500_R1000_s0,GA-UCB,1,138256.0,4.842267047999485,19700,True,29,0.039963200000000004
ISC_n500_R1000_s0,GA-UCB,2,138256.0,3.799275484998361,19700,True,28,0.030970400000000006
ISC_n500_R1000_s0,GA-UCB,3,138256.0,5.1958206449999125,19700,True,32,0.04300720000000001
ISC_n500_R1000_s0,GA-UCB,4,138256.0,5.430739693001669,19700,True,30,0.05363600000000001
ISC_n500_R1000_s0,GA-UCB,5,138256.0,5.290071641000395,19700,True,30,0.048527200000000006
ISC_n500_R1000_s0,GA-UCB,6,138256.0,4.216763718002767,19700,True,34,0.047251200000000014
ISC_n500_R1000_s0,GA-UCB,7,138256.0,4.92372353799874,19700,True,32,0.04707120000000002
ISC_n500_R1000_s0,GA-UCB,8,138256.0,4.834922964997531,19700,True,32,0.04214000000000001
ISC_n500_R1000_s0,GA-UCB,9,138256.0,4.362191416999849,19700,True,33,0.031563200000000007
ISC_n500_R1000_s1,GA,0,135749.0,3.9857473420015594,19700,True,46,0.014392000000000004
ISC_n500_R1000_s1,GA,1,135749.0,4.7226834329994745,19700,True,44,0.011174400000000003
ISC_n500_R1000_s1,GA,2,135749.0,4.192096859002049,19700,True,59,0.0146744
ISC_n500_R1000_s1,GA,3,135749.0,4.61358163299883,19700,True,45,0.005871200000000003
ISC_n500_R1000_s1,GA,4,135749.0,3.830577524000546,19700,True,37,0.010518399999999999
ISC_n500_R1000_s1,GA,5,135749.0,4.218793797001126,19700,True,42,0.005374400000000001
ISC_n500_R1000_s1,GA,6,135749.0,3.9566251239994017,19700,True,45,0.002374400000000001
ISC_n500_R1000_s1,GA,7,135749.0,4.037500519996684,19700,True,45,0.005413600000000001
ISC_n500_R1000_s1,GA,8,135749.0,4.687380244999076,19700,True,62,0.0107544
ISC_n500_R1000_s1,GA,9,135749.0,4.568832280001516,19700,True,35,0.004813600000000002
ISC_n500_R1000_s1,GA-FIX-UX+BF3,0,135785.0,6.55548714300312,19700,True,42,0.02737760000000001
ISC_n500_R1000_s1,GA-FIX-UX+BF3,1,135785.0,5.771632539002894,19700,True,47,0.021382400000000003
ISC_n500_R1000_s1,GA-FIX-UX+BF3,2,135785.0,6.304456955997011,19700,True,42,0.026144800000000006
ISC_n500_R1000_s1,GA-FIX-UX+BF3,3,135785.0,6.318572754997149,19700,True,33,0.02432480000000001
ISC_n500_R1000_s1,GA-FIX-UX+BF3,4,135785.0,6.144854748999933,19700,True,35,0.02576400000000001
ISC_n500_R1000_s1,GA-FIX-UX+BF3,5,135785.0,5.502592277000076,19700,True,45,0.025744000000000006
ISC_n500_R1000_s1,GA-FIX-UX+BF3,6,135785.0,4.925818406998587,19700,True,42,0.029281600000000012
ISC_n500_R1000_s1,GA-FIX-UX+BF3,7,135785.0,5.1876462059990445,19700,True,39,0.023917600000000008
ISC_n500_R1000_s1,GA-FIX-UX+BF3,8,135785.0,5.112816278997343,19700,True,40,0.016767200000000006
ISC_n500_R1000_s1,GA-FIX-UX+BF3,9,135785.0,5.101600924997911,19700,True,42,0.019277600000000006
ISC_n500_R1000_s1,GA-QL,0,135785.0,5.334600025998952,19700,True,68,0.04298240000000001
ISC_n500_R1000_s1,GA-QL,1,135785.0,3.302744183001778,19700,True,46,0.04253360000000001
ISC_n500_R1000_s1,GA-QL,2,135785.0,5.18250223799987,19700,True,55,0.023771200000000006
ISC_n500_R1000_s1,GA-QL,3,135785.0,3.311234663000505,19700,True,72,0.04781520000000001
ISC_n500_R1000_s1,GA-QL,4,135785.0,5.254558316999464,19700,True,62,0.028480800000000007
ISC_n500_R1000_s1,GA-QL,5,135785.0,5.533276346999628,19700,True,60,0.006576000000000002
ISC_n500_R1000_s1,GA-QL,6,135785.0,5.284526633997302,19700,True,86,0.022396800000000005
ISC_n500_R1000_s1,GA-QL,7,135785.0,5.4031977170016035,19700,True,64,0.04552560000000001
ISC_n500_R1000_s1,GA-QL,8,135785.0,5.113637763002771,19700,True,91,0.007168000000000001
ISC_n500_R1000_s1,GA-QL,9,135785.0,2.891630209000141,19700,True,72,0.017837600000000006
ISC_n500_R1000_s1,GA-QL-T,0,135785.0,5.125437989001512,19700,True,58,0.046015200000000006
ISC_n500_R1000_s1,GA-QL-T,1,135785.0,5.274943230000645,19700,True,59,0.04533920000000002
ISC_n500_R1000_s1,GA-QL-T,2,135785.0,4.293139779998455,19700,True,51,0.04089520000000001
ISC_n500_R1000_s1,GA-QL-T,3,135785.0,5.490263337000215,19700,True,59,0.04437680000000001
ISC_n500_R1000_s1,GA-QL-T,4,135785.0,5.523402933002217,19700,True,108,0.04825120000000001
ISC_n500_R1000_s1,GA-QL-T,5,135785.0,5.1000169399994775,19700,True,53,0.04202640000000001
ISC_n500_R1000_s1,GA-QL-T,6,135785.0,5.773216924000735,19700,True,48,0.051064800000000014
ISC_n500_R1000_s1,GA-QL-T,7,135785.0,5.283867005000502,19700,True,44,0.04812800000000001
ISC_n500_R1000_s1,GA-QL-T,8,135785.0,5.644784372001595,19700,True,37,0.03553520000000001
ISC_n500_R1000_s1,GA-QL-T,9,135785.0,5.59317930600082,19700,True,50,0.04854960000000001
ISC_n500_R1000_s1,GA-QL-Tphi,0,135785.0,3.8313162720005494,19700,True,80,0.023482400000000004
ISC_n500_R1000_s1,GA-QL-Tphi,1,135785.0,4.939812697000889,19700,True,73,0.02684720000000001
ISC_n500_R1000_s1,GA-QL-Tphi,2,135785.0,5.581196477000049,19700,True,78,0.039258400000000006
ISC_n500_R1000_s1,GA-QL-Tphi,3,135785.0,4.878396279000299,19700,True,67,0.03224240000000001
ISC_n500_R1000_s1,GA-QL-Tphi,4,135785.0,2.8487490589977824,19700,True,79,0.025122400000000007
ISC_n500_R1000_s1,GA-QL-Tphi,5,135785.0,5.022712350000802,19700,True,68,0.027558400000000007
ISC_n500_R1000_s1,GA-QL-Tphi,6,135785.0,5.082582866998564,19700,True,97,0.018908800000000007
ISC_n500_R1000_s1,GA-QL-Tphi,7,135785.0,5.097964963999402,19700,True,92,0.03558160000000001
ISC_n500_R1000_s1,GA-QL-Tphi,8,135785.0,5.409224130999064,19700,True,76,0.034912000000000006
ISC_n500_R1000_s1,GA-QL-Tphi,9,135785.0,3.949736661998031,19700,True,75,0.03191040000000001
ISC_n500_R1000_s1,GA-RAND,0,135785.0,4.544887968000694,19700,True,57,0.023437600000000003
ISC_n500_R1000_s1,GA-RAND,1,135785.0,4.757739372002106,19700,True,54,0.021794400000000002
ISC_n500_R1000_s1,GA-RAND,2,135785.0,5.070561877000728,19700,True,67,0.03615120000000001
ISC_n500_R1000_s1,GA-RAND,3,135785.0,5.035165295001207,19700,True,50,0.03050880000000001
ISC_n500_R1000_s1,GA-RAND,4,135785.0,5.304380295001465,19700,True,68,0.023524800000000005
ISC_n500_R1000_s1,GA-RAND,5,135785.0,4.721385810000356,19700,True,70,0.03853680000000001
ISC_n500_R1000_s1,GA-RAND,6,135785.0,5.116645690999576,19700,True,65,0.02533360000000001
ISC_n500_R1000_s1,GA-RAND,7,135785.0,5.210688685001514,19700,True,54,0.024915200000000005
ISC_n500_R1000_s1,GA-RAND,8,135785.0,5.337552569999389,19700,True,67,0.039240800000000006
ISC_n500_R1000_s1,GA-RAND,9,135785.0,3.2516632699989714,19700,True,51,0.049603200000000014
ISC_n500_R1000_s1,GA-UCB,0,135785.0,5.291953941999964,19700,True,57,0.04105440000000002
ISC_n500_R1000_s1,GA-UCB,1,135785.0,5.1046176819982065,19700,True,76,0.042060800000000016
ISC_n500_R1000_s1,GA-UCB,2,135785.0,4.636344326998369,19700,True,64,0.03662880000000001
ISC_n500_R1000_s1,GA-UCB,3,135785.0,4.876267414998438,19700,True,69,0.03685520000000001
ISC_n500_R1000_s1,GA-UCB,4,135785.0,4.951899459996639,19700,True,55,0.02536160000000001
ISC_n500_R1000_s1,GA-UCB,5,135785.0,4.629374269999971,19700,True,62,0.026185600000000007
ISC_n500_R1000_s1,GA-UCB,6,135785.0,5.2917204439982015,19700,True,44,0.02407520000000001
ISC_n500_R1000_s1,GA-UCB,7,135785.0,5.767661783997028,19700,True,60,0.013455200000000006
ISC_n500_R1000_s1,GA-UCB,8,135785.0,5.019256065999798,19700,True,71,0.021792800000000008
ISC_n500_R1000_s1,GA-UCB,9,135785.0,4.172750472000189,19700,True,62,0.02863280000000001
ISC_n500_R1000_s2,GA,0,134324.0,4.610820095000236,19700,True,44,0.002692800000000001
ISC_n500_R1000_s2,GA,1,134324.0,2.797397058002389,19700,True,59,0.0124968
ISC_n500_R1000_s2,GA,2,134324.0,4.751363792001939,19700,True,44,0.013259200000000004
ISC_n500_R1000_s2,GA,3,134324.0,5.084047042000748,19700,True,58,0.025149600000000005
ISC_n500_R1000_s2,GA,4,134324.0,4.467873128000065,19700,True,48,0.009548800000000001
ISC_n500_R1000_s2,GA,5,134324.0,4.501095305997296,19700,True,52,0.009335200000000002
ISC_n500_R1000_s2,GA,6,134324.0,3.407138014998054,19700,True,62,0.0047544000000000015
ISC_n500_R1000_s2,GA,7,134324.0,3.722732879999967,19700,True,67,0.006470400000000002
ISC_n500_R1000_s2,GA,8,134324.0,3.8415034280005784,19700,True,48,0.007883200000000002
ISC_n500_R1000_s2,GA,9,134324.0,4.234488864000014,19700,True,47,0.005125600000000002
ISC_n500_R1000_s2,GA-FIX-UX+BF3,0,134324.0,6.026399588998174,19700,True,30,0.03846240000000001
ISC_n500_R1000_s2,GA-FIX-UX+BF3,1,134324.0,5.2456926759987255,19700,True,28,0.03701360000000001
ISC_n500_R1000_s2,GA-FIX-UX+BF3,2,134324.0,5.8893110690005415,19700,True,23,0.038099200000000014
ISC_n500_R1000_s2,GA-FIX-UX+BF3,3,134324.0,4.469179978998,19700,True,27,0.03110480000000001
ISC_n500_R1000_s2,GA-FIX-UX+BF3,4,134324.0,6.2572421850018145,19700,True,24,0.045012800000000006
ISC_n500_R1000_s2,GA-FIX-UX+BF3,5,134324.0,5.691573756001162,19700,True,25,0.03825760000000001
ISC_n500_R1000_s2,GA-FIX-UX+BF3,6,134324.0,5.5845532690000255,19700,True,24,0.03988400000000002
ISC_n500_R1000_s2,GA-FIX-UX+BF3,7,134324.0,5.181002198998613,19700,True,25,0.0347056
ISC_n500_R1000_s2,GA-FIX-UX+BF3,8,134324.0,5.771305204998498,19700,True,24,0.03795040000000001
ISC_n500_R1000_s2,GA-FIX-UX+BF3,9,134324.0,6.185110698999779,19700,True,27,0.03793680000000001
ISC_n500_R1000_s2,GA-QL,0,134324.0,5.300700206000329,19700,True,39,0.03471520000000001
ISC_n500_R1000_s2,GA-QL,1,134324.0,5.391584952998528,19700,True,31,0.04388720000000001
ISC_n500_R1000_s2,GA-QL,2,134324.0,5.047946246999345,19700,True,38,0.025894400000000005
ISC_n500_R1000_s2,GA-QL,3,134324.0,5.235239076002472,19700,True,32,0.051754400000000006
ISC_n500_R1000_s2,GA-QL,4,134324.0,5.681429889998981,19700,True,37,0.038636000000000004
ISC_n500_R1000_s2,GA-QL,5,134324.0,5.375637233002635,19700,True,30,0.030210400000000002
ISC_n500_R1000_s2,GA-QL,6,134324.0,5.140152994998061,19700,True,31,0.05374800000000001
ISC_n500_R1000_s2,GA-QL,7,134324.0,5.156519669999398,19700,True,31,0.028244800000000004
ISC_n500_R1000_s2,GA-QL,8,134324.0,3.7334031570026127,19700,True,38,0.04038480000000001
ISC_n500_R1000_s2,GA-QL,9,134324.0,5.45830483300233,19700,True,40,0.03478640000000001
ISC_n500_R1000_s2,GA-QL-T,0,134324.0,5.849238989998412,19700,True,26,0.049364800000000014
ISC_n500_R1000_s2,GA-QL-T,1,134324.0,5.134569822999765,19700,True,25,0.04666320000000001
ISC_n500_R1000_s2,GA-QL-T,2,134324.0,5.62144537399945,19700,True,28,0.05315360000000001
ISC_n500_R1000_s2,GA-QL-T,3,134324.0,5.268211611000879,19700,True,33,0.05182960000000001
ISC_n500_R1000_s2,GA-QL-T,4,134324.0,5.45298283000011,19700,True,29,0.051297600000000006
ISC_n500_R1000_s2,GA-QL-T,5,134324.0,5.315056332998211,19700,True,27,0.04508960000000001
ISC_n500_R1000_s2,GA-QL-T,6,134324.0,3.9154134700002032,19700,True,29,0.04920880000000001
ISC_n500_R1000_s2,GA-QL-T,7,134324.0,5.263941662000434,19700,True,29,0.043424000000000004
ISC_n500_R1000_s2,GA-QL-T,8,134324.0,5.727043307000713,19700,True,26,0.04315120000000001
ISC_n500_R1000_s2,GA-QL-T,9,134324.0,5.559726449999289,19700,True,28,0.05384960000000001
ISC_n500_R1000_s2,GA-QL-Tphi,0,134324.0,4.6278542109976115,19700,True,39,0.03945920000000001
ISC_n500_R1000_s2,GA-QL-Tphi,1,134324.0,5.199770866998733,19700,True,45,0.04060000000000001
ISC_n500_R1000_s2,GA-QL-Tphi,2,134324.0,5.498938986998837,19700,True,49,0.038808800000000004
ISC_n500_R1000_s2,GA-QL-Tphi,3,134324.0,5.552912033999746,19700,True,43,0.04217520000000001
ISC_n500_R1000_s2,GA-QL-Tphi,4,134324.0,5.263271054001962,19700,True,48,0.03523920000000001
ISC_n500_R1000_s2,GA-QL-Tphi,5,134324.0,5.146703553000407,19700,True,54,0.023659200000000005
ISC_n500_R1000_s2,GA-QL-Tphi,6,134324.0,5.605718024999078,19700,True,52,0.04134160000000001
ISC_n500_R1000_s2,GA-QL-Tphi,7,134324.0,4.477922614998533,19700,True,46,0.0350672
ISC_n500_R1000_s2,GA-QL-Tphi,8,134324.0,5.81976600499911,19700,True,41,0.043130400000000006
ISC_n500_R1000_s2,GA-QL-Tphi,9,134324.0,4.563010501999088,19700,True,51,0.03941520000000001
ISC_n500_R1000_s2,GA-RAND,0,134324.0,5.010670409999875,19700,True,30,0.03954320000000001
ISC_n500_R1000_s2,GA-RAND,1,134324.0,5.292968910998752,19700,True,33,0.0323712
ISC_n500_R1000_s2,GA-RAND,2,134324.0,5.59767984499922,19700,True,36,0.04117440000000001
ISC_n500_R1000_s2,GA-RAND,3,134324.0,5.522221567000088,19700,True,31,0.04158080000000001
ISC_n500_R1000_s2,GA-RAND,4,134324.0,3.691476488002081,19700,True,36,0.042085600000000015
ISC_n500_R1000_s2,GA-RAND,5,134324.0,5.126021482999931,19700,True,33,0.050113600000000015
ISC_n500_R1000_s2,GA-RAND,6,134324.0,4.824711909001053,19700,True,34,0.03676960000000001
ISC_n500_R1000_s2,GA-RAND,7,134324.0,5.405441160997725,19700,True,31,0.03233200000000001
ISC_n500_R1000_s2,GA-RAND,8,134324.0,5.540170463002141,19700,True,33,0.04679680000000002
ISC_n500_R1000_s2,GA-RAND,9,134324.0,5.751081985999917,19700,True,29,0.056328800000000005
ISC_n500_R1000_s2,GA-UCB,0,134324.0,5.738260740999976,19700,True,26,0.04737360000000001
ISC_n500_R1000_s2,GA-UCB,1,134324.0,5.203686087999813,19700,True,37,0.04592880000000001
ISC_n500_R1000_s2,GA-UCB,2,134324.0,5.564726605000033,19700,True,36,0.03828880000000001
ISC_n500_R1000_s2,GA-UCB,3,134324.0,5.299286244000541,19700,True,38,0.050512000000000015
ISC_n500_R1000_s2,GA-UCB,4,134324.0,4.822978161999345,19700,True,36,0.043668000000000005
ISC_n500_R1000_s2,GA-UCB,5,134324.0,4.688416406002943,19700,True,39,0.036384
ISC_n500_R1000_s2,GA-UCB,6,134324.0,5.4048680149971915,19700,True,34,0.0420584
ISC_n500_R1000_s2,GA-UCB,7,134324.0,5.677779252000619,19700,True,31,0.04880000000000001
ISC_n500_R1000_s2,GA-UCB,8,134324.0,4.495128112997918,19700,True,28,0.03647280000000001
ISC_n500_R1000_s2,GA-UCB,9,134324.0,5.307118113996694,19700,True,35,0.04230000000000001
SC_n1000_R1000_s0,GA,0,324872.0,4.937581112000771,19700,True,58,0.0014116000000000005
SC_n1000_R1000_s0,GA,1,324772.0,4.032781795001938,19700,True,62,0.002159200000000001
SC_n1000_R1000_s0,GA,2,324772.0,4.966185752000456,19700,True,92,0.004212000000000001
SC_n1000_R1000_s0,GA,3,324772.0,5.078632720000314,19700,True,49,0.0015384000000000005
SC_n1000_R1000_s0,GA,4,324672.0,4.837381605000701,19700,True,191,0.0019248000000000004
SC_n1000_R1000_s0,GA,5,324372.0,4.905099445000815,19700,True,48,0.0030784000000000002
SC_n1000_R1000_s0,GA,6,324872.0,4.9922489680029685,19700,True,124,0.0012852000000000007
SC_n1000_R1000_s0,GA,7,324672.0,4.228716610999982,19700,True,43,0.0017196000000000006
SC_n1000_R1000_s0,GA,8,324372.0,4.324809448000451,19700,True,49,0.002353200000000001
SC_n1000_R1000_s0,GA,9,324671.0,4.338440412000637,19700,True,57,0.0011852
SC_n1000_R1000_s0,GA-FIX-UX+BF3,0,325172.0,6.471521308001684,19700,True,74,0.004110800000000002
SC_n1000_R1000_s0,GA-FIX-UX+BF3,1,325172.0,5.968812811999669,19700,True,51,0.017616800000000005
SC_n1000_R1000_s0,GA-FIX-UX+BF3,2,325172.0,5.300452695999411,19700,True,54,0.023370400000000006
SC_n1000_R1000_s0,GA-FIX-UX+BF3,3,325172.0,4.7233485960023245,19700,True,65,0.025110400000000005
SC_n1000_R1000_s0,GA-FIX-UX+BF3,4,325172.0,6.014425322999159,19700,True,58,0.020187600000000007
SC_n1000_R1000_s0,GA-FIX-UX+BF3,5,325172.0,6.330014218001452,19700,True,72,0.022140800000000006
SC_n1000_R1000_s0,GA-FIX-UX+BF3,6,325172.0,6.007759211999655,19700,True,62,0.005646400000000004
SC_n1000_R1000_s0,GA-FIX-UX+BF3,7,325172.0,6.497805791001156,19700,True,58,0.0076292000000000035
SC_n1000_R1000_s0,GA-FIX-UX+BF3,8,325172.0,5.6680613290009205,19700,True,71,0.03157120000000001
SC_n1000_R1000_s0,GA-FIX-UX+BF3,9,325172.0,5.677614740998251,19700,True,49,0.006010000000000003
SC_n1000_R1000_s0,GA-QL,0,325072.0,5.378505254000629,19700,True,51,0.0022064000000000007
SC_n1000_R1000_s0,GA-QL,1,325072.0,5.942936519997602,19700,True,49,0.0019776000000000004
SC_n1000_R1000_s0,GA-QL,2,325072.0,5.077661863000685,19700,True,37,0.003100400000000001
SC_n1000_R1000_s0,GA-QL,3,325172.0,5.972352223001508,19700,True,82,0.004755600000000003
SC_n1000_R1000_s0,GA-QL,4,325072.0,5.761255756999162,19700,True,55,0.004897600000000003
SC_n1000_R1000_s0,GA-QL,5,325072.0,6.2175694100005785,19700,True,66,0.004924000000000003
SC_n1000_R1000_s0,GA-QL,6,324972.0,5.179209631998674,19700,True,91,0.005384400000000003
SC_n1000_R1000_s0,GA-QL,7,324972.0,5.81791130000056,19700,True,104,0.0011424
SC_n1000_R1000_s0,GA-QL,8,325072.0,5.599418523997883,19700,True,78,0.0026948000000000007
SC_n1000_R1000_s0,GA-QL,9,325072.0,5.928499572000874,19700,True,47,0.0016744000000000008
SC_n1000_R1000_s0,GA-QL-T,0,325172.0,4.273572038000566,19700,True,76,0.006678800000000002
SC_n1000_R1000_s0,GA-QL-T,1,325172.0,5.143465659002686,19700,True,67,0.005279200000000003
SC_n1000_R1000_s0,GA-QL-T,2,325172.0,6.185560808000446,19700,True,53,0.008370800000000003
SC_n1000_R1000_s0,GA-QL-T,3,325172.0,6.246627288997843,19700,True,48,0.008791200000000004
SC_n1000_R1000_s0,GA-QL-T,4,325172.0,6.008486947997881,19700,True,62,0.010449200000000002
SC_n1000_R1000_s0,GA-QL-T,5,325172.0,6.278394737000781,19700,True,56,0.004618000000000002
SC_n1000_R1000_s0,GA-QL-T,6,325172.0,5.682438908999757,19700,True,54,0.006776000000000003
SC_n1000_R1000_s0,GA-QL-T,7,325172.0,5.381018852000125,19700,True,68,0.004764000000000003
SC_n1000_R1000_s0,GA-QL-T,8,325172.0,5.510481463999895,19700,True,71,0.003915200000000002
SC_n1000_R1000_s0,GA-QL-T,9,325172.0,5.372025425000174,19700,True,64,0.004718000000000003
SC_n1000_R1000_s0,GA-QL-Tphi,0,324972.0,4.42303511800128,19700,True,64,0.0023080000000000006
SC_n1000_R1000_s0,GA-QL-Tphi,1,325072.0,6.046241379001003,19700,True,68,0.003987600000000002
SC_n1000_R1000_s0,GA-QL-Tphi,2,325072.0,5.391719555998861,19700,True,56,0.0021880000000000003
SC_n1000_R1000_s0,GA-QL-Tphi,3,325072.0,5.582450377998612,19700,True,73,0.005590400000000002
SC_n1000_R1000_s0,GA-QL-Tphi,4,325072.0,5.972760963002656,19700,True,54,0.0013324000000000003
SC_n1000_R1000_s0,GA-QL-Tphi,5,325072.0,5.120098126000812,19700,True,61,0.005016800000000002
SC_n1000_R1000_s0,GA-QL-Tphi,6,325072.0,5.873045879001438,19700,True,68,0.0025788000000000004
SC_n1000_R1000_s0,GA-QL-Tphi,7,325072.0,5.220314024998515,19700,True,83,0.0024432
SC_n1000_R1000_s0,GA-QL-Tphi,8,325072.0,5.221251242001017,19700,True,70,0.005616000000000003
SC_n1000_R1000_s0,GA-QL-Tphi,9,325172.0,6.072497221997764,19700,True,105,0.0013892000000000002
SC_n1000_R1000_s0,GA-RAND,0,325072.0,5.995333186001517,19700,True,63,0.004805600000000002
SC_n1000_R1000_s0,GA-RAND,1,325072.0,5.7504508359998,19700,True,43,0.002665600000000001
SC_n1000_R1000_s0,GA-RAND,2,325072.0,5.109092440001405,19700,True,60,0.0014292000000000007
SC_n1000_R1000_s0,GA-RAND,3,325072.0,4.774881199002266,19700,True,76,0.0018644000000000006
SC_n1000_R1000_s0,GA-RAND,4,325072.0,4.846818017002079,19700,True,62,0.0025768
SC_n1000_R1000_s0,GA-RAND,5,325172.0,5.383948694001447,19700,True,76,0.0027852000000000003
SC_n1000_R1000_s0,GA-RAND,6,325072.0,5.95665395800097,19700,True,60,0.0017204000000000006
SC_n1000_R1000_s0,GA-RAND,7,325072.0,4.6301613569994515,19700,True,48,0.006632800000000003
SC_n1000_R1000_s0,GA-RAND,8,324972.0,5.266060309997556,19700,True,73,0.005512800000000002
SC_n1000_R1000_s0,GA-RAND,9,325072.0,5.719493454998883,19700,True,53,0.003992000000000001
SC_n1000_R1000_s0,GA-UCB,0,325072.0,5.713048344001436,19700,True,50,0.001398400000000001
SC_n1000_R1000_s0,GA-UCB,1,324972.0,5.519122680001601,19700,True,43,0.004465200000000002
SC_n1000_R1000_s0,GA-UCB,2,325072.0,5.145397113999934,19700,True,52,0.004524800000000001
SC_n1000_R1000_s0,GA-UCB,3,325072.0,6.0294157860007545,19700,True,91,0.0012360000000000001
SC_n1000_R1000_s0,GA-UCB,4,325072.0,3.9359169230010593,19700,True,67,0.001562400000000001
SC_n1000_R1000_s0,GA-UCB,5,325072.0,5.387476770996727,19700,True,76,0.0012548000000000001
SC_n1000_R1000_s0,GA-UCB,6,325172.0,6.007778702001815,19700,True,87,0.002274000000000001
SC_n1000_R1000_s0,GA-UCB,7,324972.0,5.767548230996908,19700,True,77,0.008455600000000004
SC_n1000_R1000_s0,GA-UCB,8,325072.0,5.914242217000719,19700,True,67,0.001234
SC_n1000_R1000_s0,GA-UCB,9,325072.0,4.512173868999525,19700,True,63,0.0030368000000000005
SC_n1000_R1000_s1,GA,0,318669.0,3.3647994679995463,19700,True,68,0.0009952000000000001
SC_n1000_R1000_s1,GA,1,318469.0,5.116140559002815,19700,True,87,0.0016580000000000004
SC_n1000_R1000_s1,GA,2,318569.0,5.142394366001099,19700,True,53,0.0038024000000000005
SC_n1000_R1000_s1,GA,3,318769.0,5.166237306999392,19700,True,120,0.002188000000000001
SC_n1000_R1000_s1,GA,4,318469.0,5.08644221799841,19700,True,151,0.0010388
SC_n1000_R1000_s1,GA,5,318569.0,4.478630771001917,19700,True,69,0.0020836000000000006
SC_n1000_R1000_s1,GA,6,318669.0,4.752260281002236,19700,True,67,0.0015700000000000002
SC_n1000_R1000_s1,GA,7,318468.0,4.365417240001989,19700,True,46,0.0014384000000000003
SC_n1000_R1000_s1,GA,8,318768.0,5.138677211001777,19700,True,124,0.0015288000000000003
SC_n1000_R1000_s1,GA,9,318769.0,4.469826099000784,19700,True,78,0.0014560000000000007
SC_n1000_R1000_s1,GA-FIX-UX+BF3,0,319169.0,6.5953853110004275,19700,True,85,0.0028288000000000015
SC_n1000_R1000_s1,GA-FIX-UX+BF3,1,319069.0,5.264079270000366,19700,True,47,0.0352684
SC_n1000_R1000_s1,GA-FIX-UX+BF3,2,319069.0,5.378711086999829,19700,True,61,0.023134800000000004
SC_n1000_R1000_s1,GA-FIX-UX+BF3,3,319069.0,6.127257053998619,19700,True,48,0.0257892
SC_n1000_R1000_s1,GA-FIX-UX+BF3,4,319069.0,6.22881920600048,19700,True,62,0.035692400000000006
SC_n1000_R1000_s1,GA-FIX-UX+BF3,5,319069.0,6.250466509001853,19700,True,44,0.022560400000000008
SC_n1000_R1000_s1,GA-FIX-UX+BF3,6,319069.0,6.1502394570015895,19700,True,87,0.004808800000000004
SC_n1000_R1000_s1,GA-FIX-UX+BF3,7,319069.0,4.41525243200158,19700,True,53,0.02513840000000001
SC_n1000_R1000_s1,GA-FIX-UX+BF3,8,319069.0,5.381122924001829,19700,True,68,0.023966000000000008
SC_n1000_R1000_s1,GA-FIX-UX+BF3,9,319069.0,5.777047325998865,19700,True,52,0.03080160000000001
SC_n1000_R1000_s1,GA-QL,0,319069.0,6.010659949002729,19700,True,89,0.005315600000000003
SC_n1000_R1000_s1,GA-QL,1,319069.0,6.236792409999907,19700,True,69,0.002700000000000001
SC_n1000_R1000_s1,GA-QL,2,319069.0,6.1080752670022775,19700,True,64,0.002492400000000001
SC_n1000_R1000_s1,GA-QL,3,318969.0,5.691900452999107,19700,True,67,0.004963200000000003
SC_n1000_R1000_s1,GA-QL,4,319069.0,6.065144770000188,19700,True,62,0.0012088000000000001
SC_n1000_R1000_s1,GA-QL,5,319069.0,5.438305792002211,19700,True,90,0.0043992000000000015
SC_n1000_R1000_s1,GA-QL,6,318969.0,6.145503239000391,19700,True,77,0.0018672000000000007
SC_n1000_R1000_s1,GA-QL,7,318969.0,5.331793805999041,19700,True,106,0.004939600000000002
SC_n1000_R1000_s1,GA-QL,8,319069.0,6.271726642997237,19700,True,64,0.0014404000000000005
SC_n1000_R1000_s1,GA-QL,9,319069.0,6.093489882998256,19700,True,59,0.0014816000000000005
SC_n1000_R1000_s1,GA-QL-T,0,319069.0,5.935353732002113,19700,True,52,0.004605200000000002
SC_n1000_R1000_s1,GA-QL-T,1,319069.0,5.75097876700238,19700,True,46,0.009739600000000003
SC_n1000_R1000_s1,GA-QL-T,2,319069.0,5.73176734399749,19700,True,58,0.009566000000000003
SC_n1000_R1000_s1,GA-QL-T,3,319069.0,5.729762541999662,19700,True,65,0.007029600000000003
SC_n1000_R1000_s1,GA-QL-T,4,319069.0,4.682902054999431,19700,True,65,0.006253600000000002
SC_n1000_R1000_s1,GA-QL-T,5,319069.0,5.967577732997597,19700,True,65,0.012675200000000003
SC_n1000_R1000_s1,GA-QL-T,6,319069.0,6.344681652997679,19700,True,39,0.006951600000000003
SC_n1000_R1000_s1,GA-QL-T,7,319069.0,6.165869336000469,19700,True,46,0.009454400000000003
SC_n1000_R1000_s1,GA-QL-T,8,319069.0,5.969221154999104,19700,True,84,0.005635600000000002
SC_n1000_R1000_s1,GA-QL-T,9,319069.0,4.42835818399908,19700,True,60,0.008010000000000003
SC_n1000_R1000_s1,GA-QL-Tphi,0,318969.0,5.638030514001002,19700,True,139,0.003453200000000001
SC_n1000_R1000_s1,GA-QL-Tphi,1,319069.0,5.9601692619980895,19700,True,83,0.004805200000000001
SC_n1000_R1000_s1,GA-QL-Tphi,2,318969.0,5.394755510002142,19700,True,66,0.0065404000000000035
SC_n1000_R1000_s1,GA-QL-Tphi,3,319069.0,5.959790109998721,19700,True,171,0.004934400000000003
SC_n1000_R1000_s1,GA-QL-Tphi,4,319069.0,4.938964668999688,19700,True,79,0.0035224000000000024
SC_n1000_R1000_s1,GA-QL-Tphi,5,318969.0,5.192784762002702,19700,True,88,0.002473200000000001
SC_n1000_R1000_s1,GA-QL-Tphi,6,319069.0,6.301170401999116,19700,True,94,0.0024228000000000006
SC_n1000_R1000_s1,GA-QL-Tphi,7,319069.0,6.227426416000526,19700,True,78,0.0020548000000000003
SC_n1000_R1000_s1,GA-QL-Tphi,8,318969.0,6.148844351002481,19700,True,70,0.0035928000000000006
SC_n1000_R1000_s1,GA-QL-Tphi,9,319069.0,3.8831452570011606,19700,True,95,0.003810400000000003
SC_n1000_R1000_s1,GA-RAND,0,319069.0,5.559707281001465,19700,True,51,0.004880000000000002
SC_n1000_R1000_s1,GA-RAND,1,319069.0,5.4273975899996,19700,True,83,0.0013688000000000003
SC_n1000_R1000_s1,GA-RAND,2,318869.0,4.860371383998427,19700,True,55,0.0016468000000000006
SC_n1000_R1000_s1,GA-RAND,3,319069.0,5.874267924999003,19700,True,70,0.003054800000000001
SC_n1000_R1000_s1,GA-RAND,4,319069.0,5.136793317000411,19700,True,68,0.0035812000000000005
SC_n1000_R1000_s1,GA-RAND,5,318969.0,5.819041884999024,19700,True,47,0.0014744000000000003
SC_n1000_R1000_s1,GA-RAND,6,318969.0,5.997184821000701,19700,True,56,0.002286400000000001
SC_n1000_R1000_s1,GA-RAND,7,319069.0,6.203522938998503,19700,True,59,0.0035388000000000017
SC_n1000_R1000_s1,GA-RAND,8,319069.0,4.992807030001131,19700,True,95,0.0029764000000000006
SC_n1000_R1000_s1,GA-RAND,9,319069.0,6.470199796000088,19700,True,76,0.0034704000000000007
SC_n1000_R1000_s1,GA-UCB,0,318869.0,5.8244317210010195,19700,True,46,0.0026512000000000007
SC_n1000_R1000_s1,GA-UCB,1,318969.0,5.197812876998796,19700,True,56,0.0013
SC_n1000_R1000_s1,GA-UCB,2,319069.0,4.5424364669997885,19700,True,73,0.0046564000000000015
SC_n1000_R1000_s1,GA-UCB,3,319069.0,5.682238825997047,19700,True,69,0.004053600000000001
SC_n1000_R1000_s1,GA-UCB,4,318969.0,4.524155913000868,19700,True,76,0.003931600000000002
SC_n1000_R1000_s1,GA-UCB,5,319069.0,5.983179288999963,19700,True,123,0.0038296000000000003
SC_n1000_R1000_s1,GA-UCB,6,319069.0,5.994933336998656,19700,True,69,0.004570000000000002
SC_n1000_R1000_s1,GA-UCB,7,319069.0,5.5184021620007115,19700,True,57,0.004257600000000002
SC_n1000_R1000_s1,GA-UCB,8,319069.0,6.062024741997448,19700,True,75,0.0008196000000000004
SC_n1000_R1000_s1,GA-UCB,9,319068.0,4.4544282799979555,19700,True,134,0.0011576000000000004
SC_n1000_R1000_s2,GA,0,318788.0,5.291075552999246,19700,True,58,0.0016300000000000004
SC_n1000_R1000_s2,GA,1,318586.0,5.042237889996613,19700,True,90,0.0018980000000000006
SC_n1000_R1000_s2,GA,2,318988.0,5.465786712997215,19700,True,66,0.0015192000000000003
SC_n1000_R1000_s2,GA,3,319088.0,5.996044814000925,19700,True,84,0.0018088000000000004
SC_n1000_R1000_s2,GA,4,318888.0,5.497140853000019,19700,True,66,0.001072
SC_n1000_R1000_s2,GA,5,318988.0,5.794842141000117,19700,True,78,0.002224000000000001
SC_n1000_R1000_s2,GA,6,318788.0,5.616781188000459,19700,True,52,0.0015976000000000009
SC_n1000_R1000_s2,GA,7,318788.0,4.696875640001963,19700,True,89,0.0017484000000000006
SC_n1000_R1000_s2,GA,8,319088.0,5.281893397997919,19700,True,127,0.0029940000000000006
SC_n1000_R1000_s2,GA,9,319088.0,5.428447859998414,19700,True,61,0.0020028000000000008
SC_n1000_R1000_s2,GA-FIX-UX+BF3,0,319488.0,6.778058582000085,19700,True,70,0.029447200000000003
SC_n1000_R1000_s2,GA-FIX-UX+BF3,1,319588.0,7.078092608000588,19700,True,147,0.004849600000000003
SC_n1000_R1000_s2,GA-FIX-UX+BF3,2,319488.0,5.778582933999132,19700,True,51,0.027748400000000006
SC_n1000_R1000_s2,GA-FIX-UX+BF3,3,319488.0,6.615556739001477,19700,True,71,0.025684000000000005
SC_n1000_R1000_s2,GA-FIX-UX+BF3,4,319588.0,6.323367610999412,19700,True,83,0.011259200000000004
SC_n1000_R1000_s2,GA-FIX-UX+BF3,5,319488.0,6.106313018000947,19700,True,45,0.023622400000000005
SC_n1000_R1000_s2,GA-FIX-UX+BF3,6,319488.0,6.386092447999545,19700,True,42,0.006034800000000003
SC_n1000_R1000_s2,GA-FIX-UX+BF3,7,319588.0,6.097075924997625,19700,True,71,0.005474000000000003
SC_n1000_R1000_s2,GA-FIX-UX+BF3,8,319588.0,5.563995052001701,19700,True,76,0.005466000000000003
SC_n1000_R1000_s2,GA-FIX-UX+BF3,9,319488.0,5.971036024999194,19700,True,52,0.027688800000000006
SC_n1000_R1000_s2,GA-QL,0,319488.0,5.279507192997698,19700,True,56,0.0029360000000000002
SC_n1000_R1000_s2,GA-QL,1,319488.0,6.306362002000242,19700,True,64,0.0028508000000000014
SC_n1000_R1000_s2,GA-QL,2,319488.0,6.193508857999404,19700,True,79,0.002976400000000001
SC_n1000_R1000_s2,GA-QL,3,319288.0,6.055713477999234,19700,True,56,0.0034600000000000013
SC_n1000_R1000_s2,GA-QL,4,319388.0,6.210105306003243,19700,True,139,0.0038188000000000002
SC_n1000_R1000_s2,GA-QL,5,319388.0,6.3764587190016755,19700,True,54,0.0019536000000000006
SC_n1000_R1000_s2,GA-QL,6,319288.0,6.305825351002568,19700,True,68,0.002547200000000001
SC_n1000_R1000_s2,GA-QL,7,319388.0,6.404728917001194,19700,True,80,0.0014592000000000003
SC_n1000_R1000_s2,GA-QL,8,319388.0,6.3594779779996315,19700,True,71,0.002816000000000001
SC_n1000_R1000_s2,GA-QL,9,319488.0,6.4748506610012555,19700,True,56,0.004082000000000002
SC_n1000_R1000_s2,GA-QL-T,0,319488.0,5.808666552999057,19700,True,60,0.006681200000000003
SC_n1000_R1000_s2,GA-QL-T,1,319488.0,6.611844820999977,19700,True,50,0.013090800000000005
SC_n1000_R1000_s2,GA-QL-T,2,319488.0,6.452266486001463,19700,True,47,0.011121600000000004
SC_n1000_R1000_s2,GA-QL-T,3,319488.0,6.1259393979999,19700,True,59,0.010200800000000005
SC_n1000_R1000_s2,GA-QL-T,4,319488.0,6.484966405998421,19700,True,50,0.005950000000000003
SC_n1000_R1000_s2,GA-QL-T,5,319488.0,6.72271315299804,19700,True,59,0.006176800000000004
SC_n1000_R1000_s2,GA-QL-T,6,319488.0,6.344628955001099,19700,True,50,0.004161600000000001
SC_n1000_R1000_s2,GA-QL-T,7,319488.0,6.695098857002449,19700,True,48,0.004881200000000002
SC_n1000_R1000_s2,GA-QL-T,8,319488.0,6.3162804810017406,19700,True,55,0.008381600000000005
SC_n1000_R1000_s2,GA-QL-T,9,319488.0,5.475049470998783,19700,True,47,0.005128800000000002
SC_n1000_R1000_s2,GA-QL-Tphi,0,319388.0,5.857463546002691,19700,True,66,0.004614800000000002
SC_n1000_R1000_s2,GA-QL-Tphi,1,319388.0,6.077927063997777,19700,True,71,0.0027024000000000006
SC_n1000_R1000_s2,GA-QL-Tphi,2,319488.0,4.208064285998262,19700,True,83,0.004509200000000002
SC_n1000_R1000_s2,GA-QL-Tphi,3,319488.0,5.61954277300174,19700,True,60,0.0015388000000000003
SC_n1000_R1000_s2,GA-QL-Tphi,4,319388.0,5.485418287000357,19700,True,60,0.005771200000000002
SC_n1000_R1000_s2,GA-QL-Tphi,5,319388.0,5.335712554999191,19700,True,106,0.0017836
SC_n1000_R1000_s2,GA-QL-Tphi,6,319388.0,5.868194770999253,19700,True,66,0.0037852000000000007
SC_n1000_R1000_s2,GA-QL-Tphi,7,319488.0,6.0453681370017875,19700,True,92,0.0023976000000000006
SC_n1000_R1000_s2,GA-QL-Tphi,8,319388.0,5.421983555999759,19700,True,76,0.005777600000000003
SC_n1000_R1000_s2,GA-QL-Tphi,9,319388.0,4.565175106999959,19700,True,83,0.0038732000000000007
SC_n1000_R1000_s2,GA-RAND,0,319488.0,5.6894564510002965,19700,True,57,0.0035588000000000026
SC_n1000_R1000_s2,GA-RAND,1,319288.0,5.784779206998792,19700,True,43,0.0027344000000000005
SC_n1000_R1000_s2,GA-RAND,2,319488.0,4.723745169998438,19700,True,57,0.0020892000000000007
SC_n1000_R1000_s2,GA-RAND,3,319388.0,5.995572085001186,19700,True,66,0.005017200000000002
SC_n1000_R1000_s2,GA-RAND,4,319488.0,5.648495002002164,19700,True,84,0.0014392000000000005
SC_n1000_R1000_s2,GA-RAND,5,319388.0,5.910540251999919,19700,True,49,0.0011656000000000001
SC_n1000_R1000_s2,GA-RAND,6,319488.0,5.416094485997746,19700,True,83,0.0014396000000000005
SC_n1000_R1000_s2,GA-RAND,7,319488.0,5.397877419996803,19700,True,64,0.005029600000000003
SC_n1000_R1000_s2,GA-RAND,8,319388.0,6.071531530000357,19700,True,70,0.003691600000000001
SC_n1000_R1000_s2,GA-RAND,9,319487.0,4.979171304999909,19700,True,67,0.0023092000000000004
SC_n1000_R1000_s2,GA-UCB,0,319388.0,5.68331240200132,19700,True,51,0.0009984000000000002
SC_n1000_R1000_s2,GA-UCB,1,319488.0,5.893562049001048,19700,True,63,0.0011600000000000002
SC_n1000_R1000_s2,GA-UCB,2,319488.0,4.710226242998033,19700,True,78,0.0055572000000000035
SC_n1000_R1000_s2,GA-UCB,3,319388.0,5.908804085000156,19700,True,66,0.0037684000000000007
SC_n1000_R1000_s2,GA-UCB,4,319488.0,5.767605086999538,19700,True,66,0.0009368000000000005
SC_n1000_R1000_s2,GA-UCB,5,319488.0,6.137590734997502,19700,True,60,0.0034432000000000017
SC_n1000_R1000_s2,GA-UCB,6,319388.0,5.685175139999046,19700,True,53,0.0012020000000000004
SC_n1000_R1000_s2,GA-UCB,7,319488.0,6.0579746830007934,19700,True,60,0.0024268000000000002
SC_n1000_R1000_s2,GA-UCB,8,319488.0,5.818402847999096,19700,True,79,0.0010024000000000003
SC_n1000_R1000_s2,GA-UCB,9,319488.0,6.212519192002219,19700,True,60,0.0030596000000000013
SC_n200_R1000_s0,GA,0,66462.0,0.7430857049985207,19700,True,15,0.007834000000000002
SC_n200_R1000_s0,GA,1,66462.0,0.9594112000013411,19700,True,11,0.006816000000000001
SC_n200_R1000_s0,GA,2,66562.0,1.227689953000663,19700,True,27,0.005956000000000004
SC_n200_R1000_s0,GA,3,66562.0,1.4596314629998233,19700,True,21,0.005534000000000001
SC_n200_R1000_s0,GA,4,66562.0,1.4296556479966966,19700,True,12,0.006196000000000002
SC_n200_R1000_s0,GA,5,66462.0,1.3342218750003667,19700,True,14,0.010976000000000003
SC_n200_R1000_s0,GA,6,66562.0,1.3394345420019818,19700,True,15,0.006068000000000002
SC_n200_R1000_s0,GA,7,66462.0,1.2624239600008877,19700,True,14,0.010590000000000004
SC_n200_R1000_s0,GA,8,66562.0,1.4463674739999988,19700,True,12,0.006132000000000002
SC_n200_R1000_s0,GA,9,66462.0,1.2257856300020649,19700,True,26,0.007196000000000003
SC_n200_R1000_s0,GA-FIX-UX+BF3,0,66562.0,1.7529143690007913,19700,True,17,0.086276
SC_n200_R1000_s0,GA-FIX-UX+BF3,1,66562.0,1.515008291000413,19700,True,15,0.03448600000000001
SC_n200_R1000_s0,GA-FIX-UX+BF3,2,66562.0,1.686302951999096,19700,True,16,0.08182600000000002
SC_n200_R1000_s0,GA-FIX-UX+BF3,3,66562.0,1.8155548969989468,19700,True,14,0.08464200000000002
SC_n200_R1000_s0,GA-FIX-UX+BF3,4,66562.0,1.6889365349998116,19700,True,15,0.09618200000000002
SC_n200_R1000_s0,GA-FIX-UX+BF3,5,66562.0,1.7957283010000538,19700,True,17,0.07117200000000003
SC_n200_R1000_s0,GA-FIX-UX+BF3,6,66562.0,1.7336314899985155,19700,True,17,0.028022000000000012
SC_n200_R1000_s0,GA-FIX-UX+BF3,7,66562.0,1.699633045001974,19700,True,15,0.03693800000000001
SC_n200_R1000_s0,GA-FIX-UX+BF3,8,66562.0,1.2745213240013982,19700,True,30,0.06386800000000001
SC_n200_R1000_s0,GA-FIX-UX+BF3,9,66562.0,1.8768036309993477,19700,True,21,0.08506000000000002
SC_n200_R1000_s0,GA-QL,0,66562.0,1.6672661250013334,19700,True,54,0.010014000000000002
SC_n200_R1000_s0,GA-QL,1,66562.0,1.6459170369998901,19700,True,22,0.019996
SC_n200_R1000_s0,GA-QL,2,66562.0,1.1058497980011452,19700,True,13,0.02181200000000001
SC_n200_R1000_s0,GA-QL,3,66562.0,1.6875070779969974,19700,True,23,0.008576000000000002
SC_n200_R1000_s0,GA-QL,4,66562.0,1.5585913920003804,19700,True,16,0.04044800000000001
SC_n200_R1000_s0,GA-QL,5,66562.0,1.4747935039995355,19700,True,21,0.025310000000000006
SC_n200_R1000_s0,GA-QL,6,66562.0,1.6800712859985651,19700,True,29,0.010632
SC_n200_R1000_s0,GA-QL,7,66562.0,1.4461325679985748,19700,True,27,0.022646000000000006
SC_n200_R1000_s0,GA-QL,8,66562.0,1.4978489480017743,19700,True,42,0.02320600000000001
SC_n200_R1000_s0,GA-QL,9,66562.0,1.5687086139987514,19700,True,22,0.009552000000000001
SC_n200_R1000_s0,GA-QL-T,0,66562.0,1.6032811069999298,19700,True,15,0.010326000000000004
SC_n200_R1000_s0,GA-QL-T,1,66562.0,1.67711007500111,19700,True,17,0.006172000000000003
SC_n200_R1000_s0,GA-QL-T,2,66562.0,1.5259688299993286,19700,True,20,0.019330000000000007
SC_n200_R1000_s0,GA-QL-T,3,66562.0,1.764046665000933,19700,True,16,0.008726000000000001
SC_n200_R1000_s0,GA-QL-T,4,66562.0,1.6400509209997836,19700,True,23,0.013432000000000005
SC_n200_R1000_s0,GA-QL-T,5,66562.0,1.5740600250028365,19700,True,22,0.009756000000000003
SC_n200_R1000_s0,GA-QL-T,6,66562.0,1.3167888589996437,19700,True,22,0.013566000000000005
SC_n200_R1000_s0,GA-QL-T,7,66562.0,1.605447923000611,19700,True,36,0.024178000000000012
SC_n200_R1000_s0,GA-QL-T,8,66562.0,1.7552297449983598,19700,True,24,0.028370000000000006
SC_n200_R1000_s0,GA-QL-T,9,66562.0,1.4418801949977933,19700,True,15,0.010336000000000003
SC_n200_R1000_s0,GA-QL-Tphi,0,66562.0,1.6477170690013736,19700,True,25,0.016186000000000006
SC_n200_R1000_s0,GA-QL-Tphi,1,66562.0,1.6674248689996602,19700,True,21,0.02633200000000001
SC_n200_R1000_s0,GA-QL-Tphi,2,66562.0,1.4374229029999697,19700,True,17,0.032472000000000015
SC_n200_R1000_s0,GA-QL-Tphi,3,66562.0,1.7248514359998808,19700,True,19,0.039496
SC_n200_R1000_s0,GA-QL-Tphi,4,66562.0,1.296363621000637,19700,True,20,0.019776000000000005
SC_n200_R1000_s0,GA-QL-Tphi,5,66562.0,1.5400219590010238,19700,True,23,0.014504000000000001
SC_n200_R1000_s0,GA-QL-Tphi,6,66562.0,1.645869631000096,19700,True,29,0.010772000000000002
SC_n200_R1000_s0,GA-QL-Tphi,7,66562.0,1.7470752410008572,19700,True,21,0.039438000000000015
SC_n200_R1000_s0,GA-QL-Tphi,8,66562.0,1.2653446799995436,19700,True,19,0.015652000000000003
SC_n200_R1000_s0,GA-QL-Tphi,9,66562.0,1.6163051709991123,19700,True,17,0.013876000000000001
SC_n200_R1000_s0,GA-RAND,0,66562.0,0.9324832400016021,19700,True,30,0.015588000000000006
SC_n200_R1000_s0,GA-RAND,1,66562.0,1.6497983280023618,19700,True,39,0.02234600000000001
SC_n200_R1000_s0,GA-RAND,2,66562.0,1.6096181149987387,19700,True,24,0.013972000000000002
SC_n200_R1000_s0,GA-RAND,3,66562.0,1.6461608760000672,19700,True,19,0.028490000000000012
SC_n200_R1000_s0,GA-RAND,4,66562.0,0.9437243860011222,19700,True,25,0.00932
SC_n200_R1000_s0,GA-RAND,5,66562.0,1.6910976069993922,19700,True,21,0.013436000000000002
SC_n200_R1000_s0,GA-RAND,6,66562.0,1.617188067000825,19700,True,27,0.010498000000000002
SC_n200_R1000_s0,GA-RAND,7,66562.0,0.9285356319996936,19700,True,16,0.004660000000000002
SC_n200_R1000_s0,GA-RAND,8,66562.0,1.5545190990014817,19700,True,24,0.0066200000000000035
SC_n200_R1000_s0,GA-RAND,9,66562.0,1.6330044879978232,19700,True,14,0.029314000000000014
SC_n200_R1000_s0,GA-UCB,0,66562.0,1.5380051339998317,19700,True,29,0.021064000000000013
SC_n200_R1000_s0,GA-UCB,1,66562.0,1.0038776050023444,19700,True,16,0.02359600000000001
SC_n200_R1000_s0,GA-UCB,2,66562.0,1.6614183860001503,19700,True,39,0.012062000000000003
SC_n200_R1000_s0,GA-UCB,3,66562.0,1.6612911939992046,19700,True,17,0.01950000000000001
SC_n200_R1000_s0,GA-UCB,4,66562.0,1.04866115799814,19700,True,17,0.010420000000000002
SC_n200_R1000_s0,GA-UCB,5,66562.0,1.5593633879980189,19700,True,30,0.006492000000000001
SC_n200_R1000_s0,GA-UCB,6,66562.0,1.6416198189981515,19700,True,24,0.010928000000000002
SC_n200_R1000_s0,GA-UCB,7,66562.0,1.5814729440025985,19700,True,30,0.02719800000000001
SC_n200_R1000_s0,GA-UCB,8,66562.0,1.621930135999719,19700,True,42,0.011392000000000003
SC_n200_R1000_s0,GA-UCB,9,66562.0,1.387095964000764,19700,True,27,0.012820000000000003
SC_n200_R1000_s1,GA,0,65330.0,1.2457909349977854,19700,True,96,0.010402
SC_n200_R1000_s1,GA,1,65330.0,1.2789527330023702,19700,True,21,0.009978000000000002
SC_n200_R1000_s1,GA,2,65430.0,1.0445633089984767,19700,True,72,0.007740000000000002
SC_n200_R1000_s1,GA,3,65430.0,1.3743060390006576,19700,True,20,0.0033140000000000014
SC_n200_R1000_s1,GA,4,65430.0,1.098675330998958,19700,True,22,0.008802000000000003
SC_n200_R1000_s1,GA,5,65330.0,1.320732866999606,19700,True,13,0.0067500000000000025
SC_n200_R1000_s1,GA,6,65430.0,1.5133233970009314,19700,True,19,0.0015720000000000007
SC_n200_R1000_s1,GA,7,65329.0,1.2150548760000675,19700,True,43,0.010642
SC_n200_R1000_s1,GA,8,65430.0,1.4646109399982379,19700,True,22,0.003872000000000002
SC_n200_R1000_s1,GA,9,65330.0,1.1679641760019877,19700,True,20,0.011588000000000003
SC_n200_R1000_s1,GA-FIX-UX+BF3,0,65430.0,1.6672956049987988,19700,True,22,0.047734000000000026
SC_n200_R1000_s1,GA-FIX-UX+BF3,1,65430.0,1.594844021001336,19700,True,17,0.025348000000000016
SC_n200_R1000_s1,GA-FIX-UX+BF3,2,65430.0,1.8563644749992818,19700,True,21,0.06421600000000001
SC_n200_R1000_s1,GA-FIX-UX+BF3,3,65430.0,1.9553536880011961,19700,True,19,0.08465600000000002
SC_n200_R1000_s1,GA-FIX-UX+BF3,4,65430.0,1.8037614220011164,19700,True,15,0.06634000000000002
SC_n200_R1000_s1,GA-FIX-UX+BF3,5,65430.0,1.1828227410005638,19700,True,18,0.08011200000000002
SC_n200_R1000_s1,GA-FIX-UX+BF3,6,65430.0,1.8249976209990564,19700,True,17,0.026970000000000015
SC_n200_R1000_s1,GA-FIX-UX+BF3,7,65430.0,1.8252934369993454,19700,True,18,0.03801800000000002
SC_n200_R1000_s1,GA-FIX-UX+BF3,8,65430.0,1.8275541809998685,19700,True,31,0.02882200000000001
SC_n200_R1000_s1,GA-FIX-UX+BF3,9,65430.0,1.8781642129979446,19700,True,20,0.09334400000000002
SC_n200_R1000_s1,GA-QL,0,65430.0,1.137902597001812,19700,True,25,0.017144000000000003
SC_n200_R1000_s1,GA-QL,1,65430.0,1.6942090119991917,19700,True,20,0.020168
SC_n200_R1000_s1,GA-QL,2,65430.0,1.6600741969996307,19700,True,24,0.012618000000000002
SC_n200_R1000_s1,GA-QL,3,65430.0,1.5979035529999237,19700,True,13,0.010292
SC_n200_R1000_s1,GA-QL,4,65430.0,1.6115143759998318,19700,True,22,0.009900000000000003
SC_n200_R1000_s1,GA-QL,5,65430.0,0.9836045720003312,19700,True,26,0.013688000000000002
SC_n200_R1000_s1,GA-QL,6,65430.0,1.6154815849986335,19700,True,20,0.012534
SC_n200_R1000_s1,GA-QL,7,65430.0,1.627465970999765,19700,True,20,0.014234000000000002
SC_n200_R1000_s1,GA-QL,8,65430.0,1.6052032180014066,19700,True,14,0.016446000000000006
SC_n200_R1000_s1,GA-QL,9,65430.0,1.3948620690025564,19700,True,29,0.03305200000000001
SC_n200_R1000_s1,GA-QL-T,0,65430.0,1.655115379999188,19700,True,19,0.008156000000000004
SC_n200_R1000_s1,GA-QL-T,1,65430.0,1.157501603000128,19700,True,24,0.010040000000000004
SC_n200_R1000_s1,GA-QL-T,2,65430.0,1.5883176030001778,19700,True,24,0.03639000000000001
SC_n200_R1000_s1,GA-QL-T,3,65430.0,1.7001956179992703,19700,True,20,0.02001400000000001
SC_n200_R1000_s1,GA-QL-T,4,65430.0,1.6368711039976915,19700,True,16,0.028458000000000015
SC_n200_R1000_s1,GA-QL-T,5,65430.0,1.5249050479978905,19700,True,24,0.010784000000000002
SC_n200_R1000_s1,GA-QL-T,6,65430.0,0.984858866999275,19700,True,23,0.003674000000000002
SC_n200_R1000_s1,GA-QL-T,7,65430.0,1.6127449230007187,19700,True,17,0.008346000000000003
SC_n200_R1000_s1,GA-QL-T,8,65430.0,1.5910717380029382,19700,True,23,0.027988000000000016
SC_n200_R1000_s1,GA-QL-T,9,65430.0,1.637795228001778,19700,True,22,0.005926
SC_n200_R1000_s1,GA-QL-Tphi,0,65430.0,1.0133427380023932,19700,True,25,0.013712
SC_n200_R1000_s1,GA-QL-Tphi,1,65430.0,1.6072199200025352,19700,True,20,0.018228
SC_n200_R1000_s1,GA-QL-Tphi,2,65430.0,1.6024994699982926,19700,True,23,0.012286000000000004
SC_n200_R1000_s1,GA-QL-Tphi,3,65430.0,1.036809211000218,19700,True,26,0.023792000000000008
SC_n200_R1000_s1,GA-QL-Tphi,4,65430.0,1.6376443020017177,19700,True,20,0.02298000000000001
SC_n200_R1000_s1,GA-QL-Tphi,5,65430.0,1.5326942509964283,19700,True,30,0.04508400000000002
SC_n200_R1000_s1,GA-QL-Tphi,6,65430.0,1.632044459998724,19700,True,32,0.006894000000000003
SC_n200_R1000_s1,GA-QL-Tphi,7,65430.0,1.6790502080002625,19700,True,20,0.02930600000000001
SC_n200_R1000_s1,GA-QL-Tphi,8,65430.0,1.750508687000547,19700,True,24,0.023232000000000013
SC_n200_R1000_s1,GA-QL-Tphi,9,65430.0,1.5773598570012837,19700,True,28,0.021294000000000007
SC_n200_R1000_s1,GA-RAND,0,65430.0,1.2210303280007793,19700,True,35,0.015864
SC_n200_R1000_s1,GA-RAND,1,65430.0,1.5908347719996527,19700,True,23,0.02516400000000001
SC_n200_R1000_s1,GA-RAND,2,65430.0,1.594842074002372,19700,True,35,0.020628000000000007
SC_n200_R1000_s1,GA-RAND,3,65430.0,1.6207451020018198,19700,True,82,0.02930600000000001
SC_n200_R1000_s1,GA-RAND,4,65430.0,1.680633758998738,19700,True,18,0.011904000000000003
SC_n200_R1000_s1,GA-RAND,5,65430.0,0.8751203959982377,19700,True,21,0.030442000000000004
SC_n200_R1000_s1,GA-RAND,6,65430.0,1.6527317300024151,19700,True,34,0.012342000000000004
SC_n200_R1000_s1,GA-RAND,7,65430.0,1.5904010070007644,19700,True,16,0.006516000000000002
SC_n200_R1000_s1,GA-RAND,8,65430.0,0.950886108999839,19700,True,16,0.009662000000000002
SC_n200_R1000_s1,GA-RAND,9,65430.0,1.6113934029999655,19700,True,23,0.029752000000000015
SC_n200_R1000_s1,GA-UCB,0,65430.0,1.671538637001504,19700,True,37,0.012648000000000006
SC_n200_R1000_s1,GA-UCB,1,65430.0,1.566883338997286,19700,True,16,0.03329600000000001
SC_n200_R1000_s1,GA-UCB,2,65430.0,1.6547213640005793,19700,True,23,0.005692000000000002
SC_n200_R1000_s1,GA-UCB,3,65430.0,0.9562066580001556,19700,True,15,0.010626
SC_n200_R1000_s1,GA-UCB,4,65430.0,1.6143787710025208,19700,True,21,0.019766
SC_n200_R1000_s1,GA-UCB,5,65430.0,1.638550318999478,19700,True,20,0.012326000000000005
SC_n200_R1000_s1,GA-UCB,6,65430.0,1.2949633549978898,19700,True,20,0.011048000000000004
SC_n200_R1000_s1,GA-UCB,7,65430.0,1.5833407969985274,19700,True,19,0.017018000000000005
SC_n200_R1000_s1,GA-UCB,8,65430.0,1.7101034439983778,19700,True,35,0.028260000000000014
SC_n200_R1000_s1,GA-UCB,9,65430.0,1.4743983789994672,19700,True,19,0.02670000000000001
SC_n200_R1000_s2,GA,0,63616.0,1.0885574050007563,19700,True,30,0.0055780000000000005
SC_n200_R1000_s2,GA,1,63616.0,1.3862845910007309,19700,True,15,0.004236000000000002
SC_n200_R1000_s2,GA,2,63613.0,1.044756914001482,19700,True,25,0.006614000000000001
SC_n200_R1000_s2,GA,3,63616.0,1.4007185229966126,19700,True,17,0.005752000000000004
SC_n200_R1000_s2,GA,4,63616.0,1.108260128999973,19700,True,27,0.008540000000000002
SC_n200_R1000_s2,GA,5,63616.0,1.4505960880014754,19700,True,73,0.007428000000000003
SC_n200_R1000_s2,GA,6,63615.0,1.1277599729983194,19700,True,16,0.003330000000000002
SC_n200_R1000_s2,GA,7,63616.0,1.4222331830023904,19700,True,15,0.009804000000000002
SC_n200_R1000_s2,GA,8,63616.0,1.3290775610003038,19700,True,13,0.005658000000000003
SC_n200_R1000_s2,GA,9,63616.0,1.4721778099992662,19700,True,15,0.0052540000000000035
SC_n200_R1000_s2,GA-FIX-UX+BF3,0,63616.0,1.686258943998837,19700,True,25,0.11039000000000002
SC_n200_R1000_s2,GA-FIX-UX+BF3,1,63616.0,1.7888963900004455,19700,True,17,0.08757600000000001
SC_n200_R1000_s2,GA-FIX-UX+BF3,2,63616.0,1.4130415879990323,19700,True,14,0.10272000000000002
SC_n200_R1000_s2,GA-FIX-UX+BF3,3,63616.0,1.4378770280018216,19700,True,31,0.03038200000000001
SC_n200_R1000_s2,GA-FIX-UX+BF3,4,63616.0,1.663746310001443,19700,True,11,0.08611800000000003
SC_n200_R1000_s2,GA-FIX-UX+BF3,5,63616.0,1.787735227997473,19700,True,16,0.10763600000000001
SC_n200_R1000_s2,GA-FIX-UX+BF3,6,63616.0,1.8853835189984238,19700,True,14,0.10658000000000001
SC_n200_R1000_s2,GA-FIX-UX+BF3,7,63616.0,1.8291469260002486,19700,True,34,0.09440000000000003
SC_n200_R1000_s2,GA-FIX-UX+BF3,8,63616.0,1.8396768089987745,19700,True,18,0.08239600000000001
SC_n200_R1000_s2,GA-FIX-UX+BF3,9,63616.0,1.8456232179996732,19700,True,19,0.09796200000000002
SC_n200_R1000_s2,GA-QL,0,63616.0,1.5323062269999355,19700,True,22,0.03426400000000002
SC_n200_R1000_s2,GA-QL,1,63616.0,1.6899973330000648,19700,True,21,0.035672000000000016
SC_n200_R1000_s2,GA-QL,2,63616.0,1.5884727140000905,19700,True,16,0.03326600000000002
SC_n200_R1000_s2,GA-QL,3,63616.0,1.6707889950012031,19700,True,23,0.03140600000000002
SC_n200_R1000_s2,GA-QL,4,63616.0,1.295456757001375,19700,True,18,0.028206000000000016
SC_n200_R1000_s2,GA-QL,5,63616.0,1.2166836860014882,19700,True,15,0.015416000000000001
SC_n200_R1000_s2,GA-QL,6,63616.0,1.5949084420026338,19700,True,34,0.02191200000000001
SC_n200_R1000_s2,GA-QL,7,63616.0,1.721240275001037,19700,True,37,0.030310000000000014
SC_n200_R1000_s2,GA-QL,8,63616.0,1.0181634619984834,19700,True,10,0.03160800000000001
SC_n200_R1000_s2,GA-QL,9,63616.0,1.7501689510027063,19700,True,16,0.0078020000000000025
SC_n200_R1000_s2,GA-QL-T,0,63616.0,1.1965442639993853,19700,True,15,0.062398000000000016
SC_n200_R1000_s2,GA-QL-T,1,63616.0,1.3606662870006403,19700,True,16,0.017920000000000005
SC_n200_R1000_s2,GA-QL-T,2,63616.0,1.4588936110012583,19700,True,14,0.017168000000000006
SC_n200_R1000_s2,GA-QL-T,3,63616.0,1.6322360840022156,19700,True,21,0.012954000000000004
SC_n200_R1000_s2,GA-QL-T,4,63616.0,1.440192786998523,19700,True,20,0.01960800000000001
SC_n200_R1000_s2,GA-QL-T,5,63616.0,1.659946846000821,19700,True,26,0.015674000000000004
SC_n200_R1000_s2,GA-QL-T,6,63616.0,1.5889540550015226,19700,True,16,0.021362000000000013
SC_n200_R1000_s2,GA-QL-T,7,63616.0,0.9609380370020517,19700,True,20,0.015498000000000003
SC_n200_R1000_s2,GA-QL-T,8,63616.0,1.6158795699993789,19700,True,16,0.009480000000000002
SC_n200_R1000_s2,GA-QL-T,9,63616.0,1.5539305199999944,19700,True,22,0.010364000000000002
SC_n200_R1000_s2,GA-QL-Tphi,0,63616.0,0.9747342800001206,19700,True,15,0.022228000000000008
SC_n200_R1000_s2,GA-QL-Tphi,1,63616.0,1.690711838000425,19700,True,16,0.026094000000000013
SC_n200_R1000_s2,GA-QL-Tphi,2,63616.0,1.7113111179969565,19700,True,14,0.032258000000000016
SC_n200_R1000_s2,GA-QL-Tphi,3,63616.0,1.7368037850028486,19700,True,19,0.02048800000000001
SC_n200_R1000_s2,GA-QL-Tphi,4,63616.0,0.970504021999659,19700,True,79,0.02307400000000001
SC_n200_R1000_s2,GA-QL-Tphi,5,63616.0,1.7467944560012256,19700,True,21,0.025078000000000013
SC_n200_R1000_s2,GA-QL-Tphi,6,63616.0,1.6823257910000393,19700,True,16,0.010616000000000004
SC_n200_R1000_s2,GA-QL-Tphi,7,63616.0,0.9964097709998896,19700,True,28,0.020268
SC_n200_R1000_s2,GA-QL-Tphi,8,63616.0,1.6971611959997972,19700,True,16,0.01343
SC_n200_R1000_s2,GA-QL-Tphi,9,63616.0,1.6687335710012121,19700,True,16,0.006488000000000002
SC_n200_R1000_s2,GA-RAND,0,63616.0,1.3918931990010606,19700,True,31,0.023030000000000005
SC_n200_R1000_s2,GA-RAND,1,63616.0,1.5900501390024147,19700,True,16,0.039598000000000015
SC_n200_R1000_s2,GA-RAND,2,63616.0,1.03519039800085,19700,True,17,0.029496
SC_n200_R1000_s2,GA-RAND,3,63616.0,1.6264301909977803,19700,True,34,0.02919600000000001
SC_n200_R1000_s2,GA-RAND,4,63616.0,1.665783789998386,19700,True,23,0.013948
SC_n200_R1000_s2,GA-RAND,5,63616.0,1.7329393690015422,19700,True,30,0.015542000000000002
SC_n200_R1000_s2,GA-RAND,6,63616.0,1.5842950120022579,19700,True,13,0.030008000000000007
SC_n200_R1000_s2,GA-RAND,7,63616.0,1.188125263000984,19700,True,13,0.006596000000000004
SC_n200_R1000_s2,GA-RAND,8,63616.0,1.3970307199997478,19700,True,15,0.013452000000000004
SC_n200_R1000_s2,GA-RAND,9,63616.0,1.2627579050022177,19700,True,17,0.030954000000000016
SC_n200_R1000_s2,GA-UCB,0,63616.0,1.600935305999883,19700,True,19,0.011608000000000005
SC_n200_R1000_s2,GA-UCB,1,63616.0,1.6192134330012777,19700,True,16,0.02665800000000001
SC_n200_R1000_s2,GA-UCB,2,63616.0,1.5816880679994938,19700,True,11,0.021808000000000015
SC_n200_R1000_s2,GA-UCB,3,63616.0,1.6419751220018952,19700,True,20,0.028200000000000013
SC_n200_R1000_s2,GA-UCB,4,63616.0,0.8820159389979381,19700,True,23,0.011688000000000002
SC_n200_R1000_s2,GA-UCB,5,63616.0,1.534608008001669,19700,True,20,0.016096000000000003
SC_n200_R1000_s2,GA-UCB,6,63616.0,1.693051051999646,19700,True,21,0.009288
SC_n200_R1000_s2,GA-UCB,7,63616.0,1.4072853699981351,19700,True,23,0.02372400000000001
SC_n200_R1000_s2,GA-UCB,8,63616.0,1.448074230000202,19700,True,14,0.011156000000000004
SC_n200_R1000_s2,GA-UCB,9,63616.0,1.6776001189973613,19700,True,19,0.021792000000000013
SC_n500_R1000_s0,GA,0,164203.0,2.9855381769993983,19700,True,39,0.003674400000000001
SC_n500_R1000_s0,GA,1,164202.0,2.998455876000662,19700,True,42,0.0016376000000000008
SC_n500_R1000_s0,GA,2,164203.0,1.6637595070023963,19700,True,36,0.0036224000000000013
SC_n500_R1000_s0,GA,3,164303.0,2.931162408000091,19700,True,187,0.0020272000000000016
SC_n500_R1000_s0,GA,4,164203.0,2.6636754640021536,19700,True,32,0.003912800000000001
SC_n500_R1000_s0,GA,5,164103.0,2.3342247030013823,19700,True,89,0.004832800000000003
SC_n500_R1000_s0,GA,6,164203.0,2.9267308470007265,19700,True,152,0.0020128000000000004
SC_n500_R1000_s0,GA,7,164203.0,1.5643290180014446,19700,True,28,0.005878400000000001
SC_n500_R1000_s0,GA,8,164203.0,2.739306293999107,19700,True,31,0.006986400000000003
SC_n500_R1000_s0,GA,9,164203.0,2.120297962999757,19700,True,27,0.0021696000000000007
SC_n500_R1000_s0,GA-FIX-UX+BF3,0,164403.0,3.797342044999823,19700,True,56,0.008028000000000004
SC_n500_R1000_s0,GA-FIX-UX+BF3,1,164403.0,3.909412938999594,19700,True,200,0.06586560000000001
SC_n500_R1000_s0,GA-FIX-UX+BF3,2,164303.0,3.556652678998944,19700,True,28,0.05485440000000001
SC_n500_R1000_s0,GA-FIX-UX+BF3,3,164303.0,3.7168421820024378,19700,True,26,0.060521600000000016
SC_n500_R1000_s0,GA-FIX-UX+BF3,4,164303.0,3.626564606998727,19700,True,50,0.06187680000000001
SC_n500_R1000_s0,GA-FIX-UX+BF3,5,164303.0,3.6230024219985353,19700,True,38,0.05893040000000001
SC_n500_R1000_s0,GA-FIX-UX+BF3,6,164403.0,3.591183753000223,19700,True,191,0.012126400000000004
SC_n500_R1000_s0,GA-FIX-UX+BF3,7,164402.0,2.314308140998037,19700,True,181,0.005376000000000004
SC_n500_R1000_s0,GA-FIX-UX+BF3,8,164303.0,3.7013100360018143,19700,True,37,0.06165120000000002
SC_n500_R1000_s0,GA-FIX-UX+BF3,9,164403.0,3.7824231490012608,19700,True,93,0.011256000000000004
SC_n500_R1000_s0,GA-QL,0,164203.0,2.7429283229976136,19700,True,23,0.007039200000000001
SC_n500_R1000_s0,GA-QL,1,164303.0,3.315451162001409,19700,True,40,0.003269600000000002
SC_n500_R1000_s0,GA-QL,2,164303.0,2.2086216659990896,19700,True,45,0.011137600000000003
SC_n500_R1000_s0,GA-QL,3,164303.0,2.537910627997917,19700,True,28,0.0086576
SC_n500_R1000_s0,GA-QL,4,164303.0,3.364948665002885,19700,True,41,0.008887200000000001
SC_n500_R1000_s0,GA-QL,5,164303.0,3.0067024449999735,19700,True,40,0.012036000000000005
SC_n500_R1000_s0,GA-QL,6,164303.0,3.174271479998424,19700,True,46,0.003366400000000001
SC_n500_R1000_s0,GA-QL,7,164303.0,3.2394491560007737,19700,True,31,0.0417792
SC_n500_R1000_s0,GA-QL,8,164303.0,2.756349039002089,19700,True,34,0.016719200000000007
SC_n500_R1000_s0,GA-QL,9,164303.0,2.81014441699881,19700,True,25,0.004397600000000001
SC_n500_R1000_s0,GA-QL-T,0,164303.0,3.304923506002524,19700,True,24,0.004716000000000002
SC_n500_R1000_s0,GA-QL-T,1,164303.0,3.317209600001661,19700,True,39,0.006130400000000002
SC_n500_R1000_s0,GA-QL-T,2,164303.0,2.438763898000616,19700,True,30,0.008530400000000004
SC_n500_R1000_s0,GA-QL-T,3,164303.0,3.3246283670014236,19700,True,24,0.006492000000000002
SC_n500_R1000_s0,GA-QL-T,4,164303.0,3.389612548999139,19700,True,28,0.010304800000000005
SC_n500_R1000_s0,GA-QL-T,5,164303.0,2.4933506039997155,19700,True,30,0.011750400000000006
SC_n500_R1000_s0,GA-QL-T,6,164303.0,3.3494675930014637,19700,True,43,0.006733600000000001
SC_n500_R1000_s0,GA-QL-T,7,164303.0,3.726968429000408,19700,True,29,0.011942400000000006
SC_n500_R1000_s0,GA-QL-T,8,164303.0,3.516561994998483,19700,True,43,0.008902400000000003
SC_n500_R1000_s0,GA-QL-T,9,164303.0,3.3808994030005124,19700,True,40,0.008228000000000003
SC_n500_R1000_s0,GA-QL-Tphi,0,164303.0,3.1589028439993854,19700,True,44,0.012093600000000006
SC_n500_R1000_s0,GA-QL-Tphi,1,164303.0,3.278643367000768,19700,True,50,0.009586400000000005
SC_n500_R1000_s0,GA-QL-Tphi,2,164303.0,2.7553319840008044,19700,True,43,0.010960800000000007
SC_n500_R1000_s0,GA-QL-Tphi,3,164303.0,2.3019043379972572,19700,True,42,0.008172800000000004
SC_n500_R1000_s0,GA-QL-Tphi,4,164303.0,3.2596199580002576,19700,True,42,0.011912800000000008
SC_n500_R1000_s0,GA-QL-Tphi,5,164303.0,3.182984570001281,19700,True,38,0.011673600000000008
SC_n500_R1000_s0,GA-QL-Tphi,6,164303.0,2.943361609999556,19700,True,59,0.013652000000000004
SC_n500_R1000_s0,GA-QL-Tphi,7,164203.0,3.1545013510003628,19700,True,37,0.009915200000000002
SC_n500_R1000_s0,GA-QL-Tphi,8,164303.0,3.2305833249993157,19700,True,68,0.010458400000000005
SC_n500_R1000_s0,GA-QL-Tphi,9,164303.0,2.819655061000958,19700,True,32,0.008940000000000003
SC_n500_R1000_s0,GA-RAND,0,164303.0,3.3366772119989037,19700,True,42,0.0034704000000000007
SC_n500_R1000_s0,GA-RAND,1,164303.0,3.255718076998164,19700,True,34,0.003523200000000001
SC_n500_R1000_s0,GA-RAND,2,164303.0,2.743384548000904,19700,True,29,0.006597600000000001
SC_n500_R1000_s0,GA-RAND,3,164303.0,3.3410617479967186,19700,True,34,0.011206400000000005
SC_n500_R1000_s0,GA-RAND,4,164303.0,3.33139891600149,19700,True,46,0.0054047999999999995
SC_n500_R1000_s0,GA-RAND,5,164303.0,1.9128918860005797,19700,True,34,0.008270400000000002
SC_n500_R1000_s0,GA-RAND,6,164303.0,3.366619227999763,19700,True,35,0.007224800000000001
SC_n500_R1000_s0,GA-RAND,7,164303.0,3.347295891999238,19700,True,36,0.003626400000000001
SC_n500_R1000_s0,GA-RAND,8,164203.0,3.118059512002219,19700,True,36,0.013680800000000003
SC_n500_R1000_s0,GA-RAND,9,164303.0,3.3150119810015894,19700,True,42,0.006284800000000002
SC_n500_R1000_s0,GA-UCB,0,164303.0,2.148506419001933,19700,True,35,0.004025600000000001
SC_n500_R1000_s0,GA-UCB,1,164303.0,3.2051047179993475,19700,True,31,0.0088456
SC_n500_R1000_s0,GA-UCB,2,164303.0,2.9049415269983,19700,True,41,0.011159200000000006
SC_n500_R1000_s0,GA-UCB,3,164303.0,3.3127068879985018,19700,True,30,0.010668800000000004
SC_n500_R1000_s0,GA-UCB,4,164303.0,1.8321436799997173,19700,True,30,0.008800000000000004
SC_n500_R1000_s0,GA-UCB,5,164303.0,3.0879044690009323,19700,True,33,0.0069168
SC_n500_R1000_s0,GA-UCB,6,164303.0,2.9657644010003423,19700,True,41,0.010639200000000007
SC_n500_R1000_s0,GA-UCB,7,164303.0,2.9824010100019223,19700,True,29,0.008925600000000002
SC_n500_R1000_s0,GA-UCB,8,164303.0,2.6075575280010526,19700,True,35,0.009281600000000004
SC_n500_R1000_s0,GA-UCB,9,164203.0,3.210745135002071,19700,True,141,0.0074544000000000025
SC_n500_R1000_s1,GA,0,161797.0,2.7165488690006896,19700,True,38,0.006108000000000002
SC_n500_R1000_s1,GA,1,161697.0,2.2775053670011403,19700,True,24,0.001966400000000001
SC_n500_R1000_s1,GA,2,161697.0,2.902017082000384,19700,True,23,0.007872800000000003
SC_n500_R1000_s1,GA,3,161796.0,2.336630245001288,19700,True,125,0.0033832000000000007
SC_n500_R1000_s1,GA,4,161697.0,2.9343238080000447,19700,True,31,0.0022976000000000003
SC_n500_R1000_s1,GA,5,161697.0,2.410118218998832,19700,True,139,0.0039168000000000015
SC_n500_R1000_s1,GA,6,161697.0,3.142873254000733,19700,True,50,0.0038896000000000004
SC_n500_R1000_s1,GA,7,161797.0,2.8243998020006984,19700,True,116,0.005551200000000003
SC_n500_R1000_s1,GA,8,161797.0,2.419708591998642,19700,True,32,0.0038408000000000014
SC_n500_R1000_s1,GA,9,161697.0,2.8904898450018663,19700,True,28,0.003033600000000001
SC_n500_R1000_s1,GA-FIX-UX+BF3,0,161897.0,3.777907695999602,19700,True,36,0.010256800000000005
SC_n500_R1000_s1,GA-FIX-UX+BF3,1,161897.0,3.7332759499986423,19700,True,34,0.05335200000000002
SC_n500_R1000_s1,GA-FIX-UX+BF3,2,161897.0,3.1102051970010507,19700,True,41,0.012912000000000007
SC_n500_R1000_s1,GA-FIX-UX+BF3,3,161897.0,3.6124061250011437,19700,True,39,0.012174400000000005
SC_n500_R1000_s1,GA-FIX-UX+BF3,4,161897.0,2.717362289000448,19700,True,26,0.042480000000000004
SC_n500_R1000_s1,GA-FIX-UX+BF3,5,161897.0,3.4829916450034943,19700,True,41,0.04773200000000001
SC_n500_R1000_s1,GA-FIX-UX+BF3,6,161897.0,3.755300402001012,19700,True,39,0.029853600000000008
SC_n500_R1000_s1,GA-FIX-UX+BF3,7,161897.0,3.030659766998724,19700,True,52,0.03652480000000001
SC_n500_R1000_s1,GA-FIX-UX+BF3,8,161897.0,3.8110970409979927,19700,True,41,0.03322320000000001
SC_n500_R1000_s1,GA-FIX-UX+BF3,9,161897.0,3.4419914569989487,19700,True,36,0.0448232
SC_n500_R1000_s1,GA-QL,0,161797.0,3.0705260200011253,19700,True,38,0.010388000000000005
SC_n500_R1000_s1,GA-QL,1,161897.0,2.417290760000469,19700,True,36,0.007599200000000004
SC_n500_R1000_s1,GA-QL,2,161797.0,3.1519544430011592,19700,True,27,0.005981600000000001
SC_n500_R1000_s1,GA-QL,3,161797.0,3.141035650998674,19700,True,25,0.010387200000000003
SC_n500_R1000_s1,GA-QL,4,161897.0,2.2467624380005873,19700,True,63,0.004574400000000002
SC_n500_R1000_s1,GA-QL,5,161797.0,3.2300932919970364,19700,True,30,0.015424000000000007
SC_n500_R1000_s1,GA-QL,6,161897.0,2.9791753190002055,19700,True,37,0.009986400000000003
SC_n500_R1000_s1,GA-QL,7,161897.0,3.209778860997176,19700,True,51,0.002088800000000001
SC_n500_R1000_s1,GA-QL,8,161897.0,2.0555692620000627,19700,True,39,0.009611200000000004
SC_n500_R1000_s1,GA-QL,9,161797.0,3.2867113950014755,19700,True,28,0.012780800000000005
SC_n500_R1000_s1,GA-QL-T,0,161897.0,3.1795849449990783,19700,True,37,0.012900000000000007
SC_n500_R1000_s1,GA-QL-T,1,161897.0,3.5451362719977624,19700,True,41,0.010760000000000006
SC_n500_R1000_s1,GA-QL-T,2,161897.0,3.6014009399987117,19700,True,32,0.010595200000000006
SC_n500_R1000_s1,GA-QL-T,3,161897.0,3.4279178899996623,19700,True,43,0.0069504000000000015
SC_n500_R1000_s1,GA-QL-T,4,161897.0,3.0996866499990574,19700,True,41,0.011030400000000008
SC_n500_R1000_s1,GA-QL-T,5,161797.0,3.3372674149977684,19700,True,21,0.014048800000000005
SC_n500_R1000_s1,GA-QL-T,6,161797.0,3.1851953419973142,19700,True,24,0.0087848
SC_n500_R1000_s1,GA-QL-T,7,161797.0,2.70096629299951,19700,True,35,0.012704000000000003
SC_n500_R1000_s1,GA-QL-T,8,161897.0,3.5654771199988318,19700,True,44,0.012375200000000006
SC_n500_R1000_s1,GA-QL-T,9,161897.0,3.0747930079996877,19700,True,47,0.010324000000000005
SC_n500_R1000_s1,GA-QL-Tphi,0,161897.0,2.8254795360007847,19700,True,50,0.01578480000000001
SC_n500_R1000_s1,GA-QL-Tphi,1,161797.0,3.2938546010009304,19700,True,31,0.0073656000000000025
SC_n500_R1000_s1,GA-QL-Tphi,2,161797.0,3.0464398999974946,19700,True,37,0.004943199999999999
SC_n500_R1000_s1,GA-QL-Tphi,3,161897.0,3.260512814998947,19700,True,45,0.009225600000000004
SC_n500_R1000_s1,GA-QL-Tphi,4,161797.0,2.52591697599928,19700,True,33,0.004280000000000001
SC_n500_R1000_s1,GA-QL-Tphi,5,161897.0,2.9219314040019526,19700,True,78,0.009051200000000006
SC_n500_R1000_s1,GA-QL-Tphi,6,161897.0,3.088094243001251,19700,True,66,0.009151200000000003
SC_n500_R1000_s1,GA-QL-Tphi,7,161797.0,3.240642075998039,19700,True,29,0.014804000000000008
SC_n500_R1000_s1,GA-QL-Tphi,8,161897.0,3.5441098859992053,19700,True,62,0.009480000000000004
SC_n500_R1000_s1,GA-QL-Tphi,9,161797.0,3.1354561089974595,19700,True,36,0.016805600000000004
SC_n500_R1000_s1,GA-RAND,0,161797.0,3.1349811000000045,19700,True,30,0.005708800000000002
SC_n500_R1000_s1,GA-RAND,1,161797.0,3.139056833999348,19700,True,31,0.0023200000000000004
SC_n500_R1000_s1,GA-RAND,2,161797.0,2.9567119860003004,19700,True,25,0.007458400000000003
SC_n500_R1000_s1,GA-RAND,3,161897.0,3.4621139830014727,19700,True,143,0.009536800000000005
SC_n500_R1000_s1,GA-RAND,4,161797.0,2.718666194999969,19700,True,88,0.005126400000000001
SC_n500_R1000_s1,GA-RAND,5,161797.0,3.680925313001353,19700,True,41,0.007679200000000001
SC_n500_R1000_s1,GA-RAND,6,161797.0,3.5074783130003198,19700,True,36,0.008036000000000001
SC_n500_R1000_s1,GA-RAND,7,161897.0,3.6374160409977776,19700,True,49,0.0057032
SC_n500_R1000_s1,GA-RAND,8,161797.0,3.3632248360008816,19700,True,30,0.007526400000000002
SC_n500_R1000_s1,GA-RAND,9,161897.0,3.293293452999933,19700,True,47,0.0051048000000000005
SC_n500_R1000_s1,GA-UCB,0,161897.0,3.2741708180001297,19700,True,39,0.0047880000000000015
SC_n500_R1000_s1,GA-UCB,1,161797.0,3.1363995719984814,19700,True,28,0.013889600000000007
SC_n500_R1000_s1,GA-UCB,2,161797.0,3.3527884200011613,19700,True,43,0.005649600000000001
SC_n500_R1000_s1,GA-UCB,3,161797.0,3.5097999710014847,19700,True,29,0.004503200000000001
SC_n500_R1000_s1,GA-UCB,4,161797.0,3.3239854329985974,19700,True,35,0.007720800000000004
SC_n500_R1000_s1,GA-UCB,5,161797.0,2.8636455470004876,19700,True,29,0.007088800000000002
SC_n500_R1000_s1,GA-UCB,6,161897.0,3.1304442769978778,19700,True,51,0.008428800000000002
SC_n500_R1000_s1,GA-UCB,7,161797.0,3.2101094709978497,19700,True,32,0.008392800000000002
SC_n500_R1000_s1,GA-UCB,8,161797.0,2.6428374180031824,19700,True,30,0.005824000000000002
SC_n500_R1000_s1,GA-UCB,9,161797.0,3.363661785999284,19700,True,53,0.011639200000000004
SC_n500_R1000_s2,GA,0,160372.0,2.021524182997382,19700,True,35,0.0031776000000000018
SC_n500_R1000_s2,GA,1,160272.0,1.8906712009993498,19700,True,149,0.005061600000000002
SC_n500_R1000_s2,GA,2,160372.0,2.811636147001991,19700,True,103,0.0037408000000000016
SC_n500_R1000_s2,GA,3,160272.0,2.9323680579982465,19700,True,30,0.0023360000000000013
SC_n500_R1000_s2,GA,4,160372.0,2.844646723999176,19700,True,163,0.0033712000000000004
SC_n500_R1000_s2,GA,5,160272.0,2.76719418599896,19700,True,64,0.003178400000000002
SC_n500_R1000_s2,GA,6,160271.0,2.5982793150033103,19700,True,90,0.002096800000000001
SC_n500_R1000_s2,GA,7,160372.0,2.7892791649974242,19700,True,104,0.0026256000000000005
SC_n500_R1000_s2,GA,8,160272.0,1.9653287670007558,19700,True,191,0.005635200000000001
SC_n500_R1000_s2,GA,9,160372.0,2.794261679999181,19700,True,40,0.003934400000000001
SC_n500_R1000_s2,GA-FIX-UX+BF3,0,160472.0,3.6961191139998846,19700,True,42,0.05543760000000001
SC_n500_R1000_s2,GA-FIX-UX+BF3,1,160472.0,3.686050038999383,19700,True,31,0.045860800000000014
SC_n500_R1000_s2,GA-FIX-UX+BF3,2,160472.0,3.672303846000432,19700,True,44,0.035139200000000016
SC_n500_R1000_s2,GA-FIX-UX+BF3,3,160472.0,2.787236642998323,19700,True,50,0.048079200000000016
SC_n500_R1000_s2,GA-FIX-UX+BF3,4,160472.0,3.2673536260008404,19700,True,28,0.0379096
SC_n500_R1000_s2,GA-FIX-UX+BF3,5,160472.0,3.0341218930007017,19700,True,27,0.04517680000000002
SC_n500_R1000_s2,GA-FIX-UX+BF3,6,160472.0,3.815354643997125,19700,True,31,0.03014320000000001
SC_n500_R1000_s2,GA-FIX-UX+BF3,7,160472.0,3.2772782380015997,19700,True,34,0.04523040000000001
SC_n500_R1000_s2,GA-FIX-UX+BF3,8,160472.0,3.863373459000286,19700,True,34,0.05170800000000001
SC_n500_R1000_s2,GA-FIX-UX+BF3,9,160472.0,3.7772311359985906,19700,True,24,0.04059920000000001
SC_n500_R1000_s2,GA-QL,0,160472.0,3.712283368997305,19700,True,48,0.002566400000000001
SC_n500_R1000_s2,GA-QL,1,160472.0,3.6651513670003624,19700,True,73,0.009389600000000005
SC_n500_R1000_s2,GA-QL,2,160472.0,3.418742273999669,19700,True,39,0.0032752000000000007
SC_n500_R1000_s2,GA-QL,3,160472.0,3.2137035939995258,19700,True,36,0.007928000000000001
SC_n500_R1000_s2,GA-QL,4,160372.0,3.346134028997767,19700,True,30,0.010664800000000004
SC_n500_R1000_s2,GA-QL,5,160472.0,3.259341509998194,19700,True,42,0.007643200000000004
SC_n500_R1000_s2,GA-QL,6,160372.0,2.040566010000475,19700,True,30,0.0059504000000000015
SC_n500_R1000_s2,GA-QL,7,160372.0,3.2902519769995706,19700,True,57,0.005519200000000001
SC_n500_R1000_s2,GA-QL,8,160472.0,3.0015083079997567,19700,True,108,0.006220000000000001
SC_n500_R1000_s2,GA-QL,9,160472.0,3.502201146999141,19700,True,47,0.005112
SC_n500_R1000_s2,GA-QL-T,0,160472.0,2.8026572759990813,19700,True,136,0.007620800000000002
SC_n500_R1000_s2,GA-QL-T,1,160472.0,2.5208729109981505,19700,True,80,0.009558400000000005
SC_n500_R1000_s2,GA-QL-T,2,160472.0,3.4282763679984782,19700,True,25,0.008754400000000004
SC_n500_R1000_s2,GA-QL-T,3,160472.0,3.4562015130031796,19700,True,28,0.009903200000000006
SC_n500_R1000_s2,GA-QL-T,4,160472.0,3.3989086330002465,19700,True,46,0.010458400000000005
SC_n500_R1000_s2,GA-QL-T,5,160472.0,3.2119445759999508,19700,True,58,0.010795200000000007
SC_n500_R1000_s2,GA-QL-T,6,160472.0,3.0305585720016097,19700,True,29,0.008239200000000004
SC_n500_R1000_s2,GA-QL-T,7,160472.0,2.9247120799991535,19700,True,30,0.009752800000000004
SC_n500_R1000_s2,GA-QL-T,8,160472.0,3.351763774000574,19700,True,33,0.012227200000000006
SC_n500_R1000_s2,GA-QL-T,9,160472.0,2.465211435999663,19700,True,45,0.009916000000000006
SC_n500_R1000_s2,GA-QL-Tphi,0,160372.0,2.538278011001239,19700,True,33,0.011762400000000003
SC_n500_R1000_s2,GA-QL-Tphi,1,160472.0,3.3346578150012647,19700,True,49,0.009647200000000003
SC_n500_R1000_s2,GA-QL-Tphi,2,160472.0,3.519080550999206,19700,True,44,0.007662400000000005
SC_n500_R1000_s2,GA-QL-Tphi,3,160472.0,3.297994248001487,19700,True,37,0.004413600000000001
SC_n500_R1000_s2,GA-QL-Tphi,4,160472.0,3.030532504999428,19700,True,39,0.008886400000000006
SC_n500_R1000_s2,GA-QL-Tphi,5,160472.0,3.336946255996736,19700,True,55,0.010160000000000004
SC_n500_R1000_s2,GA-QL-Tphi,6,160472.0,3.050492309001129,19700,True,60,0.007731200000000005
SC_n500_R1000_s2,GA-QL-Tphi,7,160472.0,3.5410912160004955,19700,True,45,0.0032000000000000006
SC_n500_R1000_s2,GA-QL-Tphi,8,160472.0,3.505337470000086,19700,True,59,0.0033456000000000002
SC_n500_R1000_s2,GA-QL-Tphi,9,160472.0,2.3989112469971587,19700,True,62,0.010242400000000004
SC_n500_R1000_s2,GA-RAND,0,160472.0,3.3867750280005566,19700,True,44,0.003290400000000001
SC_n500_R1000_s2,GA-RAND,1,160472.0,2.828095010998368,19700,True,32,0.003448000000000001
SC_n500_R1000_s2,GA-RAND,2,160472.0,3.0199158399991575,19700,True,38,0.004632000000000001
SC_n500_R1000_s2,GA-RAND,3,160472.0,3.1771286130024237,19700,True,39,0.009052800000000005
SC_n500_R1000_s2,GA-RAND,4,160472.0,3.1615849070003605,19700,True,64,0.002550400000000001
SC_n500_R1000_s2,GA-RAND,5,160472.0,3.228687129998434,19700,True,39,0.007033600000000001
SC_n500_R1000_s2,GA-RAND,6,160472.0,3.1123696920003567,19700,True,43,0.007283200000000001
SC_n500_R1000_s2,GA-RAND,7,160471.0,2.665130728000804,19700,True,35,0.004584800000000002
SC_n500_R1000_s2,GA-RAND,8,160472.0,3.4990367199970933,19700,True,33,0.0036792
SC_n500_R1000_s2,GA-RAND,9,160472.0,3.452096500001062,19700,True,35,0.0036752000000000013
SC_n500_R1000_s2,GA-UCB,0,160372.0,3.1189746010022645,19700,True,37,0.012990400000000004
SC_n500_R1000_s2,GA-UCB,1,160472.0,3.2396228249999695,19700,True,41,0.012179200000000005
SC_n500_R1000_s2,GA-UCB,2,160472.0,3.3050122189997637,19700,True,47,0.0032528000000000006
SC_n500_R1000_s2,GA-UCB,3,160472.0,2.922202592002577,19700,True,41,0.008691200000000003
SC_n500_R1000_s2,GA-UCB,4,160472.0,3.3670784329988237,19700,True,43,0.005120800000000002
SC_n500_R1000_s2,GA-UCB,5,160472.0,3.2314377759976196,19700,True,37,0.0016344000000000007
SC_n500_R1000_s2,GA-UCB,6,160472.0,2.9315775369977928,19700,True,40,0.009049600000000005
SC_n500_R1000_s2,GA-UCB,7,160472.0,2.956357728999137,19700,True,59,0.008611200000000003
SC_n500_R1000_s2,GA-UCB,8,160372.0,3.0896512090002943,19700,True,26,0.009496000000000004
SC_n500_R1000_s2,GA-UCB,9,160472.0,3.1647552880021976,19700,True,46,0.003398400000000001
SS_n1000_R1000_s0,GA,0,255672.0,7.793443578000733,19700,True,1,0.0225996
SS_n1000_R1000_s0,GA,1,255672.0,7.878217705998395,19700,True,1,0.024056800000000003
SS_n1000_R1000_s0,GA,2,255672.0,7.520819229997869,19700,True,1,0.03880040000000001
SS_n1000_R1000_s0,GA,3,255672.0,6.871526660997915,19700,True,1,0.011741200000000002
SS_n1000_R1000_s0,GA,4,255672.0,7.8005832839990035,19700,True,1,0.020364000000000004
SS_n1000_R1000_s0,GA,5,255672.0,7.745320214999083,19700,True,1,0.0370444
SS_n1000_R1000_s0,GA,6,255672.0,7.368430845999683,19700,True,1,0.021218800000000003
SS_n1000_R1000_s0,GA,7,255672.0,6.630099134999909,19700,True,1,0.014672800000000001
SS_n1000_R1000_s0,GA,8,255672.0,7.616749097996944,19700,True,1,0.03131640000000001
SS_n1000_R1000_s0,GA,9,255672.0,6.776776306000102,19700,True,1,0.022999600000000005
SS_n1000_R1000_s0,GA-FIX-UX+BF3,0,255672.0,8.43663715799994,19700,True,1,0.03489480000000001
SS_n1000_R1000_s0,GA-FIX-UX+BF3,1,255672.0,8.117721896000148,19700,True,1,0.04233080000000001
SS_n1000_R1000_s0,GA-FIX-UX+BF3,2,255672.0,8.634520807998342,19700,True,1,0.03755360000000001
SS_n1000_R1000_s0,GA-FIX-UX+BF3,3,255672.0,8.455902664998575,19700,True,1,0.03844440000000001
SS_n1000_R1000_s0,GA-FIX-UX+BF3,4,255672.0,8.640569519000564,19700,True,1,0.03426960000000001
SS_n1000_R1000_s0,GA-FIX-UX+BF3,5,255672.0,8.214284148001752,19700,True,1,0.04132480000000001
SS_n1000_R1000_s0,GA-FIX-UX+BF3,6,255672.0,8.204594130002079,19700,True,1,0.043184000000000014
SS_n1000_R1000_s0,GA-FIX-UX+BF3,7,255672.0,7.283472711998911,19700,True,1,0.042851200000000006
SS_n1000_R1000_s0,GA-FIX-UX+BF3,8,255672.0,8.327714267001284,19700,True,1,0.041894400000000005
SS_n1000_R1000_s0,GA-FIX-UX+BF3,9,255672.0,6.649629453000671,19700,True,1,0.03965400000000001
SS_n1000_R1000_s0,GA-QL,0,255672.0,7.110946714998136,19700,True,1,0.0351204
SS_n1000_R1000_s0,GA-QL,1,255672.0,8.158842380998976,19700,True,1,0.04252840000000001
SS_n1000_R1000_s0,GA-QL,2,255672.0,8.139072301997658,19700,True,1,0.032132400000000005
SS_n1000_R1000_s0,GA-QL,3,255672.0,7.965901474999555,19700,True,1,0.04181280000000001
SS_n1000_R1000_s0,GA-QL,4,255672.0,7.352797495997947,19700,True,1,0.03464280000000001
SS_n1000_R1000_s0,GA-QL,5,255672.0,8.432368488000066,19700,True,1,0.033412800000000006
SS_n1000_R1000_s0,GA-QL,6,255672.0,7.651619183001458,19700,True,1,0.0315
SS_n1000_R1000_s0,GA-QL,7,255672.0,7.7549466470009065,19700,True,1,0.041464000000000015
SS_n1000_R1000_s0,GA-QL,8,255672.0,8.52538430900313,19700,True,1,0.029140400000000007
SS_n1000_R1000_s0,GA-QL,9,255672.0,7.8397973559985985,19700,True,1,0.037792000000000006
SS_n1000_R1000_s0,GA-QL-T,0,255672.0,7.906313468000008,19700,True,1,0.027482800000000005
SS_n1000_R1000_s0,GA-QL-T,1,255672.0,7.734429629999795,19700,True,1,0.025180400000000002
SS_n1000_R1000_s0,GA-QL-T,2,255672.0,7.578352900000027,19700,True,1,0.033151200000000006
SS_n1000_R1000_s0,GA-QL-T,3,255672.0,6.756756429000234,19700,True,1,0.03391000000000001
SS_n1000_R1000_s0,GA-QL-T,4,255672.0,7.916238849000365,19700,True,1,0.028882800000000004
SS_n1000_R1000_s0,GA-QL-T,5,255672.0,7.68202895200011,19700,True,1,0.038606400000000006
SS_n1000_R1000_s0,GA-QL-T,6,255672.0,8.208417170000757,19700,True,1,0.026294400000000002
SS_n1000_R1000_s0,GA-QL-T,7,255672.0,8.956367055998271,19700,True,1,0.051204000000000006
SS_n1000_R1000_s0,GA-QL-T,8,255672.0,6.837923656999919,19700,True,1,0.034407200000000006
SS_n1000_R1000_s0,GA-QL-T,9,255672.0,9.071242920999794,19700,True,1,0.03537520000000001
SS_n1000_R1000_s0,GA-QL-Tphi,0,255672.0,7.209912760998122,19700,True,1,0.023022400000000005
SS_n1000_R1000_s0,GA-QL-Tphi,1,255672.0,7.04402887499964,19700,True,1,0.022215600000000002
SS_n1000_R1000_s0,GA-QL-Tphi,2,255672.0,7.518499998997868,19700,True,1,0.035256
SS_n1000_R1000_s0,GA-QL-Tphi,3,255672.0,6.799770432000514,19700,True,1,0.021856800000000006
SS_n1000_R1000_s0,GA-QL-Tphi,4,255672.0,7.360892125998362,19700,True,1,0.0334672
SS_n1000_R1000_s0,GA-QL-Tphi,5,255672.0,5.769790865000687,19700,True,1,0.03762760000000001
SS_n1000_R1000_s0,GA-QL-Tphi,6,255672.0,7.7606364540006325,19700,True,1,0.0347896
SS_n1000_R1000_s0,GA-QL-Tphi,7,255672.0,6.069844149998971,19700,True,1,0.040366400000000004
SS_n1000_R1000_s0,GA-QL-Tphi,8,255672.0,7.366924676000053,19700,True,1,0.029436000000000004
SS_n1000_R1000_s0,GA-QL-Tphi,9,255672.0,7.656112201999349,19700,True,1,0.03488120000000001
SS_n1000_R1000_s0,GA-RAND,0,255672.0,6.425258360002772,19700,True,1,0.0342548
SS_n1000_R1000_s0,GA-RAND,1,255672.0,8.160804322000331,19700,True,1,0.0417812
SS_n1000_R1000_s0,GA-RAND,2,255672.0,7.320205522002652,19700,True,1,0.029187600000000005
SS_n1000_R1000_s0,GA-RAND,3,255672.0,7.4876994929982175,19700,True,1,0.025936000000000004
SS_n1000_R1000_s0,GA-RAND,4,255672.0,9.321457252000982,19700,True,1,0.025543600000000007
SS_n1000_R1000_s0,GA-RAND,5,255672.0,9.334755686999415,19700,True,1,0.033408400000000005
SS_n1000_R1000_s0,GA-RAND,6,255672.0,9.047690979998151,19700,True,1,0.025316400000000006
SS_n1000_R1000_s0,GA-RAND,7,255672.0,9.100463735998346,19700,True,1,0.03367200000000001
SS_n1000_R1000_s0,GA-RAND,8,255672.0,8.8721885140003,19700,True,1,0.022720800000000003
SS_n1000_R1000_s0,GA-RAND,9,255672.0,8.698784289001196,19700,True,1,0.03361560000000001
SS_n1000_R1000_s0,GA-UCB,0,255672.0,8.216933133000566,19700,True,1,0.023776400000000003
SS_n1000_R1000_s0,GA-UCB,1,255672.0,7.6980722959997365,19700,True,1,0.03675240000000001
SS_n1000_R1000_s0,GA-UCB,2,255672.0,6.899790759001917,19700,True,1,0.03583680000000001
SS_n1000_R1000_s0,GA-UCB,3,255672.0,7.175499864999438,19700,True,1,0.03956640000000001
SS_n1000_R1000_s0,GA-UCB,4,255672.0,7.3873411739987205,19700,True,1,0.035688000000000004
SS_n1000_R1000_s0,GA-UCB,5,255672.0,8.251344149997749,19700,True,1,0.03518000000000001
SS_n1000_R1000_s0,GA-UCB,6,255672.0,7.305671665999398,19700,True,1,0.039357600000000006
SS_n1000_R1000_s0,GA-UCB,7,255672.0,7.7971656860027,19700,True,1,0.041122
SS_n1000_R1000_s0,GA-UCB,8,255672.0,8.32622715099933,19700,True,1,0.03822840000000001
SS_n1000_R1000_s0,GA-UCB,9,255672.0,7.750827014999231,19700,True,1,0.037854800000000015
SS_n1000_R1000_s1,GA,0,248869.0,6.715787699999055,19700,True,1,0.0170812
SS_n1000_R1000_s1,GA,1,248869.0,7.9522659620015475,19700,True,1,0.022836800000000004
SS_n1000_R1000_s1,GA,2,248869.0,7.846137461998296,19700,True,1,0.021162000000000004
SS_n1000_R1000_s1,GA,3,248869.0,5.500909169000806,19700,True,1,0.026745600000000005
SS_n1000_R1000_s1,GA,4,248869.0,7.942124247998436,19700,True,1,0.0311512
SS_n1000_R1000_s1,GA,5,248869.0,8.05613093500142,19700,True,1,0.019404000000000005
SS_n1000_R1000_s1,GA,6,248869.0,6.0453723020000325,19700,True,1,0.0222932
SS_n1000_R1000_s1,GA,7,248869.0,7.562108068999805,19700,True,1,0.0166216
SS_n1000_R1000_s1,GA,8,248869.0,7.189866639000684,19700,True,1,0.01835
SS_n1000_R1000_s1,GA,9,248869.0,8.37291597299918,19700,True,1,0.0366812
SS_n1000_R1000_s1,GA-FIX-UX+BF3,0,248869.0,5.92151874299816,19700,True,1,0.06081400000000001
SS_n1000_R1000_s1,GA-FIX-UX+BF3,1,248869.0,6.427853313998639,19700,True,1,0.06316560000000002
SS_n1000_R1000_s1,GA-FIX-UX+BF3,2,248869.0,8.890432919997693,19700,True,1,0.05963720000000001
SS_n1000_R1000_s1,GA-FIX-UX+BF3,3,248869.0,9.068909660996724,19700,True,1,0.04968240000000001
SS_n1000_R1000_s1,GA-FIX-UX+BF3,4,248869.0,8.930745901998307,19700,True,1,0.0589628
SS_n1000_R1000_s1,GA-FIX-UX+BF3,5,248869.0,6.129616992002411,19700,True,1,0.0576228
SS_n1000_R1000_s1,GA-FIX-UX+BF3,6,248869.0,8.63474491499801,19700,True,1,0.05658320000000001
SS_n1000_R1000_s1,GA-FIX-UX+BF3,7,248869.0,8.130220950999501,19700,True,1,0.05882240000000001
SS_n1000_R1000_s1,GA-FIX-UX+BF3,8,248869.0,8.40539192399956,19700,True,1,0.04929000000000001
SS_n1000_R1000_s1,GA-FIX-UX+BF3,9,248869.0,9.030305106000014,19700,True,1,0.058994800000000014
SS_n1000_R1000_s1,GA-QL,0,248869.0,8.520270403998438,19700,True,1,0.050456
SS_n1000_R1000_s1,GA-QL,1,248869.0,8.93455571099912,19700,True,1,0.052534800000000006
SS_n1000_R1000_s1,GA-QL,2,248869.0,8.544286479998846,19700,True,1,0.04092400000000001
SS_n1000_R1000_s1,GA-QL,3,248869.0,6.837672245997965,19700,True,1,0.044991600000000014
SS_n1000_R1000_s1,GA-QL,4,248869.0,8.637914635000925,19700,True,1,0.044093200000000006
SS_n1000_R1000_s1,GA-QL,5,248869.0,8.596383774998685,19700,True,1,0.0354396
SS_n1000_R1000_s1,GA-QL,6,248869.0,9.012830028997996,19700,True,1,0.037577200000000005
SS_n1000_R1000_s1,GA-QL,7,248869.0,8.122489170000335,19700,True,1,0.04154240000000001
SS_n1000_R1000_s1,GA-QL,8,248869.0,8.066034162002325,19700,True,1,0.042011200000000005
SS_n1000_R1000_s1,GA-QL,9,248869.0,8.80650870700265,19700,True,1,0.036404000000000006
SS_n1000_R1000_s1,GA-QL-T,0,248869.0,8.22546250600135,19700,True,1,0.04529280000000001
SS_n1000_R1000_s1,GA-QL-T,1,248869.0,8.584869846999936,19700,True,1,0.040820800000000004
SS_n1000_R1000_s1,GA-QL-T,2,248869.0,6.789010017000692,19700,True,1,0.0530228
SS_n1000_R1000_s1,GA-QL-T,3,248869.0,8.545921588000056,19700,True,1,0.06150320000000001
SS_n1000_R1000_s1,GA-QL-T,4,248869.0,7.072124571001041,19700,True,1,0.04614920000000001
SS_n1000_R1000_s1,GA-QL-T,5,248869.0,7.304360886999348,19700,True,1,0.056253600000000015
SS_n1000_R1000_s1,GA-QL-T,6,248869.0,8.139164479998726,19700,True,1,0.05312120000000001
SS_n1000_R1000_s1,GA-QL-T,7,248869.0,7.85298016300294,19700,True,1,0.0440112
SS_n1000_R1000_s1,GA-QL-T,8,248869.0,8.64272807100133,19700,True,1,0.05306040000000001
SS_n1000_R1000_s1,GA-QL-T,9,248869.0,8.657744938998803,19700,True,1,0.05311440000000002
SS_n1000_R1000_s1,GA-QL-Tphi,0,248869.0,6.157636239000567,19700,True,1,0.04504520000000001
SS_n1000_R1000_s1,GA-QL-Tphi,1,248869.0,6.709147813002346,19700,True,1,0.038594400000000015
SS_n1000_R1000_s1,GA-QL-Tphi,2,248869.0,8.79971085500074,19700,True,1,0.025358400000000007
SS_n1000_R1000_s1,GA-QL-Tphi,3,248869.0,6.094085013002768,19700,True,1,0.0419276
SS_n1000_R1000_s1,GA-QL-Tphi,4,248869.0,8.647039557003154,19700,True,1,0.040986
SS_n1000_R1000_s1,GA-QL-Tphi,5,248869.0,8.168697462002456,19700,True,1,0.04408240000000001
SS_n1000_R1000_s1,GA-QL-Tphi,6,248869.0,8.246214096998301,19700,True,1,0.046022400000000005
SS_n1000_R1000_s1,GA-QL-Tphi,7,248869.0,8.642912844999955,19700,True,1,0.04541800000000001
SS_n1000_R1000_s1,GA-QL-Tphi,8,248869.0,8.770049594000739,19700,True,1,0.04749080000000001
SS_n1000_R1000_s1,GA-QL-Tphi,9,248869.0,6.310406447002606,19700,True,1,0.04703800000000001
SS_n1000_R1000_s1,GA-RAND,0,248869.0,7.730470196998795,19700,True,1,0.04783840000000001
SS_n1000_R1000_s1,GA-RAND,1,248869.0,7.4104948960011825,19700,True,1,0.043231200000000004
SS_n1000_R1000_s1,GA-RAND,2,248869.0,8.690815131998534,19700,True,1,0.037180000000000005
SS_n1000_R1000_s1,GA-RAND,3,248869.0,8.683825666001212,19700,True,1,0.055567600000000016
SS_n1000_R1000_s1,GA-RAND,4,248869.0,8.181478200996935,19700,True,1,0.0267824
SS_n1000_R1000_s1,GA-RAND,5,248869.0,8.802241590001358,19700,True,1,0.04664720000000001
SS_n1000_R1000_s1,GA-RAND,6,248869.0,8.455443326998648,19700,True,1,0.03619640000000001
SS_n1000_R1000_s1,GA-RAND,7,248869.0,6.8813701960025355,19700,True,1,0.0302204
SS_n1000_R1000_s1,GA-RAND,8,248869.0,8.247279110000818,19700,True,1,0.03275760000000001
SS_n1000_R1000_s1,GA-RAND,9,248869.0,7.451379966001696,19700,True,1,0.046192800000000006
SS_n1000_R1000_s1,GA-UCB,0,248869.0,8.110429958000168,19700,True,1,0.04328120000000001
SS_n1000_R1000_s1,GA-UCB,1,248869.0,7.662156035999942,19700,True,1,0.06179520000000001
SS_n1000_R1000_s1,GA-UCB,2,248869.0,8.352583595999022,19700,True,1,0.044010400000000005
SS_n1000_R1000_s1,GA-UCB,3,248869.0,6.669128708002972,19700,True,1,0.046793200000000014
SS_n1000_R1000_s1,GA-UCB,4,248869.0,7.7538480360017275,19700,True,1,0.05239880000000001
SS_n1000_R1000_s1,GA-UCB,5,248869.0,8.901219788000162,19700,True,1,0.043964
SS_n1000_R1000_s1,GA-UCB,6,248869.0,8.21284424300029,19700,True,1,0.05306120000000001
SS_n1000_R1000_s1,GA-UCB,7,248869.0,7.528405151999323,19700,True,1,0.052772
SS_n1000_R1000_s1,GA-UCB,8,248869.0,8.74473820699859,19700,True,1,0.053671200000000016
SS_n1000_R1000_s1,GA-UCB,9,248869.0,8.111831929996697,19700,True,1,0.043343599999999996
SS_n1000_R1000_s2,GA,0,249388.0,4.9580884339993645,19700,True,1,0.0183504
SS_n1000_R1000_s2,GA,1,249388.0,7.803068968001753,19700,True,1,0.026440400000000003
SS_n1000_R1000_s2,GA,2,249388.0,6.8526048849998915,19700,True,1,0.037154400000000004
SS_n1000_R1000_s2,GA,3,249388.0,6.973817587000667,19700,True,1,0.028174800000000003
SS_n1000_R1000_s2,GA,4,249388.0,5.643280030999449,19700,True,1,0.018479600000000002
SS_n1000_R1000_s2,GA,5,249388.0,7.605908408997493,19700,True,1,0.027031200000000005
SS_n1000_R1000_s2,GA,6,249388.0,7.167448371001228,19700,True,1,0.021624
SS_n1000_R1000_s2,GA,7,249388.0,7.003832946997136,19700,True,1,0.017206400000000004
SS_n1000_R1000_s2,GA,8,249388.0,6.8234607390004385,19700,True,1,0.015202000000000002
SS_n1000_R1000_s2,GA,9,249388.0,7.797966483998607,19700,True,1,0.02548
SS_n1000_R1000_s2,GA-FIX-UX+BF3,0,249388.0,8.748750959999597,19700,True,1,0.042016000000000005
SS_n1000_R1000_s2,GA-FIX-UX+BF3,1,249388.0,8.158369912001945,19700,True,1,0.044424000000000005
SS_n1000_R1000_s2,GA-FIX-UX+BF3,2,249388.0,8.587250733999099,19700,True,1,0.052027200000000016
SS_n1000_R1000_s2,GA-FIX-UX+BF3,3,249388.0,8.749403406000056,19700,True,1,0.04124040000000001
SS_n1000_R1000_s2,GA-FIX-UX+BF3,4,249388.0,4.918212667998887,19700,True,1,0.048540400000000004
SS_n1000_R1000_s2,GA-FIX-UX+BF3,5,249388.0,6.078829322999809,19700,True,1,0.04502640000000001
SS_n1000_R1000_s2,GA-FIX-UX+BF3,6,249388.0,7.482699604999652,19700,True,1,0.04682800000000001
SS_n1000_R1000_s2,GA-FIX-UX+BF3,7,249388.0,7.903863534000266,19700,True,1,0.05069280000000001
SS_n1000_R1000_s2,GA-FIX-UX+BF3,8,249388.0,8.602834493001865,19700,True,1,0.044492800000000006
SS_n1000_R1000_s2,GA-FIX-UX+BF3,9,249388.0,8.973365338999429,19700,True,1,0.04488680000000001
SS_n1000_R1000_s2,GA-QL,0,249388.0,8.088827896001021,19700,True,1,0.0320304
SS_n1000_R1000_s2,GA-QL,1,249388.0,8.029405537999992,19700,True,1,0.04718160000000001
SS_n1000_R1000_s2,GA-QL,2,249388.0,7.907102487999509,19700,True,1,0.03404760000000001
SS_n1000_R1000_s2,GA-QL,3,249388.0,8.40678857400053,19700,True,1,0.038583200000000005
SS_n1000_R1000_s2,GA-QL,4,249388.0,7.434342920998461,19700,True,1,0.0305368
SS_n1000_R1000_s2,GA-QL,5,249388.0,8.149896016999264,19700,True,1,0.036312800000000006
SS_n1000_R1000_s2,GA-QL,6,249388.0,6.968394822000846,19700,True,1,0.03158280000000001
SS_n1000_R1000_s2,GA-QL,7,249388.0,7.216144052003074,19700,True,1,0.03760360000000001
SS_n1000_R1000_s2,GA-QL,8,249388.0,8.396294252997905,19700,True,1,0.0358256
SS_n1000_R1000_s2,GA-QL,9,249388.0,4.443057475000387,19700,True,1,0.029194400000000006
SS_n1000_R1000_s2,GA-QL-T,0,249388.0,8.493529516003036,19700,True,1,0.016479200000000003
SS_n1000_R1000_s2,GA-QL-T,1,249388.0,8.394502962000843,19700,True,1,0.038324000000000004
SS_n1000_R1000_s2,GA-QL-T,2,249388.0,6.499460293001903,19700,True,1,0.028262400000000003
SS_n1000_R1000_s2,GA-QL-T,3,249388.0,7.6720920449988625,19700,True,1,0.044438800000000014
SS_n1000_R1000_s2,GA-QL-T,4,249388.0,8.621875232001912,19700,True,1,0.04171640000000001
SS_n1000_R1000_s2,GA-QL-T,5,249388.0,6.389979570001742,19700,True,1,0.0416016
SS_n1000_R1000_s2,GA-QL-T,6,249388.0,7.683602783999959,19700,True,1,0.0384336
SS_n1000_R1000_s2,GA-QL-T,7,249388.0,8.518979218999448,19700,True,1,0.046226
SS_n1000_R1000_s2,GA-QL-T,8,249388.0,8.583691203999479,19700,True,1,0.031368
SS_n1000_R1000_s2,GA-QL-T,9,249388.0,6.1041245280030125,19700,True,1,0.035542800000000006
SS_n1000_R1000_s2,GA-QL-Tphi,0,249388.0,8.533409159997973,19700,True,1,0.035984800000000004
SS_n1000_R1000_s2,GA-QL-Tphi,1,249388.0,6.819755167001858,19700,True,1,0.03736240000000001
SS_n1000_R1000_s2,GA-QL-Tphi,2,249388.0,8.078893478999817,19700,True,1,0.02779800000000001
SS_n1000_R1000_s2,GA-QL-Tphi,3,249388.0,6.742949044000852,19700,True,1,0.028689600000000006
SS_n1000_R1000_s2,GA-QL-Tphi,4,249388.0,4.661559495001711,19700,True,1,0.020751200000000004
SS_n1000_R1000_s2,GA-QL-Tphi,5,249388.0,5.9793423200026155,19700,True,1,0.021422000000000004
SS_n1000_R1000_s2,GA-QL-Tphi,6,249388.0,6.634229881998181,19700,True,1,0.03519320000000001
SS_n1000_R1000_s2,GA-QL-Tphi,7,249388.0,5.434258970999508,19700,True,1,0.034842000000000005
SS_n1000_R1000_s2,GA-QL-Tphi,8,249388.0,5.948549073000322,19700,True,1,0.024654
SS_n1000_R1000_s2,GA-QL-Tphi,9,249388.0,4.130737052997574,19700,True,1,0.03636840000000001
SS_n1000_R1000_s2,GA-RAND,0,249388.0,8.70333013599884,19700,True,1,0.0390816
SS_n1000_R1000_s2,GA-RAND,1,249388.0,7.518903935000708,19700,True,1,0.031057600000000008
SS_n1000_R1000_s2,GA-RAND,2,249388.0,8.271033552999143,19700,True,1,0.034076800000000004
SS_n1000_R1000_s2,GA-RAND,3,249388.0,7.576334717999998,19700,True,1,0.034290400000000006
SS_n1000_R1000_s2,GA-RAND,4,249388.0,8.85313657000006,19700,True,1,0.026012400000000005
SS_n1000_R1000_s2,GA-RAND,5,249388.0,8.850113581000187,19700,True,1,0.03450000000000001
SS_n1000_R1000_s2,GA-RAND,6,249388.0,8.779486544000974,19700,True,1,0.017606
SS_n1000_R1000_s2,GA-RAND,7,249388.0,8.300971966000361,19700,True,1,0.027178000000000004
SS_n1000_R1000_s2,GA-RAND,8,249388.0,8.47263146000114,19700,True,1,0.03672040000000001
SS_n1000_R1000_s2,GA-RAND,9,249388.0,7.786462691001361,19700,True,1,0.0349744
SS_n1000_R1000_s2,GA-UCB,0,249388.0,8.643264565002028,19700,True,1,0.03445480000000001
SS_n1000_R1000_s2,GA-UCB,1,249388.0,8.9476826909995,19700,True,1,0.042374800000000004
SS_n1000_R1000_s2,GA-UCB,2,249388.0,8.433706601001177,19700,True,1,0.04009480000000001
SS_n1000_R1000_s2,GA-UCB,3,249388.0,7.706567086999712,19700,True,1,0.013054000000000003
SS_n1000_R1000_s2,GA-UCB,4,249388.0,7.937590864999947,19700,True,1,0.036475600000000004
SS_n1000_R1000_s2,GA-UCB,5,249388.0,7.454733919999853,19700,True,1,0.0361944
SS_n1000_R1000_s2,GA-UCB,6,249388.0,7.4924243569985265,19700,True,1,0.04331880000000001
SS_n1000_R1000_s2,GA-UCB,7,249388.0,7.728139651000674,19700,True,1,0.036031200000000006
SS_n1000_R1000_s2,GA-UCB,8,249388.0,7.630126367002958,19700,True,1,0.04096760000000001
SS_n1000_R1000_s2,GA-UCB,9,249388.0,7.478975154997897,19700,True,1,0.03766800000000001
SS_n200_R1000_s0,GA,0,52762.0,1.9686233559987159,19700,True,1,0.025690000000000004
SS_n200_R1000_s0,GA,1,52762.0,1.0494152550018043,19700,True,1,0.025764000000000006
SS_n200_R1000_s0,GA,2,52762.0,1.022206906000065,19700,True,1,0.05765600000000001
SS_n200_R1000_s0,GA,3,52762.0,2.014762865001103,19700,True,1,0.049148000000000004
SS_n200_R1000_s0,GA,4,52762.0,1.5926449119979225,19700,True,1,0.017084000000000005
SS_n200_R1000_s0,GA,5,52762.0,1.9447086239997589,19700,True,1,0.031848
SS_n200_R1000_s0,GA,6,52762.0,1.7308833839997533,19700,True,1,0.017016000000000003
SS_n200_R1000_s0,GA,7,52762.0,2.0371203889990284,19700,True,1,0.03700800000000001
SS_n200_R1000_s0,GA,8,52762.0,1.656939811000484,19700,True,1,0.008306000000000003
SS_n200_R1000_s0,GA,9,52762.0,2.030867876001139,19700,True,1,0.031648
SS_n200_R1000_s0,GA-FIX-UX+BF3,0,52762.0,2.5233242159993097,19700,True,1,0.1501
SS_n200_R1000_s0,GA-FIX-UX+BF3,1,52762.0,2.462309987997287,19700,True,1,0.05478400000000003
SS_n200_R1000_s0,GA-FIX-UX+BF3,2,52762.0,2.4281247110011464,19700,True,1,0.14517000000000002
SS_n200_R1000_s0,GA-FIX-UX+BF3,3,52762.0,1.8842517859993677,19700,True,1,0.152922
SS_n200_R1000_s0,GA-FIX-UX+BF3,4,52762.0,1.869247335002001,19700,True,1,0.16093600000000002
SS_n200_R1000_s0,GA-FIX-UX+BF3,5,52762.0,2.4871260519976204,19700,True,1,0.16578400000000001
SS_n200_R1000_s0,GA-FIX-UX+BF3,6,52762.0,1.9685069159968407,19700,True,1,0.04708600000000002
SS_n200_R1000_s0,GA-FIX-UX+BF3,7,52762.0,2.562709261001146,19700,True,1,0.149784
SS_n200_R1000_s0,GA-FIX-UX+BF3,8,52762.0,2.4632407770004647,19700,True,1,0.11962200000000003
SS_n200_R1000_s0,GA-FIX-UX+BF3,9,52762.0,2.156000856000901,19700,True,1,0.15038400000000002
SS_n200_R1000_s0,GA-QL,0,52762.0,1.9529091179974785,19700,True,1,0.03578000000000001
SS_n200_R1000_s0,GA-QL,1,52762.0,2.068749783000385,19700,True,1,0.07366200000000002
SS_n200_R1000_s0,GA-QL,2,52762.0,1.14953930199772,19700,True,1,0.06969200000000003
SS_n200_R1000_s0,GA-QL,3,52762.0,2.2451939759994275,19700,True,1,0.04426000000000002
SS_n200_R1000_s0,GA-QL,4,52762.0,2.23645684299845,19700,True,1,0.027778000000000004
SS_n200_R1000_s0,GA-QL,5,52762.0,2.2416905489990313,19700,True,1,0.06387000000000001
SS_n200_R1000_s0,GA-QL,6,52762.0,1.8628589090003516,19700,True,1,0.044696000000000013
SS_n200_R1000_s0,GA-QL,7,52762.0,1.8717616309986624,19700,True,1,0.04971200000000001
SS_n200_R1000_s0,GA-QL,8,52762.0,1.850286700999277,19700,True,1,0.055918000000000016
SS_n200_R1000_s0,GA-QL,9,52762.0,2.2329625120000856,19700,True,1,0.02838000000000001
SS_n200_R1000_s0,GA-QL-T,0,52762.0,2.377723497000261,19700,True,1,0.07458000000000002
SS_n200_R1000_s0,GA-QL-T,1,52762.0,2.16494473900093,19700,True,1,0.060558000000000015
SS_n200_R1000_s0,GA-QL-T,2,52762.0,1.880296970000927,19700,True,1,0.06951200000000002
SS_n200_R1000_s0,GA-QL-T,3,52762.0,2.2962481799986563,19700,True,1,0.07926200000000003
SS_n200_R1000_s0,GA-QL-T,4,52762.0,2.1528973980020965,19700,True,1,0.04108200000000001
SS_n200_R1000_s0,GA-QL-T,5,52762.0,2.205304421000619,19700,True,1,0.06796800000000001
SS_n200_R1000_s0,GA-QL-T,6,52762.0,2.1302764479987673,19700,True,1,0.04650600000000002
SS_n200_R1000_s0,GA-QL-T,7,52762.0,1.3762080119995517,19700,True,1,0.08294
SS_n200_R1000_s0,GA-QL-T,8,52762.0,2.1262465870022424,19700,True,1,0.05070400000000001
SS_n200_R1000_s0,GA-QL-T,9,52762.0,2.2749014510009147,19700,True,1,0.046814000000000015
SS_n200_R1000_s0,GA-QL-Tphi,0,52762.0,2.248874111999612,19700,True,1,0.019828000000000002
SS_n200_R1000_s0,GA-QL-Tphi,1,52762.0,2.3355322200004593,19700,True,1,0.038112000000000014
SS_n200_R1000_s0,GA-QL-Tphi,2,52762.0,1.911587636997865,19700,True,1,0.011326000000000004
SS_n200_R1000_s0,GA-QL-Tphi,3,52762.0,2.2120635920000495,19700,True,1,0.07131200000000003
SS_n200_R1000_s0,GA-QL-Tphi,4,52762.0,2.3149164259993995,19700,True,1,0.04189400000000001
SS_n200_R1000_s0,GA-QL-Tphi,5,52762.0,2.3491024629984167,19700,True,1,0.037594
SS_n200_R1000_s0,GA-QL-Tphi,6,52762.0,2.3096121739981754,19700,True,1,0.041662000000000005
SS_n200_R1000_s0,GA-QL-Tphi,7,52762.0,2.476807368999289,19700,True,1,0.046066
SS_n200_R1000_s0,GA-QL-Tphi,8,52762.0,2.2430480950024503,19700,True,1,0.02407400000000001
SS_n200_R1000_s0,GA-QL-Tphi,9,52762.0,2.336978363000526,19700,True,1,0.04848400000000001
SS_n200_R1000_s0,GA-RAND,0,52762.0,2.021615704001306,19700,True,1,0.03909600000000001
SS_n200_R1000_s0,GA-RAND,1,52762.0,2.2857929460005835,19700,True,1,0.05399200000000002
SS_n200_R1000_s0,GA-RAND,2,52762.0,2.282291040999553,19700,True,1,0.07516200000000002
SS_n200_R1000_s0,GA-RAND,3,52762.0,2.307728710999072,19700,True,1,0.06456200000000002
SS_n200_R1000_s0,GA-RAND,4,52762.0,2.2452942460004124,19700,True,1,0.03717200000000001
SS_n200_R1000_s0,GA-RAND,5,52762.0,1.788268254000286,19700,True,1,0.04100200000000001
SS_n200_R1000_s0,GA-RAND,6,52762.0,2.2816849560003902,19700,True,1,0.03618000000000001
SS_n200_R1000_s0,GA-RAND,7,52762.0,2.2744358140007535,19700,True,1,0.022444000000000006
SS_n200_R1000_s0,GA-RAND,8,52762.0,2.0002837339998223,19700,True,1,0.03946800000000002
SS_n200_R1000_s0,GA-RAND,9,52762.0,2.0575355420005508,19700,True,1,0.05099600000000001
SS_n200_R1000_s0,GA-UCB,0,52762.0,2.0546470579974994,19700,True,1,0.04010800000000001
SS_n200_R1000_s0,GA-UCB,1,52762.0,1.6970730320026632,19700,True,1,0.05351400000000002
SS_n200_R1000_s0,GA-UCB,2,52762.0,2.2303681779994804,19700,True,1,0.040112000000000016
SS_n200_R1000_s0,GA-UCB,3,52762.0,1.9609305650010356,19700,True,1,0.04250000000000001
SS_n200_R1000_s0,GA-UCB,4,52762.0,2.1711987579983543,19700,True,1,0.042594000000000014
SS_n200_R1000_s0,GA-UCB,5,52762.0,2.2574367730012455,19700,True,1,0.03630200000000001
SS_n200_R1000_s0,GA-UCB,6,52762.0,1.6011052419999032,19700,True,1,0.04995400000000002
SS_n200_R1000_s0,GA-UCB,7,52762.0,2.2189591030000884,19700,True,1,0.048636000000000026
SS_n200_R1000_s0,GA-UCB,8,52762.0,1.861339985000086,19700,True,1,0.040848000000000016
SS_n200_R1000_s0,GA-UCB,9,52762.0,2.263925431001553,19700,True,1,0.04973800000000002
SS_n200_R1000_s1,GA,0,51630.0,2.0166595339978812,19700,True,1,0.013224000000000007
SS_n200_R1000_s1,GA,1,51630.0,1.7430321559986623,19700,True,1,0.025916000000000005
SS_n200_R1000_s1,GA,2,51630.0,2.0964300500018,19700,True,1,0.05253400000000001
SS_n200_R1000_s1,GA,3,51630.0,1.972533698000916,19700,True,1,0.03546200000000001
SS_n200_R1000_s1,GA,4,51630.0,2.0731868210023094,19700,True,1,0.05539200000000001
SS_n200_R1000_s1,GA,5,51630.0,1.8226844160017208,19700,True,1,0.028106000000000006
SS_n200_R1000_s1,GA,6,51630.0,1.2174336960015353,19700,True,1,0.018264000000000006
SS_n200_R1000_s1,GA,7,51630.0,1.9840464660010184,19700,True,1,0.064232
SS_n200_R1000_s1,GA,8,51630.0,1.9938352030003443,19700,True,1,0.033852
SS_n200_R1000_s1,GA,9,51630.0,1.720991142999992,19700,True,1,0.016752000000000003
SS_n200_R1000_s1,GA-FIX-UX+BF3,0,51630.0,2.531134914002905,19700,True,1,0.18944000000000003
SS_n200_R1000_s1,GA-FIX-UX+BF3,1,51630.0,2.154309123998246,19700,True,1,0.15874400000000002
SS_n200_R1000_s1,GA-FIX-UX+BF3,2,51630.0,1.9952205680019688,19700,True,1,0.14668
SS_n200_R1000_s1,GA-FIX-UX+BF3,3,51630.0,2.4540319000007003,19700,True,1,0.15960000000000005
SS_n200_R1000_s1,GA-FIX-UX+BF3,4,51630.0,2.5426251259996206,19700,True,1,0.13343600000000003
SS_n200_R1000_s1,GA-FIX-UX+BF3,5,51630.0,2.074777564001124,19700,True,1,0.15409000000000003
SS_n200_R1000_s1,GA-FIX-UX+BF3,6,51630.0,2.531094531001145,19700,True,1,0.161222
SS_n200_R1000_s1,GA-FIX-UX+BF3,7,51630.0,2.0704634399990027,19700,True,1,0.15390000000000004
SS_n200_R1000_s1,GA-FIX-UX+BF3,8,51630.0,2.4976283279975178,19700,True,1,0.160508
SS_n200_R1000_s1,GA-FIX-UX+BF3,9,51630.0,2.5218548539996846,19700,True,1,0.15391200000000002
SS_n200_R1000_s1,GA-QL,0,51630.0,1.6774754379985097,19700,True,1,0.06347400000000002
SS_n200_R1000_s1,GA-QL,1,51630.0,2.315651340999466,19700,True,1,0.07896200000000002
SS_n200_R1000_s1,GA-QL,2,51630.0,2.2308781080027984,19700,True,1,0.059742000000000024
SS_n200_R1000_s1,GA-QL,3,51630.0,2.3047039929988387,19700,True,1,0.04624200000000001
SS_n200_R1000_s1,GA-QL,4,51630.0,2.3195290170006047,19700,True,1,0.04008200000000001
SS_n200_R1000_s1,GA-QL,5,51630.0,2.002859765001631,19700,True,1,0.052128000000000015
SS_n200_R1000_s1,GA-QL,6,51630.0,2.013295102002303,19700,True,1,0.06173600000000002
SS_n200_R1000_s1,GA-QL,7,51630.0,2.1734270109991485,19700,True,1,0.04398800000000001
SS_n200_R1000_s1,GA-QL,8,51630.0,2.0991766059996735,19700,True,1,0.06286400000000002
SS_n200_R1000_s1,GA-QL,9,51630.0,2.3598414120024245,19700,True,1,0.04310200000000001
SS_n200_R1000_s1,GA-QL-T,0,51630.0,2.30382335500326,19700,True,1,0.12432000000000003
SS_n200_R1000_s1,GA-QL-T,1,51630.0,2.302002877000632,19700,True,1,0.052308000000000014
SS_n200_R1000_s1,GA-QL-T,2,51630.0,2.280668131999846,19700,True,1,0.08657800000000002
SS_n200_R1000_s1,GA-QL-T,3,51630.0,2.1597366919995693,19700,True,1,0.11569600000000003
SS_n200_R1000_s1,GA-QL-T,4,51630.0,1.7240210290001414,19700,True,1,0.06035000000000002
SS_n200_R1000_s1,GA-QL-T,5,51630.0,1.953291365000041,19700,True,1,0.05734800000000002
SS_n200_R1000_s1,GA-QL-T,6,51630.0,1.875247859999945,19700,True,1,0.08238400000000003
SS_n200_R1000_s1,GA-QL-T,7,51630.0,2.3414670739985013,19700,True,1,0.07112200000000002
SS_n200_R1000_s1,GA-QL-T,8,51630.0,2.2776395120017696,19700,True,1,0.07422000000000001
SS_n200_R1000_s1,GA-QL-T,9,51630.0,2.2899356029993214,19700,True,1,0.13366400000000003
SS_n200_R1000_s1,GA-QL-Tphi,0,51630.0,1.354836841001088,19700,True,1,0.03983000000000001
SS_n200_R1000_s1,GA-QL-Tphi,1,51630.0,1.9749068050005008,19700,True,1,0.07064800000000002
SS_n200_R1000_s1,GA-QL-Tphi,2,51630.0,1.7360286860021006,19700,True,1,0.11410000000000002
SS_n200_R1000_s1,GA-QL-Tphi,3,51630.0,2.2032515669998247,19700,True,1,0.04234400000000001
SS_n200_R1000_s1,GA-QL-Tphi,4,51630.0,2.3245365629991284,19700,True,1,0.03222200000000001
SS_n200_R1000_s1,GA-QL-Tphi,5,51630.0,2.1188223290009773,19700,True,1,0.05252200000000002
SS_n200_R1000_s1,GA-QL-Tphi,6,51630.0,2.2534134550005547,19700,True,1,0.054830000000000004
SS_n200_R1000_s1,GA-QL-Tphi,7,51630.0,2.3567337759996008,19700,True,1,0.04674600000000002
SS_n200_R1000_s1,GA-QL-Tphi,8,51630.0,2.064027476000774,19700,True,1,0.015016000000000007
SS_n200_R1000_s1,GA-QL-Tphi,9,51630.0,1.3184696050011553,19700,True,1,0.046480000000000014
SS_n200_R1000_s1,GA-RAND,0,51630.0,1.7755647630001477,19700,True,1,0.05753200000000001
SS_n200_R1000_s1,GA-RAND,1,51630.0,2.2678947179992974,19700,True,1,0.053072000000000015
SS_n200_R1000_s1,GA-RAND,2,51630.0,2.079174761001923,19700,True,1,0.069112
SS_n200_R1000_s1,GA-RAND,3,51630.0,2.120123690001492,19700,True,1,0.08694000000000003
SS_n200_R1000_s1,GA-RAND,4,51630.0,2.133606584997324,19700,True,1,0.034654000000000004
SS_n200_R1000_s1,GA-RAND,5,51630.0,2.32073939899783,19700,True,1,0.06964800000000002
SS_n200_R1000_s1,GA-RAND,6,51630.0,1.7985254330014868,19700,True,1,0.05459600000000002
SS_n200_R1000_s1,GA-RAND,7,51630.0,1.9682234130013967,19700,True,1,0.044370000000000014
SS_n200_R1000_s1,GA-RAND,8,51630.0,2.3255263390019536,19700,True,1,0.06720600000000002
SS_n200_R1000_s1,GA-RAND,9,51630.0,2.0088786089982023,19700,True,1,0.04605000000000002
SS_n200_R1000_s1,GA-UCB,0,51630.0,2.239755819999118,19700,True,1,0.05361800000000001
SS_n200_R1000_s1,GA-UCB,1,51630.0,2.2716561859997455,19700,True,1,0.07663400000000001
SS_n200_R1000_s1,GA-UCB,2,51630.0,1.3725506459995813,19700,True,1,0.052746000000000015
SS_n200_R1000_s1,GA-UCB,3,51630.0,2.3558113260005484,19700,True,1,0.07924800000000001
SS_n200_R1000_s1,GA-UCB,4,51630.0,2.280435230000876,19700,True,1,0.03885800000000002
SS_n200_R1000_s1,GA-UCB,5,51630.0,1.4951657239980705,19700,True,1,0.048724000000000024
SS_n200_R1000_s1,GA-UCB,6,51630.0,2.206650726002408,19700,True,1,0.05671000000000001
SS_n200_R1000_s1,GA-UCB,7,51630.0,2.282581305000349,19700,True,1,0.09290200000000003
SS_n200_R1000_s1,GA-UCB,8,51630.0,2.0656606600023224,19700,True,1,0.061148000000000015
SS_n200_R1000_s1,GA-UCB,9,51630.0,2.297936926002876,19700,True,1,0.05528200000000002
SS_n200_R1000_s2,GA,0,49716.0,2.122657406998769,19700,True,1,0.061806
SS_n200_R1000_s2,GA,1,49716.0,2.1609212180010218,19700,True,1,0.017948000000000006
SS_n200_R1000_s2,GA,2,49716.0,2.1795990520004125,19700,True,1,0.015128000000000004
SS_n200_R1000_s2,GA,3,49716.0,2.161287024999183,19700,True,1,0.019676000000000003
SS_n200_R1000_s2,GA,4,49716.0,1.607414335001522,19700,True,1,0.014660000000000005
SS_n200_R1000_s2,GA,5,49716.0,1.9121204590010166,19700,True,1,0.007654000000000003
SS_n200_R1000_s2,GA,6,49716.0,2.0913020560001314,19700,True,1,0.024188000000000005
SS_n200_R1000_s2,GA,7,49716.0,2.149048708000919,19700,True,1,0.06270200000000001
SS_n200_R1000_s2,GA,8,49716.0,1.498804263999773,19700,True,1,0.03795000000000001
SS_n200_R1000_s2,GA,9,49716.0,2.1415627879978274,19700,True,1,0.038274
SS_n200_R1000_s2,GA-FIX-UX+BF3,0,49716.0,2.403660813000897,19700,True,1,0.23220399999999997
SS_n200_R1000_s2,GA-FIX-UX+BF3,1,49716.0,2.4598120270020445,19700,True,1,0.18528800000000004
SS_n200_R1000_s2,GA-FIX-UX+BF3,2,49716.0,2.6665060609993816,19700,True,1,0.20247400000000002
SS_n200_R1000_s2,GA-FIX-UX+BF3,3,49716.0,2.4713047300028848,19700,True,1,0.17709000000000003
SS_n200_R1000_s2,GA-FIX-UX+BF3,4,49716.0,2.2572607779984537,19700,True,1,0.19786
SS_n200_R1000_s2,GA-FIX-UX+BF3,5,49716.0,1.8443203100032406,19700,True,1,0.221216
SS_n200_R1000_s2,GA-FIX-UX+BF3,6,49716.0,2.623685910999484,19700,True,1,0.16857600000000006
SS_n200_R1000_s2,GA-FIX-UX+BF3,7,49716.0,2.6155591040005675,19700,True,1,0.16626400000000005
SS_n200_R1000_s2,GA-FIX-UX+BF3,8,49716.0,1.5083375260001048,19700,True,1,0.198934
SS_n200_R1000_s2,GA-FIX-UX+BF3,9,49716.0,2.669305641000392,19700,True,1,0.18339600000000003
SS_n200_R1000_s2,GA-QL,0,49716.0,1.9432476160000078,19700,True,1,0.05874800000000002
SS_n200_R1000_s2,GA-QL,1,49716.0,2.4364658370031975,19700,True,1,0.15786000000000003
SS_n200_R1000_s2,GA-QL,2,49716.0,2.1953381769999396,19700,True,1,0.05777400000000002
SS_n200_R1000_s2,GA-QL,3,49716.0,2.281586139000865,19700,True,1,0.09432400000000002
SS_n200_R1000_s2,GA-QL,4,49716.0,2.4210039089994098,19700,True,1,0.136162
SS_n200_R1000_s2,GA-QL,5,49716.0,2.2371382230012387,19700,True,1,0.11290000000000003
SS_n200_R1000_s2,GA-QL,6,49716.0,1.4977830820025702,19700,True,1,0.08532000000000001
SS_n200_R1000_s2,GA-QL,7,49716.0,2.4399142090005626,19700,True,1,0.06427400000000003
SS_n200_R1000_s2,GA-QL,8,49716.0,2.160941392998211,19700,True,1,0.08727400000000002
SS_n200_R1000_s2,GA-QL,9,49716.0,2.3545660780000617,19700,True,1,0.133996
SS_n200_R1000_s2,GA-QL-T,0,49716.0,2.493809693998628,19700,True,1,0.11484600000000002
SS_n200_R1000_s2,GA-QL-T,1,49716.0,2.085603429997718,19700,True,1,0.179706
SS_n200_R1000_s2,GA-QL-T,2,49716.0,2.1234759210019547,19700,True,1,0.17885800000000004
SS_n200_R1000_s2,GA-QL-T,3,49716.0,2.3954522669992,19700,True,1,0.16453000000000004
SS_n200_R1000_s2,GA-QL-T,4,49716.0,2.367711959999724,19700,True,1,0.12599200000000002
SS_n200_R1000_s2,GA-QL-T,5,49716.0,1.9685583360005694,19700,True,1,0.08019400000000002
SS_n200_R1000_s2,GA-QL-T,6,49716.0,2.4474579710004036,19700,True,1,0.15011600000000003
SS_n200_R1000_s2,GA-QL-T,7,49716.0,2.3286738569986483,19700,True,1,0.158778
SS_n200_R1000_s2,GA-QL-T,8,49716.0,1.7885316130013962,19700,True,1,0.116542
SS_n200_R1000_s2,GA-QL-T,9,49716.0,2.522666027998639,19700,True,1,0.11607400000000002
SS_n200_R1000_s2,GA-QL-Tphi,0,49716.0,2.3311852860024374,19700,True,1,0.12921800000000003
SS_n200_R1000_s2,GA-QL-Tphi,1,49716.0,2.148023083998851,19700,True,1,0.093902
SS_n200_R1000_s2,GA-QL-Tphi,2,49716.0,2.2471637169983296,19700,True,1,0.10526800000000001
SS_n200_R1000_s2,GA-QL-Tphi,3,49716.0,1.9678570030009723,19700,True,1,0.07552400000000002
SS_n200_R1000_s2,GA-QL-Tphi,4,49716.0,2.1252987340012623,19700,True,1,0.070666
SS_n200_R1000_s2,GA-QL-Tphi,5,49716.0,2.2385915240010945,19700,True,1,0.07400400000000001
SS_n200_R1000_s2,GA-QL-Tphi,6,49716.0,2.0807028339986573,19700,True,1,0.057048000000000015
SS_n200_R1000_s2,GA-QL-Tphi,7,49716.0,2.459872980001819,19700,True,1,0.09469400000000001
SS_n200_R1000_s2,GA-QL-Tphi,8,49716.0,2.367323282000143,19700,True,1,0.091844
SS_n200_R1000_s2,GA-QL-Tphi,9,49716.0,2.4197126209983253,19700,True,1,0.08746200000000001
SS_n200_R1000_s2,GA-RAND,0,49716.0,2.394906647998141,19700,True,1,0.091448
SS_n200_R1000_s2,GA-RAND,1,49716.0,2.1498984139980166,19700,True,1,0.08261600000000001
SS_n200_R1000_s2,GA-RAND,2,49716.0,2.1419633999976213,19700,True,1,0.19331800000000002
SS_n200_R1000_s2,GA-RAND,3,49716.0,1.776942312000756,19700,True,1,0.137208
SS_n200_R1000_s2,GA-RAND,4,49716.0,2.374877361999097,19700,True,1,0.11201000000000003
SS_n200_R1000_s2,GA-RAND,5,49716.0,2.4128588160019717,19700,True,1,0.09506800000000001
SS_n200_R1000_s2,GA-RAND,6,49716.0,2.248794684997847,19700,True,1,0.05981600000000002
SS_n200_R1000_s2,GA-RAND,7,49716.0,1.694816709998122,19700,True,1,0.12438400000000001
SS_n200_R1000_s2,GA-RAND,8,49716.0,2.156524640999123,19700,True,1,0.11821200000000001
SS_n200_R1000_s2,GA-RAND,9,49716.0,2.403779147000023,19700,True,1,0.06740600000000002
SS_n200_R1000_s2,GA-UCB,0,49716.0,2.0353844440032844,19700,True,1,0.10903200000000002
SS_n200_R1000_s2,GA-UCB,1,49716.0,2.5131767079983547,19700,True,1,0.08062000000000001
SS_n200_R1000_s2,GA-UCB,2,49716.0,2.1865786269991077,19700,True,1,0.08963400000000003
SS_n200_R1000_s2,GA-UCB,3,49716.0,2.3982220409998263,19700,True,1,0.06160400000000002
SS_n200_R1000_s2,GA-UCB,4,49716.0,2.283943949998502,19700,True,1,0.09983000000000003
SS_n200_R1000_s2,GA-UCB,5,49716.0,1.9897769230010454,19700,True,1,0.07889000000000002
SS_n200_R1000_s2,GA-UCB,6,49716.0,2.400775102996704,19700,True,1,0.07977600000000001
SS_n200_R1000_s2,GA-UCB,7,49716.0,2.354538854000566,19700,True,1,0.12296600000000002
SS_n200_R1000_s2,GA-UCB,8,49716.0,2.401877856998908,19700,True,1,0.08300800000000003
SS_n200_R1000_s2,GA-UCB,9,49716.0,1.6769677060001413,19700,True,1,0.13929000000000002
SS_n500_R1000_s0,GA,0,129603.0,3.8615927530008776,19700,True,1,0.0589128
SS_n500_R1000_s0,GA,1,129603.0,4.093675403000816,19700,True,1,0.011932000000000002
SS_n500_R1000_s0,GA,2,129603.0,4.340701567001815,19700,True,1,0.0175112
SS_n500_R1000_s0,GA,3,129603.0,3.921649529002025,19700,True,1,0.0235056
SS_n500_R1000_s0,GA,4,129603.0,4.341608865997841,19700,True,1,0.014248
SS_n500_R1000_s0,GA,5,129603.0,4.048149555997952,19700,True,1,0.024271200000000007
SS_n500_R1000_s0,GA,6,129603.0,4.534243919999426,19700,True,1,0.013730400000000002
SS_n500_R1000_s0,GA,7,129603.0,4.290878001000237,19700,True,1,0.0122056
SS_n500_R1000_s0,GA,8,129603.0,4.419050975000573,19700,True,1,0.026653600000000003
SS_n500_R1000_s0,GA,9,129603.0,3.8877585500013083,19700,True,1,0.020128
SS_n500_R1000_s0,GA-FIX-UX+BF3,0,129603.0,4.85217432400168,19700,True,1,0.08666800000000001
SS_n500_R1000_s0,GA-FIX-UX+BF3,1,129603.0,5.145911505998811,19700,True,1,0.08291360000000002
SS_n500_R1000_s0,GA-FIX-UX+BF3,2,129603.0,5.205843334002566,19700,True,1,0.041852800000000016
SS_n500_R1000_s0,GA-FIX-UX+BF3,3,129603.0,5.182732864999707,19700,True,1,0.08011520000000001
SS_n500_R1000_s0,GA-FIX-UX+BF3,4,129603.0,5.020862903002126,19700,True,1,0.09237600000000001
SS_n500_R1000_s0,GA-FIX-UX+BF3,5,129603.0,4.859066403001634,19700,True,1,0.0817424
SS_n500_R1000_s0,GA-FIX-UX+BF3,6,129603.0,5.126311916999839,19700,True,1,0.08222880000000002
SS_n500_R1000_s0,GA-FIX-UX+BF3,7,129603.0,5.127063343999907,19700,True,1,0.09164480000000001
SS_n500_R1000_s0,GA-FIX-UX+BF3,8,129603.0,5.114079855000455,19700,True,1,0.08544560000000001
SS_n500_R1000_s0,GA-FIX-UX+BF3,9,129603.0,5.516626697000902,19700,True,1,0.07783280000000002
SS_n500_R1000_s0,GA-QL,0,129603.0,4.616929626001365,19700,True,1,0.022805600000000006
SS_n500_R1000_s0,GA-QL,1,129603.0,4.02624144299989,19700,True,1,0.04820400000000001
SS_n500_R1000_s0,GA-QL,2,129603.0,4.7297011249975185,19700,True,1,0.0333856
SS_n500_R1000_s0,GA-QL,3,129603.0,5.0136038349992305,19700,True,1,0.05006800000000001
SS_n500_R1000_s0,GA-QL,4,129603.0,4.86850412199783,19700,True,1,0.04740240000000001
SS_n500_R1000_s0,GA-QL,5,129603.0,5.075494126002013,19700,True,1,0.046705600000000014
SS_n500_R1000_s0,GA-QL,6,129603.0,4.961403054003313,19700,True,1,0.029192800000000012
SS_n500_R1000_s0,GA-QL,7,129603.0,4.359376639000402,19700,True,1,0.05952320000000001
SS_n500_R1000_s0,GA-QL,8,129603.0,4.509024344999489,19700,True,1,0.053700800000000014
SS_n500_R1000_s0,GA-QL,9,129603.0,4.632589025000925,19700,True,1,0.05344800000000001
SS_n500_R1000_s0,GA-QL-T,0,129603.0,4.289595840000402,19700,True,1,0.06997840000000002
SS_n500_R1000_s0,GA-QL-T,1,129603.0,4.853511958997842,19700,True,1,0.03932320000000001
SS_n500_R1000_s0,GA-QL-T,2,129603.0,4.567820239000866,19700,True,1,0.0592216
SS_n500_R1000_s0,GA-QL-T,3,129603.0,5.0417947490022925,19700,True,1,0.05088240000000001
SS_n500_R1000_s0,GA-QL-T,4,129603.0,4.99224322399823,19700,True,1,0.0825536
SS_n500_R1000_s0,GA-QL-T,5,129603.0,4.791054625002289,19700,True,1,0.05897280000000001
SS_n500_R1000_s0,GA-QL-T,6,129603.0,4.7694217290008964,19700,True,1,0.06259440000000001
SS_n500_R1000_s0,GA-QL-T,7,129603.0,5.0074279319997,19700,True,1,0.06628880000000001
SS_n500_R1000_s0,GA-QL-T,8,129603.0,5.138266882000607,19700,True,1,0.0598752
SS_n500_R1000_s0,GA-QL-T,9,129603.0,5.175896873999591,19700,True,1,0.07031200000000001
SS_n500_R1000_s0,GA-QL-Tphi,0,129603.0,4.8073125000009895,19700,True,1,0.01654240000000001
SS_n500_R1000_s0,GA-QL-Tphi,1,129603.0,4.606551889002731,19700,True,1,0.05860320000000001
SS_n500_R1000_s0,GA-QL-Tphi,2,129603.0,4.962953623999056,19700,True,1,0.019048800000000008
SS_n500_R1000_s0,GA-QL-Tphi,3,129603.0,5.105762635001156,19700,True,1,0.030232800000000008
SS_n500_R1000_s0,GA-QL-Tphi,4,129603.0,4.961377751998953,19700,True,1,0.027220000000000005
SS_n500_R1000_s0,GA-QL-Tphi,5,129603.0,5.229317417997663,19700,True,1,0.019995200000000005
SS_n500_R1000_s0,GA-QL-Tphi,6,129603.0,5.016929928999161,19700,True,1,0.018072000000000005
SS_n500_R1000_s0,GA-QL-Tphi,7,129603.0,5.09878757000115,19700,True,1,0.02474320000000001
SS_n500_R1000_s0,GA-QL-Tphi,8,129603.0,5.022456791000877,19700,True,1,0.011789600000000004
SS_n500_R1000_s0,GA-QL-Tphi,9,129603.0,5.473160000998178,19700,True,1,0.022580000000000006
SS_n500_R1000_s0,GA-RAND,0,129603.0,5.044325673999992,19700,True,1,0.008561600000000003
SS_n500_R1000_s0,GA-RAND,1,129603.0,4.604196135998791,19700,True,1,0.06452240000000001
SS_n500_R1000_s0,GA-RAND,2,129603.0,3.92750004300251,19700,True,1,0.0609056
SS_n500_R1000_s0,GA-RAND,3,129603.0,4.111761303000094,19700,True,1,0.030356800000000007
SS_n500_R1000_s0,GA-RAND,4,129603.0,4.204715970001416,19700,True,1,0.0216216
SS_n500_R1000_s0,GA-RAND,5,129603.0,4.906324825999036,19700,True,1,0.025996000000000002
SS_n500_R1000_s0,GA-RAND,6,129603.0,4.692369682001299,19700,True,1,0.023503200000000005
SS_n500_R1000_s0,GA-RAND,7,129603.0,4.0326774710010795,19700,True,1,0.04714320000000001
SS_n500_R1000_s0,GA-RAND,8,129603.0,3.5038737730028515,19700,True,1,0.02920080000000001
SS_n500_R1000_s0,GA-RAND,9,129603.0,4.230041083999822,19700,True,1,0.028286400000000007
SS_n500_R1000_s0,GA-UCB,0,129603.0,4.7079676809989905,19700,True,1,0.021133600000000002
SS_n500_R1000_s0,GA-UCB,1,129603.0,4.798717506000685,19700,True,1,0.016303200000000004
SS_n500_R1000_s0,GA-UCB,2,129603.0,3.506387783003447,19700,True,1,0.06177520000000001
SS_n500_R1000_s0,GA-UCB,3,129603.0,4.5454773450001085,19700,True,1,0.024661600000000013
SS_n500_R1000_s0,GA-UCB,4,129603.0,4.952023286001349,19700,True,1,0.021354400000000006
SS_n500_R1000_s0,GA-UCB,5,129603.0,4.591894379998848,19700,True,1,0.015500000000000003
SS_n500_R1000_s0,GA-UCB,6,129603.0,4.365112740000768,19700,True,1,0.018102400000000008
SS_n500_R1000_s0,GA-UCB,7,129603.0,4.112957990000723,19700,True,1,0.05414960000000001
SS_n500_R1000_s0,GA-UCB,8,129603.0,4.221501652002189,19700,True,1,0.015807200000000004
SS_n500_R1000_s0,GA-UCB,9,129603.0,4.0983500399997865,19700,True,1,0.019273600000000005
SS_n500_R1000_s1,GA,0,127097.0,4.2606030569986615,19700,True,1,0.021772800000000005
SS_n500_R1000_s1,GA,1,127097.0,4.646507637000468,19700,True,1,0.0266736
SS_n500_R1000_s1,GA,2,127097.0,4.691672517998086,19700,True,1,0.011576800000000002
SS_n500_R1000_s1,GA,3,127097.0,4.67273285400006,19700,True,1,0.013223200000000003
SS_n500_R1000_s1,GA,4,127097.0,4.385646183000063,19700,True,1,0.0547904
SS_n500_R1000_s1,GA,5,127097.0,4.5921291670019855,19700,True,1,0.020360000000000003
SS_n500_R1000_s1,GA,6,127097.0,4.206531141000596,19700,True,1,0.027482400000000004
SS_n500_R1000_s1,GA,7,127097.0,4.240568256998813,19700,True,1,0.019570399999999998
SS_n500_R1000_s1,GA,8,127097.0,4.571099050001067,19700,True,1,0.017935200000000002
SS_n500_R1000_s1,GA,9,127097.0,4.10804289799853,19700,True,1,0.021755200000000002
SS_n500_R1000_s1,GA-FIX-UX+BF3,0,127097.0,4.607079811998119,19700,True,1,0.11264400000000001
SS_n500_R1000_s1,GA-FIX-UX+BF3,1,127097.0,5.154104551002092,19700,True,1,0.10208160000000002
SS_n500_R1000_s1,GA-FIX-UX+BF3,2,127097.0,4.818053143997531,19700,True,1,0.09492080000000001
SS_n500_R1000_s1,GA-FIX-UX+BF3,3,127097.0,5.386541280000529,19700,True,1,0.0918984
SS_n500_R1000_s1,GA-FIX-UX+BF3,4,127097.0,4.174766852000175,19700,True,1,0.12080400000000002
SS_n500_R1000_s1,GA-FIX-UX+BF3,5,127097.0,5.294250360002479,19700,True,1,0.0845592
SS_n500_R1000_s1,GA-FIX-UX+BF3,6,127097.0,4.784256311999343,19700,True,1,0.10689920000000001
SS_n500_R1000_s1,GA-FIX-UX+BF3,7,127097.0,4.77815472900329,19700,True,1,0.10985920000000003
SS_n500_R1000_s1,GA-FIX-UX+BF3,8,127097.0,5.212397393002902,19700,True,1,0.10968960000000001
SS_n500_R1000_s1,GA-FIX-UX+BF3,9,127097.0,5.39803958000266,19700,True,1,0.0933712
SS_n500_R1000_s1,GA-QL,0,127097.0,5.158832266999525,19700,True,1,0.039848800000000004
SS_n500_R1000_s1,GA-QL,1,127097.0,4.832686431000184,19700,True,1,0.032260000000000004
SS_n500_R1000_s1,GA-QL,2,127097.0,4.759730339999805,19700,True,1,0.06947040000000002
SS_n500_R1000_s1,GA-QL,3,127097.0,4.935726798001269,19700,True,1,0.05222720000000001
SS_n500_R1000_s1,GA-QL,4,127097.0,5.026352272001532,19700,True,1,0.040959200000000015
SS_n500_R1000_s1,GA-QL,5,127097.0,5.338434042001609,19700,True,1,0.028892800000000007
SS_n500_R1000_s1,GA-QL,6,127097.0,4.974133234001783,19700,True,1,0.03638720000000001
SS_n500_R1000_s1,GA-QL,7,127097.0,5.064315112998884,19700,True,1,0.007648800000000002
SS_n500_R1000_s1,GA-QL,8,127097.0,4.583986749003088,19700,True,1,0.07350560000000002
SS_n500_R1000_s1,GA-QL,9,127097.0,4.249011694002547,19700,True,1,0.016240800000000003
SS_n500_R1000_s1,GA-QL-T,0,127097.0,5.343768615999579,19700,True,1,0.07841360000000001
SS_n500_R1000_s1,GA-QL-T,1,127097.0,5.362102484999923,19700,True,1,0.04308080000000001
SS_n500_R1000_s1,GA-QL-T,2,127097.0,5.242498781000904,19700,True,1,0.04531840000000001
SS_n500_R1000_s1,GA-QL-T,3,127097.0,4.731357081000169,19700,True,1,0.030092800000000006
SS_n500_R1000_s1,GA-QL-T,4,127097.0,4.609352557999955,19700,True,1,0.06012880000000001
SS_n500_R1000_s1,GA-QL-T,5,127097.0,5.1169145880012366,19700,True,1,0.065876
SS_n500_R1000_s1,GA-QL-T,6,127097.0,5.279079255000397,19700,True,1,0.0535496
SS_n500_R1000_s1,GA-QL-T,7,127097.0,5.161750167000719,19700,True,1,0.052658400000000015
SS_n500_R1000_s1,GA-QL-T,8,127097.0,5.1367553409982065,19700,True,1,0.0723048
SS_n500_R1000_s1,GA-QL-T,9,127097.0,5.075506749999477,19700,True,1,0.0827864
SS_n500_R1000_s1,GA-QL-Tphi,0,127097.0,3.1196744560002116,19700,True,1,0.025485600000000004
SS_n500_R1000_s1,GA-QL-Tphi,1,127097.0,4.59012819200143,19700,True,1,0.031190400000000007
SS_n500_R1000_s1,GA-QL-Tphi,2,127097.0,4.3167885600014415,19700,True,1,0.019464800000000008
SS_n500_R1000_s1,GA-QL-Tphi,3,127097.0,4.540427334999549,19700,True,1,0.03292080000000001
SS_n500_R1000_s1,GA-QL-Tphi,4,127097.0,4.183897144001094,19700,True,1,0.016815200000000006
SS_n500_R1000_s1,GA-QL-Tphi,5,127097.0,4.191707074998703,19700,True,1,0.014230400000000002
SS_n500_R1000_s1,GA-QL-Tphi,6,127097.0,4.575681362002797,19700,True,1,0.011073600000000003
SS_n500_R1000_s1,GA-QL-Tphi,7,127097.0,4.690227384999162,19700,True,1,0.04148960000000001
SS_n500_R1000_s1,GA-QL-Tphi,8,127097.0,3.408782844002417,19700,True,1,0.024359200000000008
SS_n500_R1000_s1,GA-QL-Tphi,9,127097.0,4.1129762239979755,19700,True,1,0.0175832
SS_n500_R1000_s1,GA-RAND,0,127097.0,5.072623741998541,19700,True,1,0.06930320000000002
SS_n500_R1000_s1,GA-RAND,1,127097.0,5.283994811998127,19700,True,1,0.07194480000000002
SS_n500_R1000_s1,GA-RAND,2,127097.0,5.155995642002381,19700,True,1,0.03788320000000002
SS_n500_R1000_s1,GA-RAND,3,127097.0,4.9127198759997555,19700,True,1,0.08020240000000001
SS_n500_R1000_s1,GA-RAND,4,127097.0,4.793169912001758,19700,True,1,0.019365600000000004
SS_n500_R1000_s1,GA-RAND,5,127097.0,5.0771392630013,19700,True,1,0.035881600000000013
SS_n500_R1000_s1,GA-RAND,6,127097.0,4.926502370999515,19700,True,1,0.0683296
SS_n500_R1000_s1,GA-RAND,7,127097.0,4.6228241579992755,19700,True,1,0.027040800000000004
SS_n500_R1000_s1,GA-RAND,8,127097.0,4.380613778001134,19700,True,1,0.03532240000000001
SS_n500_R1000_s1,GA-RAND,9,127097.0,5.043071288997453,19700,True,1,0.08118640000000002
SS_n500_R1000_s1,GA-UCB,0,127097.0,4.012578305002535,19700,True,1,0.022455200000000005
SS_n500_R1000_s1,GA-UCB,1,127097.0,5.0481149369989,19700,True,1,0.08399760000000002
SS_n500_R1000_s1,GA-UCB,2,127097.0,5.163061120998464,19700,True,1,0.022384000000000008
SS_n500_R1000_s1,GA-UCB,3,127097.0,4.8557824669987895,19700,True,1,0.025684000000000005
SS_n500_R1000_s1,GA-UCB,4,127097.0,4.601484267001069,19700,True,1,0.06008560000000002
SS_n500_R1000_s1,GA-UCB,5,127097.0,4.947874871002568,19700,True,1,0.0634064
SS_n500_R1000_s1,GA-UCB,6,127097.0,3.9371197529981146,19700,True,1,0.020346400000000004
SS_n500_R1000_s1,GA-UCB,7,127097.0,5.083000581998931,19700,True,1,0.06861120000000001
SS_n500_R1000_s1,GA-UCB,8,127097.0,4.964713252000365,19700,True,1,0.0204048
SS_n500_R1000_s1,GA-UCB,9,127097.0,4.494254629000352,19700,True,1,0.019309600000000003
SS_n500_R1000_s2,GA,0,125372.0,3.7831066500002635,19700,True,1,0.014812800000000003
SS_n500_R1000_s2,GA,1,125372.0,3.859268961001362,19700,True,1,0.017828800000000002
SS_n500_R1000_s2,GA,2,125372.0,3.929242976999376,19700,True,1,0.029330400000000003
SS_n500_R1000_s2,GA,3,125372.0,2.8094105920026777,19700,True,1,0.020243200000000003
SS_n500_R1000_s2,GA,4,125372.0,2.7710147590005363,19700,True,1,0.0395976
SS_n500_R1000_s2,GA,5,125372.0,4.019785264001257,19700,True,1,0.016292
SS_n500_R1000_s2,GA,6,125372.0,4.213421495001967,19700,True,1,0.006894400000000003
SS_n500_R1000_s2,GA,7,125372.0,3.9140521049994277,19700,True,1,0.019234400000000006
SS_n500_R1000_s2,GA,8,125372.0,3.881223678999959,19700,True,1,0.010473600000000003
SS_n500_R1000_s2,GA,9,125372.0,3.7499278240029525,19700,True,1,0.028314400000000007
SS_n500_R1000_s2,GA-FIX-UX+BF3,0,125372.0,4.644897147998563,19700,True,1,0.05735360000000001
SS_n500_R1000_s2,GA-FIX-UX+BF3,1,125372.0,4.847590634999506,19700,True,1,0.0688152
SS_n500_R1000_s2,GA-FIX-UX+BF3,2,125372.0,4.5119088089995785,19700,True,1,0.06101680000000002
SS_n500_R1000_s2,GA-FIX-UX+BF3,3,125372.0,4.9163996540009975,19700,True,1,0.06752080000000002
SS_n500_R1000_s2,GA-FIX-UX+BF3,4,125372.0,4.91592010399836,19700,True,1,0.05565360000000001
SS_n500_R1000_s2,GA-FIX-UX+BF3,5,125372.0,5.024798460002785,19700,True,1,0.07876080000000002
SS_n500_R1000_s2,GA-FIX-UX+BF3,6,125372.0,4.705707770997833,19700,True,1,0.06713120000000002
SS_n500_R1000_s2,GA-FIX-UX+BF3,7,125372.0,5.059374159001891,19700,True,1,0.06337840000000002
SS_n500_R1000_s2,GA-FIX-UX+BF3,8,125372.0,4.815939216998231,19700,True,1,0.07185920000000001
SS_n500_R1000_s2,GA-FIX-UX+BF3,9,125372.0,4.8821480160004285,19700,True,1,0.07590400000000001
SS_n500_R1000_s2,GA-QL,0,125372.0,4.35105005999867,19700,True,1,0.0333152
SS_n500_R1000_s2,GA-QL,1,125372.0,4.5903004050014715,19700,True,1,0.03426880000000001
SS_n500_R1000_s2,GA-QL,2,125372.0,4.58620510900073,19700,True,1,0.020129600000000004
SS_n500_R1000_s2,GA-QL,3,125372.0,3.8456500050015165,19700,True,1,0.027140800000000007
SS_n500_R1000_s2,GA-QL,4,125372.0,4.396293024998158,19700,True,1,0.055397600000000005
SS_n500_R1000_s2,GA-QL,5,125372.0,4.253228212997783,19700,True,1,0.028214400000000008
SS_n500_R1000_s2,GA-QL,6,125372.0,4.161417733997951,19700,True,1,0.03415200000000001
SS_n500_R1000_s2,GA-QL,7,125372.0,3.6659787370008416,19700,True,1,0.0350632
SS_n500_R1000_s2,GA-QL,8,125372.0,3.5714821399997163,19700,True,1,0.04439520000000001
SS_n500_R1000_s2,GA-QL,9,125372.0,4.461498036998819,19700,True,1,0.035619200000000004
SS_n500_R1000_s2,GA-QL-T,0,125372.0,4.5263747930002864,19700,True,1,0.05454720000000002
SS_n500_R1000_s2,GA-QL-T,1,125372.0,3.978498889999173,19700,True,1,0.04817200000000001
SS_n500_R1000_s2,GA-QL-T,2,125372.0,3.3003370970000105,19700,True,1,0.053526400000000016
SS_n500_R1000_s2,GA-QL-T,3,125372.0,4.133047874998738,19700,True,1,0.053480000000000014
SS_n500_R1000_s2,GA-QL-T,4,125372.0,4.256982454000536,19700,True,1,0.0569008
SS_n500_R1000_s2,GA-QL-T,5,125372.0,4.582830917002866,19700,True,1,0.04014560000000001
SS_n500_R1000_s2,GA-QL-T,6,125372.0,4.127940673999547,19700,True,1,0.052042400000000016
SS_n500_R1000_s2,GA-QL-T,7,125372.0,4.46898520600007,19700,True,1,0.0577856
SS_n500_R1000_s2,GA-QL-T,8,125372.0,4.5527240250012255,19700,True,1,0.056937600000000005
SS_n500_R1000_s2,GA-QL-T,9,125372.0,3.959726798002521,19700,True,1,0.05981680000000001
SS_n500_R1000_s2,GA-QL-Tphi,0,125372.0,3.38529346499854,19700,True,1,0.04197440000000001
SS_n500_R1000_s2,GA-QL-Tphi,1,125372.0,3.3009825339977397,19700,True,1,0.0400616
SS_n500_R1000_s2,GA-QL-Tphi,2,125372.0,4.362040940002771,19700,True,1,0.03270000000000001
SS_n500_R1000_s2,GA-QL-Tphi,3,125372.0,3.9885234539979137,19700,True,1,0.0201736
SS_n500_R1000_s2,GA-QL-Tphi,4,125372.0,4.442217666000943,19700,True,1,0.03225120000000001
SS_n500_R1000_s2,GA-QL-Tphi,5,125372.0,4.372849789000611,19700,True,1,0.031935200000000004
SS_n500_R1000_s2,GA-QL-Tphi,6,125372.0,4.078545585001848,19700,True,1,0.035325600000000006
SS_n500_R1000_s2,GA-QL-Tphi,7,125372.0,3.9191837409998698,19700,True,1,0.02617600000000001
SS_n500_R1000_s2,GA-QL-Tphi,8,125372.0,4.119438439996884,19700,True,1,0.04594080000000001
SS_n500_R1000_s2,GA-QL-Tphi,9,125372.0,4.237283020000177,19700,True,1,0.03281120000000001
SS_n500_R1000_s2,GA-RAND,0,125372.0,3.9057916419988032,19700,True,1,0.0247408
SS_n500_R1000_s2,GA-RAND,1,125372.0,2.59908703399924,19700,True,1,0.012467200000000003
SS_n500_R1000_s2,GA-RAND,2,125372.0,4.420753282000078,19700,True,1,0.02936800000000001
SS_n500_R1000_s2,GA-RAND,3,125372.0,3.9213487550005084,19700,True,1,0.03387520000000001
SS_n500_R1000_s2,GA-RAND,4,125372.0,4.463341353999567,19700,True,1,0.02943520000000001
SS_n500_R1000_s2,GA-RAND,5,125372.0,4.2284777159984515,19700,True,1,0.029617600000000008
SS_n500_R1000_s2,GA-RAND,6,125372.0,4.471448471998883,19700,True,1,0.026123200000000003
SS_n500_R1000_s2,GA-RAND,7,125372.0,4.4201301249995595,19700,True,1,0.04613280000000001
SS_n500_R1000_s2,GA-RAND,8,125372.0,2.5134907149986248,19700,True,1,0.05473680000000001
SS_n500_R1000_s2,GA-RAND,9,125372.0,3.2659940420016937,19700,True,1,0.044780800000000016
SS_n500_R1000_s2,GA-UCB,0,125372.0,4.195244491002086,19700,True,1,0.03118720000000001
SS_n500_R1000_s2,GA-UCB,1,125372.0,4.193788437998592,19700,True,1,0.05981760000000001
SS_n500_R1000_s2,GA-UCB,2,125372.0,4.462987754999631,19700,True,1,0.04138240000000001
SS_n500_R1000_s2,GA-UCB,3,125372.0,3.808833359998971,19700,True,1,0.049112800000000005
SS_n500_R1000_s2,GA-UCB,4,125372.0,4.524754325000686,19700,True,1,0.027512800000000007
SS_n500_R1000_s2,GA-UCB,5,125372.0,4.2906917609980155,19700,True,1,0.025024800000000007
SS_n500_R1000_s2,GA-UCB,6,125372.0,4.033550860000105,19700,True,1,0.030747200000000006
SS_n500_R1000_s2,GA-UCB,7,125372.0,4.8182977979995485,19700,True,1,0.023143200000000006
SS_n500_R1000_s2,GA-UCB,8,125372.0,4.479779340999812,19700,True,1,0.020844000000000005
SS_n500_R1000_s2,GA-UCB,9,125372.0,4.495418092999898,19700,True,1,0.040709600000000006
UC_n1000_R1000_s0,GA,0,407939.0,7.391015550998418,19700,True,81,0.00047200000000000014
UC_n1000_R1000_s0,GA,1,407913.0,7.554255335999187,19700,True,90,0.0011800000000000003
UC_n1000_R1000_s0,GA,2,407931.0,7.416929629998776,19700,True,190,0.0012528000000000003
UC_n1000_R1000_s0,GA,3,407918.0,7.2344573230002425,19700,True,75,0.0008228000000000002
UC_n1000_R1000_s0,GA,4,407933.0,5.994679550000001,19700,True,92,0.0005544000000000002
UC_n1000_R1000_s0,GA,5,407933.0,6.582040354998753,19700,True,96,0.0009424000000000002
UC_n1000_R1000_s0,GA,6,407910.0,7.451651829000184,19700,True,94,0.0005932000000000003
UC_n1000_R1000_s0,GA,7,407914.0,6.26630008400025,19700,True,74,0.0006732000000000002
UC_n1000_R1000_s0,GA,8,407920.0,6.0890153590007685,19700,True,83,0.0011032000000000004
UC_n1000_R1000_s0,GA,9,407928.0,7.347204605001025,19700,True,101,0.00047360000000000013
UC_n1000_R1000_s0,GA-FIX-UX+BF3,0,407942.0,6.169073668999772,19700,True,64,0.0057516000000000025
UC_n1000_R1000_s0,GA-FIX-UX+BF3,1,407939.0,7.382022191999567,19700,True,55,0.006851600000000003
UC_n1000_R1000_s0,GA-FIX-UX+BF3,2,407940.0,7.863635173998773,19700,True,66,0.006269600000000003
UC_n1000_R1000_s0,GA-FIX-UX+BF3,3,407942.0,7.667551539001579,19700,True,48,0.006378800000000004
UC_n1000_R1000_s0,GA-FIX-UX+BF3,4,407942.0,7.703586128998722,19700,True,56,0.005015200000000002
UC_n1000_R1000_s0,GA-FIX-UX+BF3,5,407940.0,7.8332742220009095,19700,True,58,0.004906400000000003
UC_n1000_R1000_s0,GA-FIX-UX+BF3,6,407931.0,8.662754679997306,19700,True,64,0.006299600000000002
UC_n1000_R1000_s0,GA-FIX-UX+BF3,7,407938.0,7.603866659002961,19700,True,51,0.0057256000000000026
UC_n1000_R1000_s0,GA-FIX-UX+BF3,8,407942.0,7.075493733998883,19700,True,61,0.006208000000000003
UC_n1000_R1000_s0,GA-FIX-UX+BF3,9,407942.0,8.64308888099913,19700,True,64,0.005447200000000002
UC_n1000_R1000_s0,GA-QL,0,407940.0,8.428639156998543,19700,True,126,0.004572400000000002
UC_n1000_R1000_s0,GA-QL,1,407940.0,8.167271172002074,19700,True,69,0.0011364000000000005
UC_n1000_R1000_s0,GA-QL,2,407940.0,9.247346846001165,19700,True,69,0.003217600000000001
UC_n1000_R1000_s0,GA-QL,3,407940.0,8.750481307000882,19700,True,79,0.007263600000000003
UC_n1000_R1000_s0,GA-QL,4,407931.0,7.66840125300223,19700,True,62,0.0027768000000000007
UC_n1000_R1000_s0,GA-QL,5,407940.0,8.719070204999298,19700,True,72,0.00047520000000000017
UC_n1000_R1000_s0,GA-QL,6,407935.0,8.58356542600086,19700,True,72,0.0017200000000000006
UC_n1000_R1000_s0,GA-QL,7,407939.0,7.614320723998389,19700,True,54,0.004104000000000001
UC_n1000_R1000_s0,GA-QL,8,407931.0,8.17564191999918,19700,True,60,0.004573200000000003
UC_n1000_R1000_s0,GA-QL,9,407942.0,7.71276392299842,19700,True,73,0.0026972000000000003
UC_n1000_R1000_s0,GA-QL-T,0,407939.0,7.304737195998314,19700,True,53,0.006646400000000004
UC_n1000_R1000_s0,GA-QL-T,1,407940.0,8.251511806000053,19700,True,57,0.005087200000000003
UC_n1000_R1000_s0,GA-QL-T,2,407942.0,8.615083316999517,19700,True,57,0.005988000000000002
UC_n1000_R1000_s0,GA-QL-T,3,407939.0,7.975254122000479,19700,True,48,0.006170800000000002
UC_n1000_R1000_s0,GA-QL-T,4,407933.0,8.085709728999063,19700,True,59,0.0068480000000000025
UC_n1000_R1000_s0,GA-QL-T,5,407940.0,7.326870398999745,19700,True,53,0.006912400000000002
UC_n1000_R1000_s0,GA-QL-T,6,407942.0,8.505916292997426,19700,True,55,0.006494400000000003
UC_n1000_R1000_s0,GA-QL-T,7,407939.0,7.463387630999932,19700,True,51,0.005636400000000002
UC_n1000_R1000_s0,GA-QL-T,8,407933.0,8.014484781997453,19700,True,57,0.006934400000000004
UC_n1000_R1000_s0,GA-QL-T,9,407940.0,8.371013439998933,19700,True,55,0.005754400000000002
UC_n1000_R1000_s0,GA-QL-Tphi,0,407940.0,8.832092028998886,19700,True,100,0.004254800000000001
UC_n1000_R1000_s0,GA-QL-Tphi,1,407940.0,8.534225645998958,19700,True,88,0.0034892000000000018
UC_n1000_R1000_s0,GA-QL-Tphi,2,407920.0,8.156679616000474,19700,True,86,0.0035916000000000016
UC_n1000_R1000_s0,GA-QL-Tphi,3,407942.0,7.972202979002759,19700,True,76,0.004067600000000001
UC_n1000_R1000_s0,GA-QL-Tphi,4,407935.0,8.49267149500156,19700,True,79,0.006386800000000002
UC_n1000_R1000_s0,GA-QL-Tphi,5,407940.0,8.366897461997723,19700,True,84,0.005529200000000003
UC_n1000_R1000_s0,GA-QL-Tphi,6,407939.0,7.512805496997316,19700,True,77,0.004205600000000001
UC_n1000_R1000_s0,GA-QL-Tphi,7,407928.0,8.183910028001264,19700,True,93,0.002953600000000001
UC_n1000_R1000_s0,GA-QL-Tphi,8,407942.0,7.908225182000024,19700,True,73,0.004512800000000001
UC_n1000_R1000_s0,GA-QL-Tphi,9,407938.0,7.639029485999345,19700,True,88,0.008095600000000005
UC_n1000_R1000_s0,GA-RAND,0,407942.0,7.718568344000232,19700,True,61,0.005011200000000002
UC_n1000_R1000_s0,GA-RAND,1,407931.0,6.412157627000852,19700,True,77,0.0038104000000000024
UC_n1000_R1000_s0,GA-RAND,2,407942.0,7.671072604000074,19700,True,74,0.0007492000000000003
UC_n1000_R1000_s0,GA-RAND,3,407933.0,7.9752773939981125,19700,True,56,0.0023264000000000006
UC_n1000_R1000_s0,GA-RAND,4,407940.0,7.065532874999917,19700,True,71,0.0028724000000000006
UC_n1000_R1000_s0,GA-RAND,5,407940.0,6.821902404000866,19700,True,66,0.0009012000000000002
UC_n1000_R1000_s0,GA-RAND,6,407939.0,6.676107784998749,19700,True,54,0.0004728000000000001
UC_n1000_R1000_s0,GA-RAND,7,407928.0,8.18355389700082,19700,True,67,0.005287600000000002
UC_n1000_R1000_s0,GA-RAND,8,407942.0,6.911087798001972,19700,True,69,0.003474400000000001
UC_n1000_R1000_s0,GA-RAND,9,407942.0,8.117819571998552,19700,True,60,0.0018592000000000003
UC_n1000_R1000_s0,GA-UCB,0,407936.0,7.8636144760021125,19700,True,163,0.0014468000000000005
UC_n1000_R1000_s0,GA-UCB,1,407926.0,7.797555154997099,19700,True,71,0.0013732000000000006
UC_n1000_R1000_s0,GA-UCB,2,407928.0,7.8628419550004764,19700,True,58,0.005976800000000003
UC_n1000_R1000_s0,GA-UCB,3,407942.0,8.319551683001919,19700,True,65,0.005719200000000002
UC_n1000_R1000_s0,GA-UCB,4,407926.0,7.3515644600011,19700,True,62,0.0016732000000000006
UC_n1000_R1000_s0,GA-UCB,5,407942.0,8.572386859999824,19700,True,73,0.002827600000000001
UC_n1000_R1000_s0,GA-UCB,6,407939.0,9.053842934001295,19700,True,89,0.004564800000000002
UC_n1000_R1000_s0,GA-UCB,7,407942.0,8.566800286000216,19700,True,65,0.0007864000000000002
UC_n1000_R1000_s0,GA-UCB,8,407931.0,8.6568863829998,19700,True,73,0.005422400000000003
UC_n1000_R1000_s0,GA-UCB,9,407940.0,8.624032013001852,19700,True,66,0.005244400000000002
UC_n1000_R1000_s1,GA,0,416808.0,7.230968659001519,19700,True,116,0.0005520000000000003
UC_n1000_R1000_s1,GA,1,416793.0,7.5676865380009986,19700,True,75,0.0004728000000000002
UC_n1000_R1000_s1,GA,2,416813.0,7.319495972998993,19700,True,77,0.0007912000000000005
UC_n1000_R1000_s1,GA,3,416783.0,6.907499057000678,19700,True,70,0.0009748000000000003
UC_n1000_R1000_s1,GA,4,416793.0,4.96931929800121,19700,True,59,0.00043480000000000016
UC_n1000_R1000_s1,GA,5,416793.0,7.5249132410026505,19700,True,72,0.0012940000000000004
UC_n1000_R1000_s1,GA,6,416794.0,7.847861006997846,19700,True,66,0.00035640000000000015
UC_n1000_R1000_s1,GA,7,416810.0,5.374155610999878,19700,True,66,0.0006328000000000002
UC_n1000_R1000_s1,GA,8,416793.0,6.359054601001844,19700,True,69,0.0006312000000000002
UC_n1000_R1000_s1,GA,9,416793.0,7.471471590000874,19700,True,71,0.0001584000000000001
UC_n1000_R1000_s1,GA-FIX-UX+BF3,0,416818.0,7.100171047997719,19700,True,52,0.005109200000000003
UC_n1000_R1000_s1,GA-FIX-UX+BF3,1,416810.0,8.497076231997198,19700,True,47,0.005326800000000002
UC_n1000_R1000_s1,GA-FIX-UX+BF3,2,416810.0,7.207340313001623,19700,True,70,0.005364800000000002
UC_n1000_R1000_s1,GA-FIX-UX+BF3,3,416827.0,8.56450244000007,19700,True,144,0.005329200000000003
UC_n1000_R1000_s1,GA-FIX-UX+BF3,4,416812.0,7.042301974997827,19700,True,106,0.004560400000000001
UC_n1000_R1000_s1,GA-FIX-UX+BF3,5,416827.0,8.254601067001204,19700,True,61,0.005220800000000002
UC_n1000_R1000_s1,GA-FIX-UX+BF3,6,416827.0,8.732688135998615,19700,True,116,0.004805600000000002
UC_n1000_R1000_s1,GA-FIX-UX+BF3,7,416817.0,7.5235022340020805,19700,True,49,0.005196800000000002
UC_n1000_R1000_s1,GA-FIX-UX+BF3,8,416810.0,8.626439607996872,19700,True,68,0.006272800000000003
UC_n1000_R1000_s1,GA-FIX-UX+BF3,9,416810.0,9.084288340000057,19700,True,63,0.004761200000000002
UC_n1000_R1000_s1,GA-QL,0,416794.0,6.96915239000009,19700,True,57,0.005885600000000004
UC_n1000_R1000_s1,GA-QL,1,416818.0,7.987823688999924,19700,True,63,0.0005536000000000002
UC_n1000_R1000_s1,GA-QL,2,416817.0,5.71194781399754,19700,True,134,0.004989200000000003
UC_n1000_R1000_s1,GA-QL,3,416818.0,7.551452458999847,19700,True,154,0.007734400000000003
UC_n1000_R1000_s1,GA-QL,4,416808.0,8.116825127999618,19700,True,70,0.0012228000000000004
UC_n1000_R1000_s1,GA-QL,5,416806.0,7.81095941500098,19700,True,114,0.0013660000000000005
UC_n1000_R1000_s1,GA-QL,6,416794.0,7.894863140001689,19700,True,65,0.0032136000000000014
UC_n1000_R1000_s1,GA-QL,7,416810.0,8.023957394998433,19700,True,57,0.0018536000000000008
UC_n1000_R1000_s1,GA-QL,8,416818.0,8.154376938000496,19700,True,182,0.00035560000000000013
UC_n1000_R1000_s1,GA-QL,9,416810.0,6.082231907999812,19700,True,69,0.0008260000000000002
UC_n1000_R1000_s1,GA-QL-T,0,416818.0,7.981930696001655,19700,True,111,0.006956400000000003
UC_n1000_R1000_s1,GA-QL-T,1,416810.0,8.081004700001358,19700,True,55,0.005963200000000003
UC_n1000_R1000_s1,GA-QL-T,2,416817.0,5.786071667000215,19700,True,57,0.004902400000000002
UC_n1000_R1000_s1,GA-QL-T,3,416812.0,7.3893594769979245,19700,True,60,0.005518000000000002
UC_n1000_R1000_s1,GA-QL-T,4,416810.0,8.65093905699905,19700,True,61,0.006144400000000003
UC_n1000_R1000_s1,GA-QL-T,5,416827.0,8.623870676001388,19700,True,129,0.006523600000000003
UC_n1000_R1000_s1,GA-QL-T,6,416827.0,8.238506361998589,19700,True,61,0.007114800000000004
UC_n1000_R1000_s1,GA-QL-T,7,416810.0,8.234790259000874,19700,True,44,0.0047728000000000015
UC_n1000_R1000_s1,GA-QL-T,8,416810.0,7.978712940999685,19700,True,52,0.006578000000000003
UC_n1000_R1000_s1,GA-QL-T,9,416827.0,5.920570199999929,19700,True,48,0.004807600000000001
UC_n1000_R1000_s1,GA-QL-Tphi,0,416810.0,9.58534887299902,19700,True,135,0.005114800000000003
UC_n1000_R1000_s1,GA-QL-Tphi,1,416817.0,10.101077397001063,19700,True,75,0.006499600000000003
UC_n1000_R1000_s1,GA-QL-Tphi,2,416818.0,9.531270696003048,19700,True,70,0.002891200000000001
UC_n1000_R1000_s1,GA-QL-Tphi,3,416827.0,9.08402990399918,19700,True,76,0.005416800000000002
UC_n1000_R1000_s1,GA-QL-Tphi,4,416827.0,10.07040890999997,19700,True,113,0.005266800000000002
UC_n1000_R1000_s1,GA-QL-Tphi,5,416827.0,8.979776604002836,19700,True,167,0.0059736000000000025
UC_n1000_R1000_s1,GA-QL-Tphi,6,416808.0,9.213317961999564,19700,True,72,0.004109600000000002
UC_n1000_R1000_s1,GA-QL-Tphi,7,416817.0,8.490253915999347,19700,True,66,0.004972400000000002
UC_n1000_R1000_s1,GA-QL-Tphi,8,416800.0,6.6705997939970985,19700,True,72,0.003093200000000001
UC_n1000_R1000_s1,GA-QL-Tphi,9,416818.0,8.178532542002358,19700,True,72,0.003578000000000002
UC_n1000_R1000_s1,GA-RAND,0,416817.0,8.149563700000726,19700,True,95,0.005079200000000002
UC_n1000_R1000_s1,GA-RAND,1,416810.0,8.284220051002194,19700,True,62,0.002642400000000001
UC_n1000_R1000_s1,GA-RAND,2,416817.0,6.922861950999504,19700,True,87,0.0012180000000000003
UC_n1000_R1000_s1,GA-RAND,3,416802.0,8.736591205000877,19700,True,61,0.0009084000000000003
UC_n1000_R1000_s1,GA-RAND,4,416810.0,8.554365048999898,19700,True,52,0.002113200000000001
UC_n1000_R1000_s1,GA-RAND,5,416810.0,7.817168189001677,19700,True,61,0.0012392000000000002
UC_n1000_R1000_s1,GA-RAND,6,416816.0,8.259304918999987,19700,True,66,0.0005892000000000001
UC_n1000_R1000_s1,GA-RAND,7,416810.0,7.098236016001465,19700,True,57,0.004580000000000002
UC_n1000_R1000_s1,GA-RAND,8,416804.0,7.495058569998946,19700,True,54,0.003135600000000001
UC_n1000_R1000_s1,GA-RAND,9,416801.0,7.786531869998726,19700,True,58,0.0018332000000000008
UC_n1000_R1000_s1,GA-UCB,0,416792.0,6.528134565000073,19700,True,173,0.005258800000000002
UC_n1000_R1000_s1,GA-UCB,1,416812.0,8.41750551899895,19700,True,52,0.0054728000000000025
UC_n1000_R1000_s1,GA-UCB,2,416810.0,8.50484490999952,19700,True,55,0.002605600000000001
UC_n1000_R1000_s1,GA-UCB,3,416797.0,8.224077573999239,19700,True,56,0.0017476000000000006
UC_n1000_R1000_s1,GA-UCB,4,416827.0,6.990706866999972,19700,True,112,0.005089200000000002
UC_n1000_R1000_s1,GA-UCB,5,416810.0,8.405808487998002,19700,True,61,0.003878400000000002
UC_n1000_R1000_s1,GA-UCB,6,416793.0,7.8493252729967935,19700,True,59,0.0060164000000000025
UC_n1000_R1000_s1,GA-UCB,7,416791.0,7.014146032001008,19700,True,72,0.0017668000000000007
UC_n1000_R1000_s1,GA-UCB,8,416808.0,6.9450931120009045,19700,True,52,0.005797600000000003
UC_n1000_R1000_s1,GA-UCB,9,416802.0,7.889082566001889,19700,True,54,0.0023328000000000008
UC_n1000_R1000_s2,GA,0,407965.0,7.906963868001185,19700,True,114,0.0001584000000000001
UC_n1000_R1000_s2,GA,1,407965.0,7.80024326900093,19700,True,69,0.0007112000000000003
UC_n1000_R1000_s2,GA,2,407946.0,7.977684899000451,19700,True,103,0.0006288000000000002
UC_n1000_R1000_s2,GA,3,407935.0,6.329227924001316,19700,True,81,0.00039600000000000014
UC_n1000_R1000_s2,GA,4,407945.0,6.098346934999427,19700,True,82,0.00011880000000000004
UC_n1000_R1000_s2,GA,5,407955.0,6.915218169000582,19700,True,97,0.0008656000000000003
UC_n1000_R1000_s2,GA,6,407940.0,7.918971784001769,19700,True,65,0.0011340000000000002
UC_n1000_R1000_s2,GA,7,407945.0,7.822471808001865,19700,True,72,0.0003160000000000001
UC_n1000_R1000_s2,GA,8,407932.0,5.8946536099974765,19700,True,67,0.0011832000000000008
UC_n1000_R1000_s2,GA,9,407965.0,7.9683927389996825,19700,True,72,0.0005924000000000003
UC_n1000_R1000_s2,GA-FIX-UX+BF3,0,407935.0,8.993450645997655,19700,True,44,0.005106400000000002
UC_n1000_R1000_s2,GA-FIX-UX+BF3,1,407946.0,8.283235195001907,19700,True,56,0.007834800000000003
UC_n1000_R1000_s2,GA-FIX-UX+BF3,2,407965.0,9.083106152997061,19700,True,47,0.005866800000000003
UC_n1000_R1000_s2,GA-FIX-UX+BF3,3,407965.0,9.157256498001516,19700,True,47,0.0053456000000000016
UC_n1000_R1000_s2,GA-FIX-UX+BF3,4,407965.0,8.872428001999651,19700,True,50,0.005529600000000002
UC_n1000_R1000_s2,GA-FIX-UX+BF3,5,407965.0,8.727511494002101,19700,True,53,0.004174800000000001
UC_n1000_R1000_s2,GA-FIX-UX+BF3,6,407965.0,8.207553811000253,19700,True,65,0.006051200000000003
UC_n1000_R1000_s2,GA-FIX-UX+BF3,7,407954.0,8.964881608000724,19700,True,164,0.006204400000000003
UC_n1000_R1000_s2,GA-FIX-UX+BF3,8,407965.0,9.294180078999489,19700,True,58,0.007076800000000002
UC_n1000_R1000_s2,GA-FIX-UX+BF3,9,407965.0,9.46784124899932,19700,True,53,0.004553600000000002
UC_n1000_R1000_s2,GA-QL,0,407945.0,9.2026660119991,19700,True,52,0.003490800000000001
UC_n1000_R1000_s2,GA-QL,1,407965.0,9.157446895998874,19700,True,142,0.005474800000000002
UC_n1000_R1000_s2,GA-QL,2,407945.0,8.49060604099941,19700,True,63,0.0026416000000000013
UC_n1000_R1000_s2,GA-QL,3,407945.0,9.144661095000629,19700,True,62,0.0011816000000000005
UC_n1000_R1000_s2,GA-QL,4,407945.0,8.468902316999447,19700,True,80,0.00035560000000000013
UC_n1000_R1000_s2,GA-QL,5,407936.0,8.339153853001335,19700,True,71,0.0061940000000000025
UC_n1000_R1000_s2,GA-QL,6,407940.0,8.71861036900009,19700,True,64,0.004562000000000001
UC_n1000_R1000_s2,GA-QL,7,407965.0,8.946248201002163,19700,True,58,0.004969200000000003
UC_n1000_R1000_s2,GA-QL,8,407935.0,9.086959584001306,19700,True,57,0.0018356000000000004
UC_n1000_R1000_s2,GA-QL,9,407945.0,8.869636825998896,19700,True,49,0.0010248000000000004
UC_n1000_R1000_s2,GA-QL-T,0,407965.0,9.25624433700068,19700,True,52,0.005067200000000002
UC_n1000_R1000_s2,GA-QL-T,1,407955.0,9.441109293999034,19700,True,70,0.007570400000000003
UC_n1000_R1000_s2,GA-QL-T,2,407965.0,9.769064496002102,19700,True,51,0.005185600000000002
UC_n1000_R1000_s2,GA-QL-T,3,407965.0,9.478696613001375,19700,True,133,0.004719600000000002
UC_n1000_R1000_s2,GA-QL-T,4,407965.0,7.754869305001193,19700,True,139,0.0065632000000000025
UC_n1000_R1000_s2,GA-QL-T,5,407965.0,9.374519371998758,19700,True,66,0.005593200000000003
UC_n1000_R1000_s2,GA-QL-T,6,407965.0,9.02467605000129,19700,True,61,0.004758800000000002
UC_n1000_R1000_s2,GA-QL-T,7,407965.0,7.832946172999073,19700,True,53,0.005316800000000003
UC_n1000_R1000_s2,GA-QL-T,8,407965.0,7.325144039998122,19700,True,48,0.006691600000000003
UC_n1000_R1000_s2,GA-QL-T,9,407946.0,8.883895154001948,19700,True,48,0.006288800000000003
UC_n1000_R1000_s2,GA-QL-Tphi,0,407947.0,8.960696705998998,19700,True,63,0.004115600000000001
UC_n1000_R1000_s2,GA-QL-Tphi,1,407954.0,8.29044219899879,19700,True,196,0.009419200000000004
UC_n1000_R1000_s2,GA-QL-Tphi,2,407965.0,6.4647082810006395,19700,True,79,0.0037588000000000014
UC_n1000_R1000_s2,GA-QL-Tphi,3,407945.0,8.882169643999077,19700,True,71,0.005508800000000003
UC_n1000_R1000_s2,GA-QL-Tphi,4,407929.0,8.586690234002162,19700,True,81,0.0038804000000000017
UC_n1000_R1000_s2,GA-QL-Tphi,5,407965.0,8.813339215001179,19700,True,125,0.005882400000000002
UC_n1000_R1000_s2,GA-QL-Tphi,6,407965.0,5.1340432569995755,19700,True,76,0.0065004000000000025
UC_n1000_R1000_s2,GA-QL-Tphi,7,407945.0,8.683303740002884,19700,True,75,0.004651600000000002
UC_n1000_R1000_s2,GA-QL-Tphi,8,407945.0,7.364041470002121,19700,True,82,0.004700000000000003
UC_n1000_R1000_s2,GA-QL-Tphi,9,407965.0,8.310632896998868,19700,True,80,0.005746800000000003
UC_n1000_R1000_s2,GA-RAND,0,407947.0,8.92231641699982,19700,True,52,0.003841200000000002
UC_n1000_R1000_s2,GA-RAND,1,407945.0,9.12860227299825,19700,True,84,0.0021792000000000005
UC_n1000_R1000_s2,GA-RAND,2,407965.0,8.223442087000876,19700,True,81,0.00043560000000000023
UC_n1000_R1000_s2,GA-RAND,3,407946.0,9.808795976998226,19700,True,69,0.0011728000000000005
UC_n1000_R1000_s2,GA-RAND,4,407946.0,10.887268148999283,19700,True,57,0.0017548000000000008
UC_n1000_R1000_s2,GA-RAND,5,407965.0,10.233680575001927,19700,True,65,0.0013320000000000005
UC_n1000_R1000_s2,GA-RAND,6,407945.0,11.412665498999559,19700,True,61,0.0016764000000000006
UC_n1000_R1000_s2,GA-RAND,7,407965.0,11.617287888999272,19700,True,52,0.005392400000000003
UC_n1000_R1000_s2,GA-RAND,8,407965.0,11.64306581100027,19700,True,64,0.0044524000000000005
UC_n1000_R1000_s2,GA-RAND,9,407965.0,9.67144295199978,19700,True,67,0.0005148000000000003
UC_n1000_R1000_s2,GA-UCB,0,407947.0,12.327141159999883,19700,True,50,0.0005132000000000002
UC_n1000_R1000_s2,GA-UCB,1,407965.0,12.21246803000031,19700,True,94,0.0001584000000000001
UC_n1000_R1000_s2,GA-UCB,2,407965.0,10.14114942499873,19700,True,154,0.0005544000000000002
UC_n1000_R1000_s2,GA-UCB,3,407941.0,11.673939643998892,19700,True,116,0.0013324
UC_n1000_R1000_s2,GA-UCB,4,407965.0,11.423458012999617,19700,True,58,0.0025624000000000007
UC_n1000_R1000_s2,GA-UCB,5,407936.0,10.700013231002231,19700,True,75,0.003922400000000001
UC_n1000_R1000_s2,GA-UCB,6,407965.0,11.370220340999367,19700,True,56,0.0007492000000000002
UC_n1000_R1000_s2,GA-UCB,7,407965.0,8.99559783800214,19700,True,183,0.003924800000000001
UC_n1000_R1000_s2,GA-UCB,8,407965.0,8.946364342999004,19700,True,61,0.0044604000000000015
UC_n1000_R1000_s2,GA-UCB,9,407965.0,8.673494423997909,19700,True,58,0.005506000000000002
UC_n200_R1000_s0,GA,0,80814.0,1.0765002440020908,19700,True,15,0.003520000000000001
UC_n200_R1000_s0,GA,1,80814.0,1.7746905839994724,19700,True,15,0.002166000000000001
UC_n200_R1000_s0,GA,2,80814.0,1.8353205290004553,19700,True,16,0.007720000000000002
UC_n200_R1000_s0,GA,3,80814.0,1.9015702710021287,19700,True,15,0.0029460000000000016
UC_n200_R1000_s0,GA,4,80814.0,1.833303908999369,19700,True,15,0.004288000000000002
UC_n200_R1000_s0,GA,5,80814.0,1.7596853340000962,19700,True,16,0.005282000000000002
UC_n200_R1000_s0,GA,6,80814.0,1.8097288950011716,19700,True,16,0.003948000000000001
UC_n200_R1000_s0,GA,7,80814.0,1.384751787998539,19700,True,14,0.0048860000000000015
UC_n200_R1000_s0,GA,8,80814.0,1.7764331879989186,19700,True,14,0.0031400000000000004
UC_n200_R1000_s0,GA,9,80814.0,1.2249085750008817,19700,True,15,0.0023680000000000007
UC_n200_R1000_s0,GA-FIX-UX+BF3,0,80814.0,2.2843421719990147,19700,True,12,0.031708000000000014
UC_n200_R1000_s0,GA-FIX-UX+BF3,1,80814.0,2.21511988599741,19700,True,13,0.027188000000000007
UC_n200_R1000_s0,GA-FIX-UX+BF3,2,80814.0,2.1957271739993303,19700,True,12,0.03392000000000001
UC_n200_R1000_s0,GA-FIX-UX+BF3,3,80814.0,1.4825280080003722,19700,True,14,0.027948000000000008
UC_n200_R1000_s0,GA-FIX-UX+BF3,4,80814.0,2.2753996739993454,19700,True,14,0.02675400000000001
UC_n200_R1000_s0,GA-FIX-UX+BF3,5,80814.0,2.3010565149998,19700,True,14,0.027318000000000005
UC_n200_R1000_s0,GA-FIX-UX+BF3,6,80814.0,2.178669273002015,19700,True,15,0.02518200000000001
UC_n200_R1000_s0,GA-FIX-UX+BF3,7,80814.0,1.400811696999881,19700,True,14,0.03180600000000001
UC_n200_R1000_s0,GA-FIX-UX+BF3,8,80814.0,2.4834903410010156,19700,True,12,0.02337200000000001
UC_n200_R1000_s0,GA-FIX-UX+BF3,9,80814.0,2.503199457998562,19700,True,16,0.03204000000000001
UC_n200_R1000_s0,GA-QL,0,80814.0,2.108810462999827,19700,True,14,0.012388000000000003
UC_n200_R1000_s0,GA-QL,1,80814.0,2.0137113310011046,19700,True,16,0.006794000000000002
UC_n200_R1000_s0,GA-QL,2,80814.0,1.3198880519994418,19700,True,15,0.032328000000000016
UC_n200_R1000_s0,GA-QL,3,80814.0,2.187178682001104,19700,True,20,0.005840000000000003
UC_n200_R1000_s0,GA-QL,4,80814.0,2.1520704609974928,19700,True,15,0.02672400000000001
UC_n200_R1000_s0,GA-QL,5,80814.0,2.104124977999163,19700,True,15,0.021266000000000007
UC_n200_R1000_s0,GA-QL,6,80814.0,1.8252202740004577,19700,True,16,0.02600600000000001
UC_n200_R1000_s0,GA-QL,7,80814.0,2.006176912000228,19700,True,13,0.03024000000000001
UC_n200_R1000_s0,GA-QL,8,80814.0,2.1725356969982386,19700,True,14,0.009960000000000004
UC_n200_R1000_s0,GA-QL,9,80814.0,2.056697117997828,19700,True,19,0.02778600000000001
UC_n200_R1000_s0,GA-QL-T,0,80814.0,1.7517102060010075,19700,True,12,0.014018000000000006
UC_n200_R1000_s0,GA-QL-T,1,80814.0,2.209716388999368,19700,True,13,0.028742000000000014
UC_n200_R1000_s0,GA-QL-T,2,80814.0,2.095379051999771,19700,True,11,0.0029460000000000007
UC_n200_R1000_s0,GA-QL-T,3,80814.0,2.1742885499988915,19700,True,15,0.021128000000000008
UC_n200_R1000_s0,GA-QL-T,4,80814.0,2.0854168760015455,19700,True,14,0.02727600000000001
UC_n200_R1000_s0,GA-QL-T,5,80814.0,2.1358656720003637,19700,True,12,0.008266000000000003
UC_n200_R1000_s0,GA-QL-T,6,80814.0,1.657391488999565,19700,True,14,0.010228000000000004
UC_n200_R1000_s0,GA-QL-T,7,80814.0,2.0261295800009975,19700,True,13,0.03152400000000002
UC_n200_R1000_s0,GA-QL-T,8,80814.0,2.1541972669983807,19700,True,14,0.004866000000000002
UC_n200_R1000_s0,GA-QL-T,9,80814.0,2.1503104039984464,19700,True,13,0.010742000000000005
UC_n200_R1000_s0,GA-QL-Tphi,0,80814.0,2.2193395899994357,19700,True,17,0.003920000000000002
UC_n200_R1000_s0,GA-QL-Tphi,1,80814.0,2.325643570999091,19700,True,12,0.02443600000000001
UC_n200_R1000_s0,GA-QL-Tphi,2,80814.0,2.2435821690014564,19700,True,14,0.019066000000000007
UC_n200_R1000_s0,GA-QL-Tphi,3,80814.0,1.9359061750001274,19700,True,17,0.02100600000000001
UC_n200_R1000_s0,GA-QL-Tphi,4,80814.0,1.9001005339996482,19700,True,22,0.012488000000000004
UC_n200_R1000_s0,GA-QL-Tphi,5,80814.0,2.015685764999944,19700,True,18,0.02678400000000001
UC_n200_R1000_s0,GA-QL-Tphi,6,80814.0,1.9351252390006266,19700,True,16,0.026692000000000007
UC_n200_R1000_s0,GA-QL-Tphi,7,80814.0,2.0677309569982754,19700,True,14,0.02797600000000001
UC_n200_R1000_s0,GA-QL-Tphi,8,80814.0,2.1026221069987514,19700,True,16,0.01960000000000001
UC_n200_R1000_s0,GA-QL-Tphi,9,80814.0,1.926788831999147,19700,True,16,0.03008000000000001
UC_n200_R1000_s0,GA-RAND,0,80814.0,2.029275207001774,19700,True,15,0.024174000000000008
UC_n200_R1000_s0,GA-RAND,1,80814.0,2.141294860000926,19700,True,14,0.02449200000000001
UC_n200_R1000_s0,GA-RAND,2,80814.0,2.22127976900083,19700,True,17,0.02512200000000001
UC_n200_R1000_s0,GA-RAND,3,80814.0,1.9970262850001745,19700,True,13,0.029984000000000014
UC_n200_R1000_s0,GA-RAND,4,80814.0,1.514663758000097,19700,True,18,0.017702000000000006
UC_n200_R1000_s0,GA-RAND,5,80814.0,1.8331228209972323,19700,True,14,0.019976000000000008
UC_n200_R1000_s0,GA-RAND,6,80814.0,1.9466992449997633,19700,True,14,0.017164000000000006
UC_n200_R1000_s0,GA-RAND,7,80814.0,2.1339369349989283,19700,True,14,0.005282000000000001
UC_n200_R1000_s0,GA-RAND,8,80814.0,1.8737898229992425,19700,True,14,0.009200000000000003
UC_n200_R1000_s0,GA-RAND,9,80814.0,1.5432413290000113,19700,True,13,0.02718200000000001
UC_n200_R1000_s0,GA-UCB,0,80814.0,1.8132089400023688,19700,True,13,0.026866000000000008
UC_n200_R1000_s0,GA-UCB,1,80814.0,2.18486479999774,19700,True,14,0.036004000000000015
UC_n200_R1000_s0,GA-UCB,2,80814.0,2.2228531100008695,19700,True,12,0.02705600000000001
UC_n200_R1000_s0,GA-UCB,3,80814.0,1.7436537369976577,19700,True,16,0.005274000000000002
UC_n200_R1000_s0,GA-UCB,4,80814.0,2.0600342549987545,19700,True,17,0.017966000000000006
UC_n200_R1000_s0,GA-UCB,5,80814.0,2.0574093610011914,19700,True,15,0.030606000000000008
UC_n200_R1000_s0,GA-UCB,6,80814.0,1.842045944002166,19700,True,13,0.004882000000000002
UC_n200_R1000_s0,GA-UCB,7,80814.0,2.028984546002903,19700,True,15,0.02302600000000001
UC_n200_R1000_s0,GA-UCB,8,80814.0,1.7770098979999602,19700,True,14,0.021984000000000004
UC_n200_R1000_s0,GA-UCB,9,80814.0,2.115166544997919,19700,True,17,0.006212000000000002
UC_n200_R1000_s1,GA,0,82657.0,1.6442530200001784,19700,True,12,0.005504000000000002
UC_n200_R1000_s1,GA,1,82670.0,1.5754907410009764,19700,True,18,0.002174000000000001
UC_n200_R1000_s1,GA,2,82676.0,1.1843581989996892,19700,True,19,0.0029580000000000006
UC_n200_R1000_s1,GA,3,82676.0,1.2780551989999367,19700,True,17,0.0023680000000000007
UC_n200_R1000_s1,GA,4,82659.0,1.4916741890010599,19700,True,17,0.004352000000000002
UC_n200_R1000_s1,GA,5,82676.0,0.9855431290015986,19700,True,19,0.004146000000000002
UC_n200_R1000_s1,GA,6,82676.0,1.5245090040007199,19700,True,18,0.005674000000000002
UC_n200_R1000_s1,GA,7,82676.0,1.5137463729988667,19700,True,19,0.0035480000000000012
UC_n200_R1000_s1,GA,8,82676.0,1.535719359999348,19700,True,21,0.002570000000000001
UC_n200_R1000_s1,GA,9,82676.0,1.5129995600000257,19700,True,19,0.0027640000000000013
UC_n200_R1000_s1,GA-FIX-UX+BF3,0,82676.0,1.8783639079993009,19700,True,15,0.027134000000000012
UC_n200_R1000_s1,GA-FIX-UX+BF3,1,82676.0,1.8790839349967428,19700,True,18,0.02347400000000001
UC_n200_R1000_s1,GA-FIX-UX+BF3,2,82676.0,1.9549090679975052,19700,True,17,0.02826200000000001
UC_n200_R1000_s1,GA-FIX-UX+BF3,3,82676.0,1.1424710410028638,19700,True,15,0.02502200000000001
UC_n200_R1000_s1,GA-FIX-UX+BF3,4,82676.0,1.9038589169977058,19700,True,15,0.027520000000000017
UC_n200_R1000_s1,GA-FIX-UX+BF3,5,82676.0,1.873274368001148,19700,True,16,0.024088000000000012
UC_n200_R1000_s1,GA-FIX-UX+BF3,6,82676.0,1.8836198690005403,19700,True,16,0.02430200000000001
UC_n200_R1000_s1,GA-FIX-UX+BF3,7,82676.0,1.8882163089983806,19700,True,17,0.030336000000000016
UC_n200_R1000_s1,GA-FIX-UX+BF3,8,82671.0,1.230314879998332,19700,True,55,0.04611600000000001
UC_n200_R1000_s1,GA-FIX-UX+BF3,9,82671.0,1.5965333439999085,19700,True,118,0.03463200000000002
UC_n200_R1000_s1,GA-QL,0,82676.0,2.0049817960025393,19700,True,38,0.016408000000000006
UC_n200_R1000_s1,GA-QL,1,82676.0,1.715692310997838,19700,True,20,0.014218000000000007
UC_n200_R1000_s1,GA-QL,2,82676.0,1.35395101499671,19700,True,17,0.02181400000000001
UC_n200_R1000_s1,GA-QL,3,82676.0,1.7087314589989546,19700,True,20,0.005124000000000002
UC_n200_R1000_s1,GA-QL,4,82676.0,1.7558363950010971,19700,True,16,0.02423400000000001
UC_n200_R1000_s1,GA-QL,5,82676.0,1.185128179997264,19700,True,16,0.017648000000000007
UC_n200_R1000_s1,GA-QL,6,82676.0,1.7633280959998956,19700,True,17,0.016882000000000005
UC_n200_R1000_s1,GA-QL,7,82676.0,1.804676373998518,19700,True,17,0.014692000000000005
UC_n200_R1000_s1,GA-QL,8,82676.0,1.1235778070004017,19700,True,16,0.013426000000000004
UC_n200_R1000_s1,GA-QL,9,82671.0,1.7834273450025648,19700,True,156,0.006112000000000002
UC_n200_R1000_s1,GA-QL-T,0,82676.0,1.625612504001765,19700,True,18,0.003944000000000002
UC_n200_R1000_s1,GA-QL-T,1,82676.0,1.8223298220000288,19700,True,19,0.0043240000000000015
UC_n200_R1000_s1,GA-QL-T,2,82676.0,1.4520310209991294,19700,True,13,0.002962000000000001
UC_n200_R1000_s1,GA-QL-T,3,82676.0,1.763879217000067,19700,True,15,0.004534000000000002
UC_n200_R1000_s1,GA-QL-T,4,82676.0,1.1402874870000232,19700,True,14,0.004336000000000001
UC_n200_R1000_s1,GA-QL-T,5,82676.0,1.7973921750017325,19700,True,16,0.0035440000000000016
UC_n200_R1000_s1,GA-QL-T,6,82676.0,1.7562194499987527,19700,True,12,0.002574000000000001
UC_n200_R1000_s1,GA-QL-T,7,82676.0,1.7564448330012965,19700,True,16,0.005856000000000003
UC_n200_R1000_s1,GA-QL-T,8,82676.0,1.5483866799986572,19700,True,15,0.02377800000000001
UC_n200_R1000_s1,GA-QL-T,9,82676.0,1.0095735930008232,19700,True,16,0.0017820000000000008
UC_n200_R1000_s1,GA-QL-Tphi,0,82676.0,1.7440722430001188,19700,True,16,0.027542000000000014
UC_n200_R1000_s1,GA-QL-Tphi,1,82670.0,1.7510689619994082,19700,True,17,0.007266000000000003
UC_n200_R1000_s1,GA-QL-Tphi,2,82676.0,1.7516151320014615,19700,True,21,0.02487000000000001
UC_n200_R1000_s1,GA-QL-Tphi,3,82676.0,1.7138011800016102,19700,True,22,0.02168800000000001
UC_n200_R1000_s1,GA-QL-Tphi,4,82676.0,1.672556061999785,19700,True,16,0.006850000000000003
UC_n200_R1000_s1,GA-QL-Tphi,5,82670.0,1.087484444000438,19700,True,18,0.01831200000000001
UC_n200_R1000_s1,GA-QL-Tphi,6,82676.0,1.718193415999849,19700,True,20,0.018936000000000012
UC_n200_R1000_s1,GA-QL-Tphi,7,82676.0,1.5188982929976191,19700,True,16,0.02187400000000001
UC_n200_R1000_s1,GA-QL-Tphi,8,82676.0,1.2841073269992194,19700,True,18,0.023264000000000014
UC_n200_R1000_s1,GA-QL-Tphi,9,82676.0,1.7634201599976222,19700,True,18,0.014310000000000007
UC_n200_R1000_s1,GA-RAND,0,82676.0,0.9639612290011428,19700,True,17,0.011530000000000006
UC_n200_R1000_s1,GA-RAND,1,82676.0,1.716242640002747,19700,True,17,0.017404000000000006
UC_n200_R1000_s1,GA-RAND,2,82676.0,1.730426914000418,19700,True,14,0.013444000000000005
UC_n200_R1000_s1,GA-RAND,3,82676.0,1.920599870998558,19700,True,18,0.02397600000000001
UC_n200_R1000_s1,GA-RAND,4,82676.0,0.9692917360007414,19700,True,15,0.009404000000000003
UC_n200_R1000_s1,GA-RAND,5,82670.0,1.516060195001046,19700,True,179,0.015374000000000006
UC_n200_R1000_s1,GA-RAND,6,82676.0,1.7964533899976232,19700,True,16,0.014904000000000006
UC_n200_R1000_s1,GA-RAND,7,82676.0,2.0487891150005453,19700,True,19,0.002372000000000001
UC_n200_R1000_s1,GA-RAND,8,82676.0,1.781195684998238,19700,True,16,0.008058000000000003
UC_n200_R1000_s1,GA-RAND,9,82676.0,1.982645265001338,19700,True,17,0.02438800000000001
UC_n200_R1000_s1,GA-UCB,0,82676.0,1.6985260699984792,19700,True,17,0.015934000000000007
UC_n200_R1000_s1,GA-UCB,1,82676.0,1.803512332997343,19700,True,19,0.02622800000000001
UC_n200_R1000_s1,GA-UCB,2,82676.0,1.9634819550010434,19700,True,17,0.015156000000000005
UC_n200_R1000_s1,GA-UCB,3,82676.0,1.4169581300011487,19700,True,19,0.026926000000000016
UC_n200_R1000_s1,GA-UCB,4,82676.0,2.39943896800105,19700,True,30,0.016880000000000006
UC_n200_R1000_s1,GA-UCB,5,82676.0,2.3698996969978907,19700,True,62,0.016644000000000006
UC_n200_R1000_s1,GA-UCB,6,82676.0,1.832592836002732,19700,True,15,0.028794000000000014
UC_n200_R1000_s1,GA-UCB,7,82676.0,2.15525321899986,19700,True,19,0.025160000000000012
UC_n200_R1000_s1,GA-UCB,8,82676.0,1.8387798680014384,19700,True,16,0.021460000000000007
UC_n200_R1000_s1,GA-UCB,9,82676.0,1.9072993540030438,19700,True,16,0.005342000000000003
UC_n200_R1000_s2,GA,0,83748.0,1.4484367849981936,19700,True,32,0.01564
UC_n200_R1000_s2,GA,1,83748.0,1.4718152519999421,19700,True,29,0.009704
UC_n200_R1000_s2,GA,2,83748.0,1.8206884769970202,19700,True,127,0.009408000000000001
UC_n200_R1000_s2,GA,3,83738.0,1.7427927419994376,19700,True,14,0.004704000000000002
UC_n200_R1000_s2,GA,4,83740.0,1.7710129650004092,19700,True,20,0.0029500000000000017
UC_n200_R1000_s2,GA,5,83748.0,1.6218760669980838,19700,True,109,0.019184000000000007
UC_n200_R1000_s2,GA,6,83738.0,0.8944390070028021,19700,True,17,0.0
UC_n200_R1000_s2,GA,7,83740.0,1.6477144379969104,19700,True,14,0.005508000000000002
UC_n200_R1000_s2,GA,8,83748.0,1.5283077379972383,19700,True,58,0.014176000000000005
UC_n200_R1000_s2,GA,9,83740.0,1.743491499000811,19700,True,14,0.001980000000000001
UC_n200_R1000_s2,GA-FIX-UX+BF3,0,83740.0,2.1492520829997375,19700,True,17,0.027318000000000012
UC_n200_R1000_s2,GA-FIX-UX+BF3,1,83740.0,2.11681049300023,19700,True,17,0.037982000000000016
UC_n200_R1000_s2,GA-FIX-UX+BF3,2,83748.0,2.0487462589990173,19700,True,71,0.05643600000000002
UC_n200_R1000_s2,GA-FIX-UX+BF3,3,83748.0,1.3642764940013876,19700,True,103,0.043726000000000015
UC_n200_R1000_s2,GA-FIX-UX+BF3,4,83740.0,2.0997236519979197,19700,True,28,0.02833600000000001
UC_n200_R1000_s2,GA-FIX-UX+BF3,5,83740.0,2.100007311000809,19700,True,127,0.03466800000000001
UC_n200_R1000_s2,GA-FIX-UX+BF3,6,83748.0,1.9248018299986143,19700,True,84,0.04325600000000002
UC_n200_R1000_s2,GA-FIX-UX+BF3,7,83740.0,1.169350341999234,19700,True,16,0.02575400000000001
UC_n200_R1000_s2,GA-FIX-UX+BF3,8,83740.0,2.153600727000594,19700,True,12,0.026850000000000013
UC_n200_R1000_s2,GA-FIX-UX+BF3,9,83740.0,2.091875373997027,19700,True,14,0.024594000000000015
UC_n200_R1000_s2,GA-QL,0,83748.0,1.8643907789992227,19700,True,19,0.03621400000000001
UC_n200_R1000_s2,GA-QL,1,83748.0,1.8667075999983354,19700,True,25,0.02511400000000001
UC_n200_R1000_s2,GA-QL,2,83740.0,1.7520755749974342,19700,True,15,0.028328000000000016
UC_n200_R1000_s2,GA-QL,3,83748.0,1.8280225109992898,19700,True,19,0.036344000000000015
UC_n200_R1000_s2,GA-QL,4,83740.0,1.7561042340021231,19700,True,23,0.006660000000000002
UC_n200_R1000_s2,GA-QL,5,83748.0,2.019516870001098,19700,True,17,0.014916000000000006
UC_n200_R1000_s2,GA-QL,6,83748.0,1.9964197689987486,19700,True,43,0.018684000000000006
UC_n200_R1000_s2,GA-QL,7,83748.0,1.9024889030006307,19700,True,63,0.044144
UC_n200_R1000_s2,GA-QL,8,83738.0,1.976204582999344,19700,True,15,0.01951200000000001
UC_n200_R1000_s2,GA-QL,9,83740.0,1.2738666029981687,19700,True,15,0.017382000000000005
UC_n200_R1000_s2,GA-QL-T,0,83748.0,2.0039990859986574,19700,True,15,0.02862400000000001
UC_n200_R1000_s2,GA-QL-T,1,83748.0,2.018028651997156,19700,True,56,0.02709400000000001
UC_n200_R1000_s2,GA-QL-T,2,83748.0,1.5127762720003375,19700,True,18,0.021566000000000005
UC_n200_R1000_s2,GA-QL-T,3,83740.0,2.0597991489994456,19700,True,15,0.002372000000000001
UC_n200_R1000_s2,GA-QL-T,4,83740.0,2.0529314930026885,19700,True,16,0.019234000000000008
UC_n200_R1000_s2,GA-QL-T,5,83740.0,1.9745776840027247,19700,True,17,0.02707600000000001
UC_n200_R1000_s2,GA-QL-T,6,83740.0,2.0890917040014756,19700,True,15,0.030294000000000012
UC_n200_R1000_s2,GA-QL-T,7,83748.0,1.5169988190027652,19700,True,15,0.017398000000000004
UC_n200_R1000_s2,GA-QL-T,8,83748.0,1.9774347740021767,19700,True,13,0.026896000000000003
UC_n200_R1000_s2,GA-QL-T,9,83740.0,2.0602328200002376,19700,True,18,0.026270000000000012
UC_n200_R1000_s2,GA-QL-Tphi,0,83740.0,1.9797944340025424,19700,True,19,0.021052000000000005
UC_n200_R1000_s2,GA-QL-Tphi,1,83748.0,1.9920087290010997,19700,True,130,0.051212000000000014
UC_n200_R1000_s2,GA-QL-Tphi,2,83738.0,1.7442943610003567,19700,True,19,0.004336000000000002
UC_n200_R1000_s2,GA-QL-Tphi,3,83740.0,2.042469839001569,19700,True,19,0.018556000000000007
UC_n200_R1000_s2,GA-QL-Tphi,4,83748.0,2.092969143999653,19700,True,22,0.030366000000000008
UC_n200_R1000_s2,GA-QL-Tphi,5,83748.0,2.1526939520008455,19700,True,28,0.04735800000000001
UC_n200_R1000_s2,GA-QL-Tphi,6,83748.0,2.062842097999237,19700,True,113,0.045434000000000016
UC_n200_R1000_s2,GA-QL-Tphi,7,83748.0,1.8826314459984133,19700,True,159,0.03487000000000001
UC_n200_R1000_s2,GA-QL-Tphi,8,83740.0,2.1969143620008253,19700,True,21,0.021170000000000008
UC_n200_R1000_s2,GA-QL-Tphi,9,83738.0,2.2503694059996633,19700,True,21,0.027204000000000016
UC_n200_R1000_s2,GA-RAND,0,83740.0,1.8397611979999056,19700,True,13,0.012542000000000005
UC_n200_R1000_s2,GA-RAND,1,83740.0,1.9545286770007806,19700,True,138,0.024524000000000008
UC_n200_R1000_s2,GA-RAND,2,83740.0,1.8754892619981547,19700,True,13,0.010346000000000004
UC_n200_R1000_s2,GA-RAND,3,83748.0,1.9981691800021508,19700,True,48,0.043968000000000014
UC_n200_R1000_s2,GA-RAND,4,83738.0,1.8565921150002396,19700,True,18,0.014622000000000007
UC_n200_R1000_s2,GA-RAND,5,83740.0,1.8454355249996297,19700,True,19,0.012836000000000005
UC_n200_R1000_s2,GA-RAND,6,83748.0,1.670495488000597,19700,True,19,0.03393400000000001
UC_n200_R1000_s2,GA-RAND,7,83740.0,1.867559155998606,19700,True,14,0.002170000000000001
UC_n200_R1000_s2,GA-RAND,8,83740.0,1.36836946800031,19700,True,91,0.003734000000000001
UC_n200_R1000_s2,GA-RAND,9,83748.0,2.003592764998757,19700,True,171,0.04607200000000002
UC_n200_R1000_s2,GA-UCB,0,83740.0,2.029863679999835,19700,True,112,0.015520000000000004
UC_n200_R1000_s2,GA-UCB,1,83738.0,1.97158194900112,19700,True,16,0.02663200000000001
UC_n200_R1000_s2,GA-UCB,2,83748.0,1.8084684040004504,19700,True,19,0.028518000000000012
UC_n200_R1000_s2,GA-UCB,3,83748.0,1.9045913320005639,19700,True,23,0.04171600000000002
UC_n200_R1000_s2,GA-UCB,4,83748.0,1.8056134079997719,19700,True,90,0.035566000000000014
UC_n200_R1000_s2,GA-UCB,5,83740.0,1.2084891859994968,19700,True,23,0.012936000000000005
UC_n200_R1000_s2,GA-UCB,6,83740.0,2.011443645002146,19700,True,40,0.0033500000000000014
UC_n200_R1000_s2,GA-UCB,7,83748.0,2.1183779610000784,19700,True,32,0.018966000000000004
UC_n200_R1000_s2,GA-UCB,8,83748.0,2.0982567600003676,19700,True,94,0.017026000000000006
UC_n200_R1000_s2,GA-UCB,9,83748.0,1.5502133189984306,19700,True,86,0.021984000000000004
UC_n500_R1000_s0,GA,0,203539.0,3.0037313350003387,19700,True,32,0.0018944000000000007
UC_n500_R1000_s0,GA,1,203575.0,3.8149319580006704,19700,True,33,0.0018072000000000008
UC_n500_R1000_s0,GA,2,203575.0,3.8346206520000123,19700,True,36,0.0012640000000000006
UC_n500_R1000_s0,GA,3,203583.0,3.4697856249986216,19700,True,39,0.0013416000000000005
UC_n500_R1000_s0,GA,4,203583.0,3.6354197000000568,19700,True,81,0.0007112000000000003
UC_n500_R1000_s0,GA,5,203572.0,3.367207805000362,19700,True,36,0.0015824000000000007
UC_n500_R1000_s0,GA,6,203595.0,3.6984365509997588,19700,True,31,0.0011088000000000007
UC_n500_R1000_s0,GA,7,203563.0,3.6410327599987795,19700,True,40,0.0014968000000000008
UC_n500_R1000_s0,GA,8,203595.0,4.125647707001917,19700,True,65,0.0014224000000000005
UC_n500_R1000_s0,GA,9,203583.0,3.9696018819995516,19700,True,34,0.0011008000000000007
UC_n500_R1000_s0,GA-FIX-UX+BF3,0,203576.0,4.089252026002214,19700,True,173,0.013269600000000008
UC_n500_R1000_s0,GA-FIX-UX+BF3,1,203583.0,2.7125843500034534,19700,True,30,0.012594400000000006
UC_n500_R1000_s0,GA-FIX-UX+BF3,2,203584.0,3.0119853100004548,19700,True,40,0.012544800000000005
UC_n500_R1000_s0,GA-FIX-UX+BF3,3,203595.0,3.8061280750007427,19700,True,192,0.016220800000000004
UC_n500_R1000_s0,GA-FIX-UX+BF3,4,203595.0,3.98967763499968,19700,True,75,0.011865600000000004
UC_n500_R1000_s0,GA-FIX-UX+BF3,5,203595.0,3.8609980030014412,19700,True,48,0.012972000000000006
UC_n500_R1000_s0,GA-FIX-UX+BF3,6,203595.0,3.538212660001591,19700,True,143,0.011224000000000005
UC_n500_R1000_s0,GA-FIX-UX+BF3,7,203595.0,3.1849461649981095,19700,True,36,0.009499200000000006
UC_n500_R1000_s0,GA-FIX-UX+BF3,8,203583.0,4.1603818830008095,19700,True,30,0.011653600000000004
UC_n500_R1000_s0,GA-FIX-UX+BF3,9,203583.0,3.4628285329999926,19700,True,31,0.009041600000000004
UC_n500_R1000_s0,GA-QL,0,203583.0,3.960509851000097,19700,True,35,0.0025816000000000007
UC_n500_R1000_s0,GA-QL,1,203595.0,3.505004825998185,19700,True,31,0.002672000000000001
UC_n500_R1000_s0,GA-QL,2,203566.0,3.813263411000662,19700,True,172,0.008878400000000003
UC_n500_R1000_s0,GA-QL,3,203583.0,3.938398189999134,19700,True,30,0.005386400000000003
UC_n500_R1000_s0,GA-QL,4,203570.0,3.539368211000692,19700,True,42,0.005076000000000002
UC_n500_R1000_s0,GA-QL,5,203572.0,3.473558449997654,19700,True,31,0.0041448000000000014
UC_n500_R1000_s0,GA-QL,6,203583.0,2.9571604799966735,19700,True,73,0.0036000000000000016
UC_n500_R1000_s0,GA-QL,7,203566.0,3.8610373529991193,19700,True,32,0.005598400000000002
UC_n500_R1000_s0,GA-QL,8,203581.0,3.6920046979976178,19700,True,38,0.002901600000000001
UC_n500_R1000_s0,GA-QL,9,203581.0,3.7796153650015185,19700,True,35,0.010024800000000006
UC_n500_R1000_s0,GA-QL-T,0,203595.0,3.475853880001523,19700,True,28,0.007420000000000003
UC_n500_R1000_s0,GA-QL-T,1,203595.0,3.7308730369986733,19700,True,28,0.008475200000000004
UC_n500_R1000_s0,GA-QL-T,2,203595.0,4.187246642999526,19700,True,173,0.002974400000000001
UC_n500_R1000_s0,GA-QL-T,3,203572.0,3.333956708000187,19700,True,28,0.004780800000000002
UC_n500_R1000_s0,GA-QL-T,4,203595.0,2.919609884000238,19700,True,28,0.009506400000000005
UC_n500_R1000_s0,GA-QL-T,5,203595.0,3.836634823001077,19700,True,183,0.011260800000000005
UC_n500_R1000_s0,GA-QL-T,6,203583.0,3.5124366659983934,19700,True,29,0.008723200000000004
UC_n500_R1000_s0,GA-QL-T,7,203563.0,3.4721446549992834,19700,True,34,0.011212800000000005
UC_n500_R1000_s0,GA-QL-T,8,203583.0,4.089168010999856,19700,True,27,0.004990400000000002
UC_n500_R1000_s0,GA-QL-T,9,203595.0,3.5806707909978286,19700,True,145,0.010882400000000004
UC_n500_R1000_s0,GA-QL-Tphi,0,203559.0,3.869198423999478,19700,True,35,0.007636800000000003
UC_n500_R1000_s0,GA-QL-Tphi,1,203583.0,2.7564063419995364,19700,True,47,0.012147200000000007
UC_n500_R1000_s0,GA-QL-Tphi,2,203572.0,3.5816448999976274,19700,True,41,0.006360000000000003
UC_n500_R1000_s0,GA-QL-Tphi,3,203595.0,3.699675864998426,19700,True,55,0.006834400000000003
UC_n500_R1000_s0,GA-QL-Tphi,4,203583.0,3.438771714001632,19700,True,48,0.003524000000000001
UC_n500_R1000_s0,GA-QL-Tphi,5,203581.0,3.0695383769998443,19700,True,38,0.009647200000000005
UC_n500_R1000_s0,GA-QL-Tphi,6,203570.0,3.644257039999502,19700,True,49,0.011492800000000004
UC_n500_R1000_s0,GA-QL-Tphi,7,203595.0,2.859419998003432,19700,True,32,0.003807200000000001
UC_n500_R1000_s0,GA-QL-Tphi,8,203564.0,3.6667206890015223,19700,True,50,0.010384800000000003
UC_n500_R1000_s0,GA-QL-Tphi,9,203595.0,2.9182405569990806,19700,True,41,0.007716800000000003
UC_n500_R1000_s0,GA-RAND,0,203595.0,4.727241488999425,19700,True,44,0.0024928000000000007
UC_n500_R1000_s0,GA-RAND,1,203581.0,4.5217341690004105,19700,True,33,0.002368000000000001
UC_n500_R1000_s0,GA-RAND,2,203572.0,4.4318018480007595,19700,True,27,0.005828800000000001
UC_n500_R1000_s0,GA-RAND,3,203583.0,4.353010022998205,19700,True,39,0.008451200000000004
UC_n500_R1000_s0,GA-RAND,4,203583.0,4.278705275999528,19700,True,34,0.005060000000000002
UC_n500_R1000_s0,GA-RAND,5,203595.0,4.110114465998777,19700,True,27,0.004368000000000002
UC_n500_R1000_s0,GA-RAND,6,203595.0,4.286807075000979,19700,True,41,0.004699200000000002
UC_n500_R1000_s0,GA-RAND,7,203595.0,4.230891758001235,19700,True,76,0.0025056000000000006
UC_n500_R1000_s0,GA-RAND,8,203581.0,4.305920454000443,19700,True,76,0.005564000000000002
UC_n500_R1000_s0,GA-RAND,9,203583.0,4.277287125998555,19700,True,33,0.0051344000000000025
UC_n500_R1000_s0,GA-UCB,0,203595.0,3.611409855999227,19700,True,30,0.011488000000000003
UC_n500_R1000_s0,GA-UCB,1,203572.0,3.638487944001099,19700,True,29,0.0013400000000000005
UC_n500_R1000_s0,GA-UCB,2,203595.0,4.04162383899893,19700,True,35,0.009604000000000005
UC_n500_R1000_s0,GA-UCB,3,203572.0,4.133927622002375,19700,True,64,0.0018736000000000007
UC_n500_R1000_s0,GA-UCB,4,203595.0,4.078229268998257,19700,True,185,0.008024000000000005
UC_n500_R1000_s0,GA-UCB,5,203595.0,3.9931378699984634,19700,True,46,0.007755200000000004
UC_n500_R1000_s0,GA-UCB,6,203595.0,3.9205331560006016,19700,True,42,0.0020416000000000006
UC_n500_R1000_s0,GA-UCB,7,203595.0,4.0059920470012,19700,True,39,0.004697600000000002
UC_n500_R1000_s0,GA-UCB,8,203595.0,3.9858532610014663,19700,True,47,0.0032768000000000016
UC_n500_R1000_s0,GA-UCB,9,203595.0,3.733689554999728,19700,True,56,0.005645600000000002
UC_n500_R1000_s1,GA,0,201618.0,3.2534945830011566,19700,True,51,0.0011056000000000004
UC_n500_R1000_s1,GA,1,201618.0,3.23632567399909,19700,True,49,0.0017216000000000004
UC_n500_R1000_s1,GA,2,201618.0,1.6018614479980897,19700,True,41,0.0016472000000000001
UC_n500_R1000_s1,GA,3,201618.0,3.11263750299986,19700,True,50,0.0014952000000000006
UC_n500_R1000_s1,GA,4,201618.0,3.1951130439992994,19700,True,40,0.0005544000000000002
UC_n500_R1000_s1,GA,5,201618.0,2.6039594169997144,19700,True,71,0.0021936000000000004
UC_n500_R1000_s1,GA,6,201618.0,2.0295610509965627,19700,True,36,0.0018848000000000007
UC_n500_R1000_s1,GA,7,201618.0,3.203259492001962,19700,True,41,0.0009504000000000003
UC_n500_R1000_s1,GA,8,201618.0,2.8118286930002796,19700,True,35,0.0014920000000000005
UC_n500_R1000_s1,GA,9,201618.0,3.006014475999109,19700,True,49,0.0008680000000000003
UC_n500_R1000_s1,GA-FIX-UX+BF3,0,201623.0,4.290648560003319,19700,True,79,0.01886880000000001
UC_n500_R1000_s1,GA-FIX-UX+BF3,1,201623.0,4.147888135998073,19700,True,73,0.014883200000000006
UC_n500_R1000_s1,GA-FIX-UX+BF3,2,201618.0,3.04514801500045,19700,True,33,0.014280800000000007
UC_n500_R1000_s1,GA-FIX-UX+BF3,3,201623.0,4.092805281001347,19700,True,188,0.012784000000000005
UC_n500_R1000_s1,GA-FIX-UX+BF3,4,201618.0,3.9958641980010725,19700,True,33,0.010977600000000006
UC_n500_R1000_s1,GA-FIX-UX+BF3,5,201623.0,2.783253138000873,19700,True,196,0.014456000000000005
UC_n500_R1000_s1,GA-FIX-UX+BF3,6,201623.0,4.09629213199878,19700,True,183,0.012541600000000007
UC_n500_R1000_s1,GA-FIX-UX+BF3,7,201623.0,3.8628707909992954,19700,True,36,0.011982400000000006
UC_n500_R1000_s1,GA-FIX-UX+BF3,8,201623.0,3.6980585580022307,19700,True,116,0.012167200000000005
UC_n500_R1000_s1,GA-FIX-UX+BF3,9,201618.0,4.223207669001567,19700,True,35,0.010903200000000005
UC_n500_R1000_s1,GA-QL,0,201623.0,3.619878064000659,19700,True,86,0.012401600000000006
UC_n500_R1000_s1,GA-QL,1,201618.0,3.8012575389984704,19700,True,38,0.007372800000000001
UC_n500_R1000_s1,GA-QL,2,201618.0,3.668978508998407,19700,True,36,0.002801600000000001
UC_n500_R1000_s1,GA-QL,3,201618.0,3.812075130001176,19700,True,35,0.011820800000000005
UC_n500_R1000_s1,GA-QL,4,201618.0,2.2087014069984434,19700,True,32,0.0052736000000000016
UC_n500_R1000_s1,GA-QL,5,201623.0,3.79942336699969,19700,True,109,0.012304000000000006
UC_n500_R1000_s1,GA-QL,6,201623.0,3.7541918640017684,19700,True,68,0.006416800000000002
UC_n500_R1000_s1,GA-QL,7,201618.0,2.6525570820012945,19700,True,28,0.0029232000000000004
UC_n500_R1000_s1,GA-QL,8,201618.0,2.9504864740010817,19700,True,41,0.007607200000000003
UC_n500_R1000_s1,GA-QL,9,201618.0,3.3406365740011097,19700,True,31,0.007313600000000003
UC_n500_R1000_s1,GA-QL-T,0,201618.0,3.8027237099995546,19700,True,31,0.009968800000000005
UC_n500_R1000_s1,GA-QL-T,1,201623.0,3.97329167800126,19700,True,188,0.006678400000000001
UC_n500_R1000_s1,GA-QL-T,2,201623.0,2.87589442999888,19700,True,54,0.008806400000000004
UC_n500_R1000_s1,GA-QL-T,3,201618.0,3.8712017979996745,19700,True,32,0.007500800000000004
UC_n500_R1000_s1,GA-QL-T,4,201623.0,3.8901315850016545,19700,True,51,0.011294400000000005
UC_n500_R1000_s1,GA-QL-T,5,201623.0,3.8269720380012586,19700,True,178,0.014278400000000005
UC_n500_R1000_s1,GA-QL-T,6,201623.0,2.7207525339981657,19700,True,42,0.011770400000000004
UC_n500_R1000_s1,GA-QL-T,7,201618.0,3.691356598999846,19700,True,25,0.009672800000000006
UC_n500_R1000_s1,GA-QL-T,8,201618.0,2.8540273959988554,19700,True,26,0.007664800000000003
UC_n500_R1000_s1,GA-QL-T,9,201623.0,2.51466738399904,19700,True,41,0.008280000000000001
UC_n500_R1000_s1,GA-QL-Tphi,0,201618.0,3.141427795002528,19700,True,45,0.014935200000000006
UC_n500_R1000_s1,GA-QL-Tphi,1,201618.0,3.311789134000719,19700,True,43,0.006600800000000002
UC_n500_R1000_s1,GA-QL-Tphi,2,201618.0,2.6217236340016825,19700,True,48,0.008188000000000003
UC_n500_R1000_s1,GA-QL-Tphi,3,201618.0,3.5386056800016377,19700,True,38,0.004008000000000001
UC_n500_R1000_s1,GA-QL-Tphi,4,201618.0,3.377937227000075,19700,True,43,0.012506400000000006
UC_n500_R1000_s1,GA-QL-Tphi,5,201618.0,3.770854110000073,19700,True,55,0.012639200000000007
UC_n500_R1000_s1,GA-QL-Tphi,6,201618.0,2.1999752880001324,19700,True,39,0.006240800000000002
UC_n500_R1000_s1,GA-QL-Tphi,7,201618.0,3.688862961000268,19700,True,42,0.010276800000000004
UC_n500_R1000_s1,GA-QL-Tphi,8,201623.0,3.4399618829993415,19700,True,168,0.011739200000000003
UC_n500_R1000_s1,GA-QL-Tphi,9,201618.0,3.73463715500111,19700,True,54,0.0052840000000000005
UC_n500_R1000_s1,GA-RAND,0,201618.0,3.1086012039995694,19700,True,38,0.003653600000000001
UC_n500_R1000_s1,GA-RAND,1,201618.0,3.1954770350021136,19700,True,35,0.0028632000000000006
UC_n500_R1000_s1,GA-RAND,2,201618.0,3.8845768089995545,19700,True,40,0.009033600000000001
UC_n500_R1000_s1,GA-RAND,3,201618.0,3.7692239570023958,19700,True,35,0.009239200000000005
UC_n500_R1000_s1,GA-RAND,4,201618.0,3.0131103200001235,19700,True,44,0.004886400000000002
UC_n500_R1000_s1,GA-RAND,5,201623.0,3.1997211070010962,19700,True,157,0.011102400000000004
UC_n500_R1000_s1,GA-RAND,6,201618.0,3.622121076001349,19700,True,36,0.0069536000000000025
UC_n500_R1000_s1,GA-RAND,7,201618.0,3.2616304340008355,19700,True,32,0.006011200000000002
UC_n500_R1000_s1,GA-RAND,8,201618.0,3.3181499780002923,19700,True,57,0.008096800000000001
UC_n500_R1000_s1,GA-RAND,9,201623.0,4.021019747000537,19700,True,161,0.007090400000000003
UC_n500_R1000_s1,GA-UCB,0,201623.0,3.4436552570005006,19700,True,158,0.015243200000000007
UC_n500_R1000_s1,GA-UCB,1,201618.0,3.7435164019989315,19700,True,39,0.002668800000000001
UC_n500_R1000_s1,GA-UCB,2,201618.0,3.343188580998685,19700,True,32,0.010490400000000004
UC_n500_R1000_s1,GA-UCB,3,201618.0,3.430075084001146,19700,True,35,0.010954400000000005
UC_n500_R1000_s1,GA-UCB,4,201618.0,3.7313234110006306,19700,True,55,0.010574400000000005
UC_n500_R1000_s1,GA-UCB,5,201623.0,3.7420450880017597,19700,True,104,0.011807200000000006
UC_n500_R1000_s1,GA-UCB,6,201618.0,3.443181998998625,19700,True,29,0.010925600000000006
UC_n500_R1000_s1,GA-UCB,7,201618.0,2.9719793210024363,19700,True,37,0.005304800000000002
UC_n500_R1000_s1,GA-UCB,8,201618.0,3.58051981799872,19700,True,30,0.0013352000000000006
UC_n500_R1000_s1,GA-UCB,9,201618.0,3.5599998160032555,19700,True,50,0.010139200000000003
UC_n500_R1000_s2,GA,0,197935.0,3.7003677129978314,19700,True,32,0.0015808000000000007
UC_n500_R1000_s2,GA,1,197936.0,1.9450278190015524,19700,True,35,0.0016520000000000005
UC_n500_R1000_s2,GA,2,197936.0,3.5632059409981593,19700,True,34,0.002358400000000001
UC_n500_R1000_s2,GA,3,197922.0,3.646656883000105,19700,True,37,0.0007920000000000004
UC_n500_R1000_s2,GA,4,197940.0,3.72482189099901,19700,True,35,0.0005544000000000002
UC_n500_R1000_s2,GA,5,197932.0,3.6333995900022273,19700,True,79,0.0015016000000000007
UC_n500_R1000_s2,GA,6,197934.0,1.8641432090007584,19700,True,27,0.0007920000000000004
UC_n500_R1000_s2,GA,7,197934.0,3.6363530029993854,19700,True,32,0.0023600000000000006
UC_n500_R1000_s2,GA,8,197930.0,3.4327662770010647,19700,True,37,0.0011848000000000006
UC_n500_R1000_s2,GA,9,197932.0,2.042733775997476,19700,True,90,0.0015840000000000006
UC_n500_R1000_s2,GA-FIX-UX+BF3,0,197941.0,4.363239636997605,19700,True,75,0.014436000000000003
UC_n500_R1000_s2,GA-FIX-UX+BF3,1,197939.0,4.421835660999932,19700,True,26,0.010363200000000005
UC_n500_R1000_s2,GA-FIX-UX+BF3,2,197941.0,4.569552238997858,19700,True,49,0.013050400000000005
UC_n500_R1000_s2,GA-FIX-UX+BF3,3,197942.0,4.370501281002362,19700,True,57,0.010997600000000003
UC_n500_R1000_s2,GA-FIX-UX+BF3,4,197932.0,4.497704022000107,19700,True,33,0.014273600000000006
UC_n500_R1000_s2,GA-FIX-UX+BF3,5,197942.0,4.438932151002518,19700,True,149,0.013192800000000006
UC_n500_R1000_s2,GA-FIX-UX+BF3,6,197936.0,4.694909507998091,19700,True,29,0.014308800000000007
UC_n500_R1000_s2,GA-FIX-UX+BF3,7,197942.0,3.7318516240011377,19700,True,81,0.013849600000000005
UC_n500_R1000_s2,GA-FIX-UX+BF3,8,197942.0,4.297706387002108,19700,True,26,0.010251200000000004
UC_n500_R1000_s2,GA-FIX-UX+BF3,9,197932.0,4.289249598001334,19700,True,33,0.009936000000000004
UC_n500_R1000_s2,GA-QL,0,197936.0,4.196859369996673,19700,True,36,0.011427200000000004
UC_n500_R1000_s2,GA-QL,1,197934.0,3.9813433089984755,19700,True,28,0.006230400000000001
UC_n500_R1000_s2,GA-QL,2,197930.0,3.875268859999778,19700,True,48,0.0015016000000000007
UC_n500_R1000_s2,GA-QL,3,197940.0,3.4802587079975638,19700,True,30,0.009391200000000002
UC_n500_R1000_s2,GA-QL,4,197939.0,4.305536677999044,19700,True,101,0.0012480000000000004
UC_n500_R1000_s2,GA-QL,5,197933.0,3.720956382996519,19700,True,47,0.010010400000000004
UC_n500_R1000_s2,GA-QL,6,197941.0,4.195809446999192,19700,True,147,0.007156800000000002
UC_n500_R1000_s2,GA-QL,7,197939.0,4.3006735909984855,19700,True,70,0.007444000000000002
UC_n500_R1000_s2,GA-QL,8,197942.0,4.064587115000904,19700,True,117,0.007761600000000003
UC_n500_R1000_s2,GA-QL,9,197932.0,3.6314204190020973,19700,True,141,0.009458400000000002
UC_n500_R1000_s2,GA-QL-T,0,197930.0,4.328067159000057,19700,True,28,0.009924000000000002
UC_n500_R1000_s2,GA-QL-T,1,197934.0,4.23247606500081,19700,True,44,0.009954400000000004
UC_n500_R1000_s2,GA-QL-T,2,197941.0,4.341639784001018,19700,True,35,0.008090400000000003
UC_n500_R1000_s2,GA-QL-T,3,197937.0,4.075677958997403,19700,True,29,0.010080800000000004
UC_n500_R1000_s2,GA-QL-T,4,197942.0,3.390613833998941,19700,True,38,0.006710400000000003
UC_n500_R1000_s2,GA-QL-T,5,197937.0,4.298685972000385,19700,True,26,0.011085600000000004
UC_n500_R1000_s2,GA-QL-T,6,197941.0,2.873331382001197,19700,True,197,0.005961600000000001
UC_n500_R1000_s2,GA-QL-T,7,197930.0,4.00120594100008,19700,True,32,0.013687200000000005
UC_n500_R1000_s2,GA-QL-T,8,197936.0,4.435194540001248,19700,True,33,0.008071200000000002
UC_n500_R1000_s2,GA-QL-T,9,197939.0,4.3952099260022806,19700,True,27,0.007784800000000002
UC_n500_R1000_s2,GA-QL-Tphi,0,197932.0,4.184808033998706,19700,True,36,0.008541600000000003
UC_n500_R1000_s2,GA-QL-Tphi,1,197934.0,4.287638990001142,19700,True,38,0.0019768000000000008
UC_n500_R1000_s2,GA-QL-Tphi,2,197934.0,4.084328591998201,19700,True,36,0.007954400000000004
UC_n500_R1000_s2,GA-QL-Tphi,3,197942.0,3.9398051999996824,19700,True,62,0.007060000000000002
UC_n500_R1000_s2,GA-QL-Tphi,4,197942.0,3.7339220119974925,19700,True,76,0.009648800000000004
UC_n500_R1000_s2,GA-QL-Tphi,5,197932.0,2.967152345001523,19700,True,39,0.008636800000000005
UC_n500_R1000_s2,GA-QL-Tphi,6,197939.0,4.1834248900013336,19700,True,45,0.013284800000000006
UC_n500_R1000_s2,GA-QL-Tphi,7,197932.0,4.137650193999434,19700,True,161,0.008764800000000001
UC_n500_R1000_s2,GA-QL-Tphi,8,197942.0,4.187675951998244,19700,True,36,0.008334400000000004
UC_n500_R1000_s2,GA-QL-Tphi,9,197924.0,3.8722780239986605,19700,True,51,0.005212800000000002
UC_n500_R1000_s2,GA-RAND,0,197933.0,3.9564110319988686,19700,True,32,0.0015744000000000008
UC_n500_R1000_s2,GA-RAND,1,197941.0,4.0367332069981785,19700,True,78,0.003301600000000001
UC_n500_R1000_s2,GA-RAND,2,197942.0,4.1206514990008145,19700,True,39,0.006248000000000002
UC_n500_R1000_s2,GA-RAND,3,197934.0,4.009595630002877,19700,True,31,0.009463200000000003
UC_n500_R1000_s2,GA-RAND,4,197941.0,4.043225651999819,19700,True,177,0.007485600000000004
UC_n500_R1000_s2,GA-RAND,5,197934.0,3.353259474999504,19700,True,29,0.006188800000000003
UC_n500_R1000_s2,GA-RAND,6,197939.0,2.0822201869996206,19700,True,168,0.009124000000000004
UC_n500_R1000_s2,GA-RAND,7,197936.0,3.979651689998718,19700,True,28,0.0063408000000000015
UC_n500_R1000_s2,GA-RAND,8,197930.0,2.0851239309995435,19700,True,41,0.009461600000000004
UC_n500_R1000_s2,GA-RAND,9,197939.0,4.072685076000198,19700,True,36,0.005620800000000003
UC_n500_R1000_s2,GA-UCB,0,197930.0,3.708460343998013,19700,True,37,0.011313600000000005
UC_n500_R1000_s2,GA-UCB,1,197934.0,3.955795925001439,19700,True,37,0.0068464000000000025
UC_n500_R1000_s2,GA-UCB,2,197939.0,3.8596219969986123,19700,True,176,0.010092000000000004
UC_n500_R1000_s2,GA-UCB,3,197932.0,3.9895105979994696,19700,True,47,0.009843200000000003
UC_n500_R1000_s2,GA-UCB,4,197930.0,3.40047669300111,19700,True,44,0.013023200000000006
UC_n500_R1000_s2,GA-UCB,5,197941.0,3.5644525040006556,19700,True,79,0.002937600000000001
UC_n500_R1000_s2,GA-UCB,6,197934.0,4.160101727000438,19700,True,32,0.006301600000000003
UC_n500_R1000_s2,GA-UCB,7,197939.0,3.9875327900008415,19700,True,31,0.004736800000000001
UC_n500_R1000_s2,GA-UCB,8,197930.0,4.0663888070012035,19700,True,128,0.0008680000000000002
UC_n500_R1000_s2,GA-UCB,9,197935.0,2.4160654059996887,19700,True,34,0.003143200000000001
WC_n1000_R1000_s0,GA,0,281296.0,8.050092317000235,19700,True,89,0.0012552000000000004
WC_n1000_R1000_s0,GA,1,281291.0,6.461476803000551,19700,True,63,0.0028992000000000006
WC_n1000_R1000_s0,GA,2,281291.0,8.401465871000255,19700,True,86,0.0041459999999999995
WC_n1000_R1000_s0,GA,3,281295.0,7.62459170999864,19700,True,97,0.0011728
WC_n1000_R1000_s0,GA,4,281293.0,8.34780046600281,19700,True,139,0.0011728000000000003
WC_n1000_R1000_s0,GA,5,281298.0,8.405060414002946,19700,True,108,0.0031516000000000005
WC_n1000_R1000_s0,GA,6,281298.0,6.4473795800004154,19700,True,64,0.0016320000000000006
WC_n1000_R1000_s0,GA,7,281299.0,8.67829958600123,19700,True,174,0.0012044000000000002
WC_n1000_R1000_s0,GA,8,281300.0,7.131782402000681,19700,True,69,0.0019416000000000004
WC_n1000_R1000_s0,GA,9,281302.0,8.14905209099743,19700,True,77,0.0015584000000000001
WC_n1000_R1000_s0,GA-FIX-UX+BF3,0,281299.0,8.474362443997961,19700,True,49,0.011112400000000003
WC_n1000_R1000_s0,GA-FIX-UX+BF3,1,281298.0,9.39920330199675,19700,True,48,0.010628800000000002
WC_n1000_R1000_s0,GA-FIX-UX+BF3,2,281301.0,9.516375322000385,19700,True,67,0.012226400000000005
WC_n1000_R1000_s0,GA-FIX-UX+BF3,3,281302.0,9.078685099000722,19700,True,59,0.015015600000000002
WC_n1000_R1000_s0,GA-FIX-UX+BF3,4,281301.0,9.194164167001873,19700,True,68,0.012262800000000004
WC_n1000_R1000_s0,GA-FIX-UX+BF3,5,281299.0,9.836233673999232,19700,True,59,0.011056400000000004
WC_n1000_R1000_s0,GA-FIX-UX+BF3,6,281303.0,8.650418523000553,19700,True,125,0.012167200000000003
WC_n1000_R1000_s0,GA-FIX-UX+BF3,7,281302.0,9.022845130999485,19700,True,50,0.011127600000000005
WC_n1000_R1000_s0,GA-FIX-UX+BF3,8,281302.0,9.666378031000932,19700,True,49,0.012356800000000003
WC_n1000_R1000_s0,GA-FIX-UX+BF3,9,281300.0,9.793356146998121,19700,True,53,0.0165052
WC_n1000_R1000_s0,GA-QL,0,281295.0,9.01894078800251,19700,True,56,0.0104004
WC_n1000_R1000_s0,GA-QL,1,281295.0,8.124647700999049,19700,True,73,0.010405200000000002
WC_n1000_R1000_s0,GA-QL,2,281300.0,9.172936367001967,19700,True,76,0.011266400000000001
WC_n1000_R1000_s0,GA-QL,3,281300.0,8.729887654997583,19700,True,134,0.0128184
WC_n1000_R1000_s0,GA-QL,4,281302.0,9.315579926998907,19700,True,66,0.0013232000000000003
WC_n1000_R1000_s0,GA-QL,5,281301.0,8.734765225002775,19700,True,65,0.012254400000000004
WC_n1000_R1000_s0,GA-QL,6,281295.0,7.4341031899966765,19700,True,67,0.011156400000000002
WC_n1000_R1000_s0,GA-QL,7,281301.0,8.402463084999908,19700,True,111,0.007312000000000001
WC_n1000_R1000_s0,GA-QL,8,281302.0,8.88868479300072,19700,True,105,0.009637200000000004
WC_n1000_R1000_s0,GA-QL,9,281302.0,8.63647342799959,19700,True,113,0.004340000000000001
WC_n1000_R1000_s0,GA-QL-T,0,281298.0,8.660677488998772,19700,True,51,0.007247600000000002
WC_n1000_R1000_s0,GA-QL-T,1,281304.0,8.912921662998997,19700,True,114,0.010634400000000002
WC_n1000_R1000_s0,GA-QL-T,2,281304.0,9.37762738499805,19700,True,64,0.004261600000000001
WC_n1000_R1000_s0,GA-QL-T,3,281300.0,8.86817769299887,19700,True,162,0.021298400000000006
WC_n1000_R1000_s0,GA-QL-T,4,281303.0,9.406741352999234,19700,True,63,0.012343600000000001
WC_n1000_R1000_s0,GA-QL-T,5,281302.0,8.90754881400062,19700,True,49,0.010533600000000004
WC_n1000_R1000_s0,GA-QL-T,6,281300.0,7.164048497001204,19700,True,49,0.010360000000000003
WC_n1000_R1000_s0,GA-QL-T,7,281298.0,8.677823353998974,19700,True,50,0.009477600000000003
WC_n1000_R1000_s0,GA-QL-T,8,281298.0,9.108858982002857,19700,True,46,0.008070800000000001
WC_n1000_R1000_s0,GA-QL-T,9,281301.0,8.392995088001044,19700,True,46,0.009788000000000002
WC_n1000_R1000_s0,GA-QL-Tphi,0,281301.0,7.9130160009990504,19700,True,71,0.0045184000000000005
WC_n1000_R1000_s0,GA-QL-Tphi,1,281302.0,9.050560103001771,19700,True,89,0.008233200000000001
WC_n1000_R1000_s0,GA-QL-Tphi,2,281299.0,9.381801496001572,19700,True,129,0.013054000000000001
WC_n1000_R1000_s0,GA-QL-Tphi,3,281299.0,8.397094935000496,19700,True,91,0.010317200000000004
WC_n1000_R1000_s0,GA-QL-Tphi,4,281302.0,8.352519305000897,19700,True,78,0.012263600000000001
WC_n1000_R1000_s0,GA-QL-Tphi,5,281302.0,9.033944085000257,19700,True,91,0.003814000000000001
WC_n1000_R1000_s0,GA-QL-Tphi,6,281294.0,7.6176170319995435,19700,True,95,0.0058696
WC_n1000_R1000_s0,GA-QL-Tphi,7,281298.0,8.888858657002856,19700,True,89,0.010154400000000003
WC_n1000_R1000_s0,GA-QL-Tphi,8,281300.0,9.136982197996986,19700,True,151,0.012098800000000005
WC_n1000_R1000_s0,GA-QL-Tphi,9,281301.0,9.212733049000235,19700,True,84,0.0052116
WC_n1000_R1000_s0,GA-RAND,0,281297.0,8.854114916997787,19700,True,57,0.010897200000000001
WC_n1000_R1000_s0,GA-RAND,1,281301.0,6.933194737001031,19700,True,59,0.009321200000000003
WC_n1000_R1000_s0,GA-RAND,2,281299.0,8.34514355400097,19700,True,65,0.0040056000000000015
WC_n1000_R1000_s0,GA-RAND,3,281303.0,8.476492149999103,19700,True,153,0.007969200000000003
WC_n1000_R1000_s0,GA-RAND,4,281304.0,8.071886002999236,19700,True,75,0.008356800000000001
WC_n1000_R1000_s0,GA-RAND,5,281300.0,8.869918511001742,19700,True,60,0.003898000000000001
WC_n1000_R1000_s0,GA-RAND,6,281301.0,8.922850970997388,19700,True,110,0.0028604000000000004
WC_n1000_R1000_s0,GA-RAND,7,281302.0,8.451576814000873,19700,True,61,0.0100148
WC_n1000_R1000_s0,GA-RAND,8,281302.0,5.613075155000843,19700,True,59,0.012221200000000003
WC_n1000_R1000_s0,GA-RAND,9,281299.0,8.85687545899782,19700,True,90,0.00441
WC_n1000_R1000_s0,GA-UCB,0,281301.0,8.122498311997333,19700,True,66,0.012558000000000003
WC_n1000_R1000_s0,GA-UCB,1,281301.0,8.29521912600103,19700,True,179,0.012595200000000003
WC_n1000_R1000_s0,GA-UCB,2,281297.0,8.755290320001222,19700,True,52,0.010651200000000003
WC_n1000_R1000_s0,GA-UCB,3,281298.0,9.196708594001393,19700,True,49,0.009210800000000003
WC_n1000_R1000_s0,GA-UCB,4,281302.0,8.299464359999547,19700,True,62,0.012461200000000002
WC_n1000_R1000_s0,GA-UCB,5,281301.0,8.613777851001942,19700,True,66,0.0052000000000000015
WC_n1000_R1000_s0,GA-UCB,6,281301.0,6.0864160870005435,19700,True,51,0.012238800000000003
WC_n1000_R1000_s0,GA-UCB,7,281302.0,8.650812975000008,19700,True,195,0.008517600000000002
WC_n1000_R1000_s0,GA-UCB,8,281300.0,8.983590686999378,19700,True,64,0.010354000000000002
WC_n1000_R1000_s0,GA-UCB,9,281301.0,8.571329089998471,19700,True,96,0.007865200000000001
WC_n1000_R1000_s1,GA,0,276631.0,7.6028058039992175,19700,True,107,0.0028596000000000003
WC_n1000_R1000_s1,GA,1,276622.0,8.792776933001733,19700,True,60,0.0015504000000000002
WC_n1000_R1000_s1,GA,2,276619.0,8.091774143998919,19700,True,91,0.0022892000000000008
WC_n1000_R1000_s1,GA,3,276626.0,7.869140191000042,19700,True,95,0.0022384
WC_n1000_R1000_s1,GA,4,276631.0,8.288447024999186,19700,True,122,0.0023516000000000006
WC_n1000_R1000_s1,GA,5,276627.0,8.008787784998276,19700,True,73,0.0032804
WC_n1000_R1000_s1,GA,6,276626.0,6.1197538790002,19700,True,101,0.0014468000000000003
WC_n1000_R1000_s1,GA,7,276612.0,8.405404850000195,19700,True,80,0.0018024000000000007
WC_n1000_R1000_s1,GA,8,276632.0,8.217243580998911,19700,True,72,0.0019984000000000004
WC_n1000_R1000_s1,GA,9,276625.0,8.36109048399885,19700,True,65,0.0011316000000000002
WC_n1000_R1000_s1,GA-FIX-UX+BF3,0,276631.0,6.8888849610011675,19700,True,162,0.011151600000000001
WC_n1000_R1000_s1,GA-FIX-UX+BF3,1,276633.0,8.588800268000341,19700,True,131,0.013388400000000005
WC_n1000_R1000_s1,GA-FIX-UX+BF3,2,276633.0,8.477839332001167,19700,True,86,0.015732800000000005
WC_n1000_R1000_s1,GA-FIX-UX+BF3,3,276633.0,8.328581252000731,19700,True,167,0.012464000000000005
WC_n1000_R1000_s1,GA-FIX-UX+BF3,4,276633.0,8.369076045000838,19700,True,185,0.013116400000000002
WC_n1000_R1000_s1,GA-FIX-UX+BF3,5,276633.0,8.693437345998973,19700,True,138,0.011296800000000001
WC_n1000_R1000_s1,GA-FIX-UX+BF3,6,276633.0,8.873319186997833,19700,True,178,0.014040000000000002
WC_n1000_R1000_s1,GA-FIX-UX+BF3,7,276631.0,8.629075237000507,19700,True,165,0.015190000000000006
WC_n1000_R1000_s1,GA-FIX-UX+BF3,8,276633.0,9.305915466000442,19700,True,123,0.012375600000000002
WC_n1000_R1000_s1,GA-FIX-UX+BF3,9,276633.0,8.608406756000477,19700,True,101,0.010466000000000003
WC_n1000_R1000_s1,GA-QL,0,276626.0,7.215739897997992,19700,True,110,0.013328800000000005
WC_n1000_R1000_s1,GA-QL,1,276633.0,8.699916043002304,19700,True,107,0.009816400000000001
WC_n1000_R1000_s1,GA-QL,2,276632.0,7.886665074998746,19700,True,58,0.009409200000000001
WC_n1000_R1000_s1,GA-QL,3,276628.0,8.777250649000052,19700,True,171,0.016542
WC_n1000_R1000_s1,GA-QL,4,276629.0,7.707381131000147,19700,True,100,0.011976000000000002
WC_n1000_R1000_s1,GA-QL,5,276632.0,7.970335060002981,19700,True,76,0.011173600000000002
WC_n1000_R1000_s1,GA-QL,6,276631.0,7.034363285998552,19700,True,196,0.018355200000000002
WC_n1000_R1000_s1,GA-QL,7,276626.0,8.275745824001206,19700,True,72,0.005496400000000001
WC_n1000_R1000_s1,GA-QL,8,276625.0,8.03269740199903,19700,True,99,0.008178800000000002
WC_n1000_R1000_s1,GA-QL,9,276633.0,9.033662369998638,19700,True,164,0.004140000000000001
WC_n1000_R1000_s1,GA-QL-T,0,276630.0,9.077879800999654,19700,True,179,0.013949600000000003
WC_n1000_R1000_s1,GA-QL-T,1,276621.0,6.9332859280002594,19700,True,46,0.010828800000000003
WC_n1000_R1000_s1,GA-QL-T,2,276632.0,8.805523125000036,19700,True,42,0.011217600000000003
WC_n1000_R1000_s1,GA-QL-T,3,276633.0,7.576841520000016,19700,True,64,0.010099200000000003
WC_n1000_R1000_s1,GA-QL-T,4,276626.0,7.792583464000927,19700,True,52,0.010903200000000002
WC_n1000_R1000_s1,GA-QL-T,5,276622.0,7.280049650002184,19700,True,51,0.013677200000000004
WC_n1000_R1000_s1,GA-QL-T,6,276626.0,7.975394047000009,19700,True,46,0.009776400000000003
WC_n1000_R1000_s1,GA-QL-T,7,276626.0,8.196072174003348,19700,True,63,0.010095200000000004
WC_n1000_R1000_s1,GA-QL-T,8,276629.0,9.020399093999004,19700,True,55,0.011440800000000003
WC_n1000_R1000_s1,GA-QL-T,9,276627.0,9.079186153001501,19700,True,42,0.009768800000000003
WC_n1000_R1000_s1,GA-QL-Tphi,0,276626.0,8.215848670999549,19700,True,68,0.008304800000000003
WC_n1000_R1000_s1,GA-QL-Tphi,1,276626.0,5.485860329001298,19700,True,84,0.011302400000000002
WC_n1000_R1000_s1,GA-QL-Tphi,2,276626.0,8.912210357997537,19700,True,92,0.013075200000000002
WC_n1000_R1000_s1,GA-QL-Tphi,3,276628.0,8.616109758000675,19700,True,185,0.014570400000000004
WC_n1000_R1000_s1,GA-QL-Tphi,4,276624.0,7.668913631998294,19700,True,64,0.009861200000000004
WC_n1000_R1000_s1,GA-QL-Tphi,5,276626.0,6.105690866999794,19700,True,72,0.006419600000000001
WC_n1000_R1000_s1,GA-QL-Tphi,6,276626.0,8.392123835001257,19700,True,72,0.010894400000000002
WC_n1000_R1000_s1,GA-QL-Tphi,7,276630.0,8.303389275999507,19700,True,108,0.006055600000000001
WC_n1000_R1000_s1,GA-QL-Tphi,8,276630.0,8.186474744001316,19700,True,80,0.011504400000000001
WC_n1000_R1000_s1,GA-QL-Tphi,9,276626.0,8.247964219997812,19700,True,84,0.0059964000000000016
WC_n1000_R1000_s1,GA-RAND,0,276627.0,8.565179066998098,19700,True,157,0.011184800000000003
WC_n1000_R1000_s1,GA-RAND,1,276631.0,8.842111876998388,19700,True,100,0.010604000000000002
WC_n1000_R1000_s1,GA-RAND,2,276628.0,8.274354047000088,19700,True,67,0.008962000000000001
WC_n1000_R1000_s1,GA-RAND,3,276630.0,8.802994735997345,19700,True,65,0.005346000000000001
WC_n1000_R1000_s1,GA-RAND,4,276632.0,8.173996405002981,19700,True,68,0.009017600000000002
WC_n1000_R1000_s1,GA-RAND,5,276626.0,8.661679650998849,19700,True,67,0.0028932000000000007
WC_n1000_R1000_s1,GA-RAND,6,276630.0,9.043500085001142,19700,True,77,0.0019012000000000002
WC_n1000_R1000_s1,GA-RAND,7,276627.0,7.559967016000883,19700,True,191,0.008958000000000002
WC_n1000_R1000_s1,GA-RAND,8,276627.0,7.98974306600212,19700,True,55,0.011617600000000002
WC_n1000_R1000_s1,GA-RAND,9,276626.0,9.02875324300112,19700,True,57,0.003908000000000001
WC_n1000_R1000_s1,GA-UCB,0,276624.0,7.053319840000768,19700,True,58,0.009049600000000001
WC_n1000_R1000_s1,GA-UCB,1,276625.0,9.058399105000717,19700,True,171,0.013703200000000004
WC_n1000_R1000_s1,GA-UCB,2,276626.0,8.659098302003258,19700,True,76,0.010760000000000002
WC_n1000_R1000_s1,GA-UCB,3,276625.0,7.598153021001053,19700,True,61,0.008172800000000003
WC_n1000_R1000_s1,GA-UCB,4,276624.0,6.850089553001453,19700,True,99,0.0058992
WC_n1000_R1000_s1,GA-UCB,5,276626.0,8.203695666001295,19700,True,75,0.011421200000000003
WC_n1000_R1000_s1,GA-UCB,6,276628.0,7.207999687001575,19700,True,101,0.013554000000000002
WC_n1000_R1000_s1,GA-UCB,7,276628.0,7.386657899001875,19700,True,185,0.011672800000000002
WC_n1000_R1000_s1,GA-UCB,8,276633.0,8.98594893200061,19700,True,86,0.004323200000000001
WC_n1000_R1000_s1,GA-UCB,9,276631.0,8.686431107998942,19700,True,167,0.010629600000000001
WC_n1000_R1000_s2,GA,0,274673.0,7.787965626001096,19700,True,58,0.0005116000000000002
WC_n1000_R1000_s2,GA,1,274665.0,8.056674768999073,19700,True,61,0.0012156000000000003
WC_n1000_R1000_s2,GA,2,274670.0,8.136144902000524,19700,True,84,0.0018212000000000005
WC_n1000_R1000_s2,GA,3,274669.0,6.958232217999466,19700,True,98,0.0015600000000000004
WC_n1000_R1000_s2,GA,4,274672.0,8.302424949000851,19700,True,138,0.0016336000000000005
WC_n1000_R1000_s2,GA,5,274670.0,8.187632364002638,19700,True,67,0.0016108000000000006
WC_n1000_R1000_s2,GA,6,274671.0,8.309566526997514,19700,True,75,0.0020016
WC_n1000_R1000_s2,GA,7,274660.0,7.634196233000694,19700,True,70,0.0011000000000000003
WC_n1000_R1000_s2,GA,8,274669.0,8.637828785002057,19700,True,78,0.0019084000000000004
WC_n1000_R1000_s2,GA,9,274672.0,7.644491887000186,19700,True,115,0.0014920000000000005
WC_n1000_R1000_s2,GA-FIX-UX+BF3,0,274672.0,9.089675506002095,19700,True,59,0.013480000000000004
WC_n1000_R1000_s2,GA-FIX-UX+BF3,1,274673.0,9.440184744998987,19700,True,49,0.012308400000000004
WC_n1000_R1000_s2,GA-FIX-UX+BF3,2,274675.0,7.972645511999872,19700,True,50,0.011268400000000003
WC_n1000_R1000_s2,GA-FIX-UX+BF3,3,274675.0,9.240173966001748,19700,True,50,0.012152000000000003
WC_n1000_R1000_s2,GA-FIX-UX+BF3,4,274672.0,9.31764137799837,19700,True,44,0.008126400000000004
WC_n1000_R1000_s2,GA-FIX-UX+BF3,5,274675.0,8.40823766199901,19700,True,69,0.010979200000000001
WC_n1000_R1000_s2,GA-FIX-UX+BF3,6,274672.0,8.874692832003348,19700,True,49,0.009698800000000002
WC_n1000_R1000_s2,GA-FIX-UX+BF3,7,274674.0,8.783688780000375,19700,True,47,0.012254800000000003
WC_n1000_R1000_s2,GA-FIX-UX+BF3,8,274672.0,8.053350596997916,19700,True,63,0.009972800000000002
WC_n1000_R1000_s2,GA-FIX-UX+BF3,9,274676.0,7.982733691998874,19700,True,79,0.011115200000000002
WC_n1000_R1000_s2,GA-QL,0,274672.0,9.461416777998238,19700,True,63,0.009318400000000003
WC_n1000_R1000_s2,GA-QL,1,274670.0,9.387874125000963,19700,True,83,0.0044128000000000014
WC_n1000_R1000_s2,GA-QL,2,274670.0,9.321944382998481,19700,True,50,0.008851600000000003
WC_n1000_R1000_s2,GA-QL,3,274672.0,8.694445222001377,19700,True,59,0.003346400000000001
WC_n1000_R1000_s2,GA-QL,4,274674.0,9.420848927999032,19700,True,89,0.0010976000000000004
WC_n1000_R1000_s2,GA-QL,5,274675.0,8.643287015998794,19700,True,194,0.010944800000000003
WC_n1000_R1000_s2,GA-QL,6,274672.0,8.57569150999916,19700,True,51,0.010882800000000003
WC_n1000_R1000_s2,GA-QL,7,274673.0,8.604438234000554,19700,True,57,0.004072000000000001
WC_n1000_R1000_s2,GA-QL,8,274670.0,7.781011105998914,19700,True,141,0.009834400000000002
WC_n1000_R1000_s2,GA-QL,9,274675.0,9.13521987599961,19700,True,66,0.0015624000000000002
WC_n1000_R1000_s2,GA-QL-T,0,274672.0,9.179172517000552,19700,True,45,0.010116400000000003
WC_n1000_R1000_s2,GA-QL-T,1,274671.0,8.96892339599799,19700,True,130,0.006321200000000002
WC_n1000_R1000_s2,GA-QL-T,2,274672.0,8.900457937001192,19700,True,44,0.009235200000000002
WC_n1000_R1000_s2,GA-QL-T,3,274672.0,8.766973090001557,19700,True,52,0.003954000000000001
WC_n1000_R1000_s2,GA-QL-T,4,274672.0,9.240463193000323,19700,True,46,0.006899600000000001
WC_n1000_R1000_s2,GA-QL-T,5,274675.0,8.2053823440001,19700,True,52,0.008932400000000002
WC_n1000_R1000_s2,GA-QL-T,6,274672.0,9.154957282000396,19700,True,47,0.010152800000000003
WC_n1000_R1000_s2,GA-QL-T,7,274672.0,8.464249598997412,19700,True,50,0.006324800000000002
WC_n1000_R1000_s2,GA-QL-T,8,274672.0,9.152660113999445,19700,True,53,0.009676800000000003
WC_n1000_R1000_s2,GA-QL-T,9,274672.0,7.777293573999486,19700,True,49,0.010607600000000003
WC_n1000_R1000_s2,GA-QL-Tphi,0,274672.0,8.360667280001508,19700,True,68,0.012234800000000004
WC_n1000_R1000_s2,GA-QL-Tphi,1,274672.0,9.299511558998347,19700,True,77,0.010166400000000003
WC_n1000_R1000_s2,GA-QL-Tphi,2,274672.0,8.826480839998112,19700,True,77,0.009350800000000003
WC_n1000_R1000_s2,GA-QL-Tphi,3,274672.0,7.139267744998506,19700,True,139,0.005578400000000001
WC_n1000_R1000_s2,GA-QL-Tphi,4,274667.0,8.012710778999462,19700,True,75,0.010082400000000004
WC_n1000_R1000_s2,GA-QL-Tphi,5,274672.0,8.829075700999965,19700,True,70,0.011504400000000001
WC_n1000_R1000_s2,GA-QL-Tphi,6,274672.0,9.022447343999374,19700,True,68,0.009044400000000003
WC_n1000_R1000_s2,GA-QL-Tphi,7,274672.0,8.935257377001108,19700,True,70,0.0088844
WC_n1000_R1000_s2,GA-QL-Tphi,8,274672.0,9.035575074998633,19700,True,71,0.011356800000000004
WC_n1000_R1000_s2,GA-QL-Tphi,9,274672.0,7.7349153389986895,19700,True,96,0.008283600000000002
WC_n1000_R1000_s2,GA-RAND,0,274675.0,8.29945155599853,19700,True,45,0.008688000000000003
WC_n1000_R1000_s2,GA-RAND,1,274670.0,8.479179881000164,19700,True,184,0.013266000000000002
WC_n1000_R1000_s2,GA-RAND,2,274672.0,8.599383779001073,19700,True,60,0.0039592
WC_n1000_R1000_s2,GA-RAND,3,274673.0,7.994855617002031,19700,True,72,0.007457600000000001
WC_n1000_R1000_s2,GA-RAND,4,274672.0,9.237001131998113,19700,True,58,0.009128000000000002
WC_n1000_R1000_s2,GA-RAND,5,274672.0,9.37604094100243,19700,True,61,0.0035376
WC_n1000_R1000_s2,GA-RAND,6,274671.0,9.353029380999942,19700,True,173,0.002757600000000001
WC_n1000_R1000_s2,GA-RAND,7,274672.0,8.675877907997346,19700,True,56,0.008781600000000002
WC_n1000_R1000_s2,GA-RAND,8,274672.0,8.864273111998045,19700,True,64,0.009679200000000004
WC_n1000_R1000_s2,GA-RAND,9,274672.0,9.415363659001741,19700,True,58,0.0043208000000000005
WC_n1000_R1000_s2,GA-UCB,0,274672.0,9.070862889999262,19700,True,59,0.0021728000000000003
WC_n1000_R1000_s2,GA-UCB,1,274675.0,8.039546641000925,19700,True,117,0.003667600000000001
WC_n1000_R1000_s2,GA-UCB,2,274672.0,8.97887809399981,19700,True,71,0.009854000000000003
WC_n1000_R1000_s2,GA-UCB,3,274668.0,7.004762701999425,19700,True,56,0.012649600000000004
WC_n1000_R1000_s2,GA-UCB,4,274672.0,8.21627597099723,19700,True,63,0.008738000000000003
WC_n1000_R1000_s2,GA-UCB,5,274672.0,8.130449058000522,19700,True,61,0.010232000000000003
WC_n1000_R1000_s2,GA-UCB,6,274672.0,9.352223637000861,19700,True,65,0.009393200000000003
WC_n1000_R1000_s2,GA-UCB,7,274675.0,8.896059132999653,19700,True,57,0.0011712000000000003
WC_n1000_R1000_s2,GA-UCB,8,274670.0,8.676806783998472,19700,True,57,0.011300400000000002
WC_n1000_R1000_s2,GA-UCB,9,274670.0,9.553924861000269,19700,True,62,0.005212800000000002
WC_n200_R1000_s0,GA,0,58141.0,1.979916463002155,19700,True,31,0.011472000000000003
WC_n200_R1000_s0,GA,1,58152.0,1.1973457530002634,19700,True,16,0.004510000000000001
WC_n200_R1000_s0,GA,2,58152.0,2.101725994001754,19700,True,19,0.015100000000000002
WC_n200_R1000_s0,GA,3,58141.0,2.2426368670021475,19700,True,19,0.010230000000000003
WC_n200_R1000_s0,GA,4,58152.0,1.4974722810002277,19700,True,23,0.007590000000000001
WC_n200_R1000_s0,GA,5,58144.0,2.096031162000145,19700,True,13,0.012510000000000004
WC_n200_R1000_s0,GA,6,58152.0,2.068176365002728,19700,True,22,0.013914000000000003
WC_n200_R1000_s0,GA,7,58152.0,1.3979267180002353,19700,True,18,0.0068220000000000025
WC_n200_R1000_s0,GA,8,58152.0,2.16632110700084,19700,True,17,0.010020000000000003
WC_n200_R1000_s0,GA,9,58152.0,1.5772480729974632,19700,True,14,0.012454
WC_n200_R1000_s0,GA-FIX-UX+BF3,0,58152.0,2.226666786998976,19700,True,17,0.057254000000000006
WC_n200_R1000_s0,GA-FIX-UX+BF3,1,58152.0,1.4678471359984542,19700,True,14,0.05175200000000002
WC_n200_R1000_s0,GA-FIX-UX+BF3,2,58152.0,2.4879015130027256,19700,True,14,0.06468600000000002
WC_n200_R1000_s0,GA-FIX-UX+BF3,3,58152.0,2.4771201750008913,19700,True,19,0.052608000000000016
WC_n200_R1000_s0,GA-FIX-UX+BF3,4,58152.0,2.536700666998513,19700,True,22,0.05376000000000001
WC_n200_R1000_s0,GA-FIX-UX+BF3,5,58152.0,2.515074402999744,19700,True,13,0.05636600000000001
WC_n200_R1000_s0,GA-FIX-UX+BF3,6,58152.0,1.3020989270007703,19700,True,14,0.04610000000000001
WC_n200_R1000_s0,GA-FIX-UX+BF3,7,58152.0,2.5237061840016395,19700,True,14,0.06135600000000002
WC_n200_R1000_s0,GA-FIX-UX+BF3,8,58152.0,2.5055850360004115,19700,True,28,0.04632400000000001
WC_n200_R1000_s0,GA-FIX-UX+BF3,9,58152.0,2.479378116000589,19700,True,17,0.05316200000000002
WC_n200_R1000_s0,GA-QL,0,58142.0,2.1732534729999315,19700,True,25,0.04892000000000001
WC_n200_R1000_s0,GA-QL,1,58152.0,2.3348436819978815,19700,True,18,0.05737800000000002
WC_n200_R1000_s0,GA-QL,2,58152.0,1.3792416629985382,19700,True,18,0.06514000000000002
WC_n200_R1000_s0,GA-QL,3,58152.0,2.323503599000105,19700,True,15,0.057482000000000026
WC_n200_R1000_s0,GA-QL,4,58152.0,2.3131864520000818,19700,True,24,0.04449800000000002
WC_n200_R1000_s0,GA-QL,5,58152.0,2.326409492001403,19700,True,16,0.07429200000000002
WC_n200_R1000_s0,GA-QL,6,58152.0,1.1861475269979564,19700,True,23,0.021618000000000005
WC_n200_R1000_s0,GA-QL,7,58152.0,2.3405189700024494,19700,True,24,0.055222000000000014
WC_n200_R1000_s0,GA-QL,8,58152.0,2.099048808999214,19700,True,74,0.05211600000000001
WC_n200_R1000_s0,GA-QL,9,58152.0,2.3389856070025417,19700,True,24,0.03456200000000001
WC_n200_R1000_s0,GA-QL-T,0,58152.0,1.3773425930012309,19700,True,12,0.05611400000000002
WC_n200_R1000_s0,GA-QL-T,1,58152.0,2.1148207309997815,19700,True,19,0.05993000000000002
WC_n200_R1000_s0,GA-QL-T,2,58152.0,1.669640200001595,19700,True,16,0.06749200000000002
WC_n200_R1000_s0,GA-QL-T,3,58152.0,2.387087208000594,19700,True,17,0.07004000000000002
WC_n200_R1000_s0,GA-QL-T,4,58152.0,2.1238951979976264,19700,True,16,0.052906000000000016
WC_n200_R1000_s0,GA-QL-T,5,58152.0,2.393115194998245,19700,True,18,0.049186000000000014
WC_n200_R1000_s0,GA-QL-T,6,58152.0,2.269467681999231,19700,True,21,0.02899800000000001
WC_n200_R1000_s0,GA-QL-T,7,58152.0,2.384819694001635,19700,True,17,0.057374000000000015
WC_n200_R1000_s0,GA-QL-T,8,58148.0,1.9423104310008057,19700,True,188,0.034544000000000005
WC_n200_R1000_s0,GA-QL-T,9,58152.0,2.327318113999354,19700,True,14,0.06365400000000002
WC_n200_R1000_s0,GA-QL-Tphi,0,58152.0,2.3379065139997692,19700,True,133,0.04136800000000001
WC_n200_R1000_s0,GA-QL-Tphi,1,58152.0,1.3526055399997858,19700,True,52,0.04872400000000001
WC_n200_R1000_s0,GA-QL-Tphi,2,58152.0,2.3829144800001814,19700,True,20,0.06101400000000002
WC_n200_R1000_s0,GA-QL-Tphi,3,58152.0,2.058438872998522,19700,True,18,0.04833400000000001
WC_n200_R1000_s0,GA-QL-Tphi,4,58152.0,2.413208444999327,19700,True,18,0.052746000000000015
WC_n200_R1000_s0,GA-QL-Tphi,5,58152.0,1.3452951979998033,19700,True,27,0.05890400000000001
WC_n200_R1000_s0,GA-QL-Tphi,6,58152.0,2.3789504910018877,19700,True,34,0.046720000000000005
WC_n200_R1000_s0,GA-QL-Tphi,7,58152.0,2.349031437999656,19700,True,24,0.059014000000000025
WC_n200_R1000_s0,GA-QL-Tphi,8,58152.0,2.3451177360002475,19700,True,24,0.048644000000000014
WC_n200_R1000_s0,GA-QL-Tphi,9,58152.0,2.392190816000948,19700,True,22,0.04513200000000001
WC_n200_R1000_s0,GA-RAND,0,58143.0,1.5590945250005461,19700,True,133,0.05732800000000001
WC_n200_R1000_s0,GA-RAND,1,58152.0,2.1062680710019777,19700,True,14,0.04917600000000001
WC_n200_R1000_s0,GA-RAND,2,58152.0,2.253726367998752,19700,True,56,0.06754600000000002
WC_n200_R1000_s0,GA-RAND,3,58146.0,2.32063188200118,19700,True,40,0.07122800000000001
WC_n200_R1000_s0,GA-RAND,4,58146.0,2.318061961999774,19700,True,20,0.053190000000000015
WC_n200_R1000_s0,GA-RAND,5,58152.0,2.102758820998133,19700,True,114,0.06789600000000001
WC_n200_R1000_s0,GA-RAND,6,58152.0,2.275140238998574,19700,True,15,0.05025400000000002
WC_n200_R1000_s0,GA-RAND,7,58152.0,1.5126089539990062,19700,True,20,0.010056000000000002
WC_n200_R1000_s0,GA-RAND,8,58152.0,2.2121495400024287,19700,True,18,0.019730000000000004
WC_n200_R1000_s0,GA-RAND,9,58152.0,2.2742136199995002,19700,True,22,0.04907000000000001
WC_n200_R1000_s0,GA-UCB,0,58152.0,2.2961891049999394,19700,True,15,0.029450000000000004
WC_n200_R1000_s0,GA-UCB,1,58152.0,2.3390632869995898,19700,True,18,0.026598000000000007
WC_n200_R1000_s0,GA-UCB,2,58152.0,1.9402204639991396,19700,True,15,0.04396400000000002
WC_n200_R1000_s0,GA-UCB,3,58152.0,2.3499812849986483,19700,True,21,0.008686000000000003
WC_n200_R1000_s0,GA-UCB,4,58152.0,1.269736821999686,19700,True,30,0.047414000000000005
WC_n200_R1000_s0,GA-UCB,5,58152.0,2.2903743050010235,19700,True,84,0.04093000000000001
WC_n200_R1000_s0,GA-UCB,6,58152.0,1.3343336709986033,19700,True,21,0.013510000000000001
WC_n200_R1000_s0,GA-UCB,7,58152.0,2.3817919659995823,19700,True,15,0.02657200000000001
WC_n200_R1000_s0,GA-UCB,8,58152.0,2.291630855001131,19700,True,20,0.019738000000000006
WC_n200_R1000_s0,GA-UCB,9,58152.0,2.3386226660004468,19700,True,17,0.051282000000000015
WC_n200_R1000_s1,GA,0,56939.0,1.2826498770009493,19700,True,14,0.011018000000000003
WC_n200_R1000_s1,GA,1,56962.0,1.7096976720022212,19700,True,60,0.007808000000000002
WC_n200_R1000_s1,GA,2,56962.0,2.1290568379990873,19700,True,25,0.011694000000000003
WC_n200_R1000_s1,GA,3,56962.0,1.1606010380019143,19700,True,173,0.0043240000000000015
WC_n200_R1000_s1,GA,4,56962.0,2.0685678039990307,19700,True,117,0.007764000000000001
WC_n200_R1000_s1,GA,5,56962.0,1.9393678970009205,19700,True,20,0.006284000000000001
WC_n200_R1000_s1,GA,6,56962.0,2.0963706389993604,19700,True,73,0.007562
WC_n200_R1000_s1,GA,7,56962.0,2.0580212849999953,19700,True,178,0.009110000000000002
WC_n200_R1000_s1,GA,8,56962.0,2.115179694003018,19700,True,15,0.006438000000000002
WC_n200_R1000_s1,GA,9,56962.0,1.0857665160001488,19700,True,15,0.009458000000000001
WC_n200_R1000_s1,GA-FIX-UX+BF3,0,56962.0,2.264451924998866,19700,True,14,0.04890600000000001
WC_n200_R1000_s1,GA-FIX-UX+BF3,1,56962.0,2.4533077899977798,19700,True,11,0.039368000000000014
WC_n200_R1000_s1,GA-FIX-UX+BF3,2,56962.0,2.5039069160011422,19700,True,18,0.05088000000000001
WC_n200_R1000_s1,GA-FIX-UX+BF3,3,56962.0,2.4217925900011323,19700,True,12,0.04754000000000001
WC_n200_R1000_s1,GA-FIX-UX+BF3,4,56962.0,1.8515103129975614,19700,True,14,0.045724000000000015
WC_n200_R1000_s1,GA-FIX-UX+BF3,5,56962.0,1.8231285140027467,19700,True,12,0.04333400000000001
WC_n200_R1000_s1,GA-FIX-UX+BF3,6,56962.0,2.5362696029988,19700,True,19,0.04779400000000002
WC_n200_R1000_s1,GA-FIX-UX+BF3,7,56962.0,2.5102487959993596,19700,True,16,0.040164000000000005
WC_n200_R1000_s1,GA-FIX-UX+BF3,8,56962.0,1.352435544002219,19700,True,16,0.04182800000000001
WC_n200_R1000_s1,GA-FIX-UX+BF3,9,56962.0,2.4723792929980846,19700,True,20,0.04033000000000001
WC_n200_R1000_s1,GA-QL,0,56962.0,2.266321892999258,19700,True,13,0.03100200000000001
WC_n200_R1000_s1,GA-QL,1,56962.0,2.181018393999693,19700,True,81,0.040070000000000015
WC_n200_R1000_s1,GA-QL,2,56962.0,2.336973458997818,19700,True,18,0.010492000000000003
WC_n200_R1000_s1,GA-QL,3,56962.0,1.271065576998808,19700,True,46,0.04622800000000002
WC_n200_R1000_s1,GA-QL,4,56962.0,2.3111588299980212,19700,True,16,0.04560200000000001
WC_n200_R1000_s1,GA-QL,5,56962.0,2.2796018139997614,19700,True,17,0.009308
WC_n200_R1000_s1,GA-QL,6,56962.0,2.009723932998895,19700,True,22,0.038888000000000006
WC_n200_R1000_s1,GA-QL,7,56962.0,2.104032939998433,19700,True,18,0.05555400000000001
WC_n200_R1000_s1,GA-QL,8,56962.0,1.9007123100018362,19700,True,25,0.039140000000000015
WC_n200_R1000_s1,GA-QL,9,56962.0,1.5652627690033114,19700,True,17,0.009538000000000003
WC_n200_R1000_s1,GA-QL-T,0,56962.0,1.9552705790010805,19700,True,13,0.03981600000000001
WC_n200_R1000_s1,GA-QL-T,1,56962.0,2.3178553840007226,19700,True,13,0.04402400000000001
WC_n200_R1000_s1,GA-QL-T,2,56962.0,1.664152869998361,19700,True,14,0.05279000000000002
WC_n200_R1000_s1,GA-QL-T,3,56962.0,2.16894259199762,19700,True,14,0.050302000000000006
WC_n200_R1000_s1,GA-QL-T,4,56962.0,2.315747193999414,19700,True,13,0.04510800000000001
WC_n200_R1000_s1,GA-QL-T,5,56962.0,2.262298446999921,19700,True,28,0.048230000000000016
WC_n200_R1000_s1,GA-QL-T,6,56962.0,2.1821554400012246,19700,True,13,0.039832000000000006
WC_n200_R1000_s1,GA-QL-T,7,56962.0,2.1594606219987327,19700,True,14,0.056540000000000014
WC_n200_R1000_s1,GA-QL-T,8,56962.0,1.9381916659986018,19700,True,21,0.05203600000000001
WC_n200_R1000_s1,GA-QL-T,9,56962.0,1.5195385539991548,19700,True,17,0.044704000000000015
WC_n200_R1000_s1,GA-QL-Tphi,0,56962.0,2.257238045000122,19700,True,20,0.015814000000000005
WC_n200_R1000_s1,GA-QL-Tphi,1,56962.0,2.2525099030026468,19700,True,22,0.04433200000000001
WC_n200_R1000_s1,GA-QL-Tphi,2,56962.0,2.241182009998738,19700,True,18,0.03617200000000001
WC_n200_R1000_s1,GA-QL-Tphi,3,56962.0,2.2535313820008014,19700,True,33,0.051240000000000015
WC_n200_R1000_s1,GA-QL-Tphi,4,56962.0,1.2289982900001633,19700,True,19,0.03817200000000001
WC_n200_R1000_s1,GA-QL-Tphi,5,56962.0,2.2734816150004917,19700,True,26,0.023290000000000005
WC_n200_R1000_s1,GA-QL-Tphi,6,56962.0,2.269993890000478,19700,True,14,0.04011200000000001
WC_n200_R1000_s1,GA-QL-Tphi,7,56962.0,2.027827225996589,19700,True,18,0.04090800000000001
WC_n200_R1000_s1,GA-QL-Tphi,8,56962.0,2.151325981998525,19700,True,30,0.03596400000000002
WC_n200_R1000_s1,GA-QL-Tphi,9,56962.0,1.433156045000942,19700,True,20,0.018522000000000004
WC_n200_R1000_s1,GA-RAND,0,56962.0,2.314261400999385,19700,True,16,0.03502800000000001
WC_n200_R1000_s1,GA-RAND,1,56962.0,2.134509449999314,19700,True,22,0.03550000000000001
WC_n200_R1000_s1,GA-RAND,2,56962.0,2.2982392679987242,19700,True,13,0.04150800000000001
WC_n200_R1000_s1,GA-RAND,3,56962.0,1.2335595639997337,19700,True,14,0.040546000000000006
WC_n200_R1000_s1,GA-RAND,4,56962.0,2.030150849997881,19700,True,19,0.03607600000000001
WC_n200_R1000_s1,GA-RAND,5,56962.0,2.1422260089966585,19700,True,18,0.05180200000000001
WC_n200_R1000_s1,GA-RAND,6,56962.0,2.3164609289997315,19700,True,15,0.044468000000000014
WC_n200_R1000_s1,GA-RAND,7,56962.0,1.3277985329987132,19700,True,17,0.008338000000000002
WC_n200_R1000_s1,GA-RAND,8,56962.0,1.818667028001073,19700,True,16,0.012890000000000004
WC_n200_R1000_s1,GA-RAND,9,56962.0,2.177909604000888,19700,True,18,0.03405400000000001
WC_n200_R1000_s1,GA-UCB,0,56962.0,2.2660881589981727,19700,True,16,0.038404000000000015
WC_n200_R1000_s1,GA-UCB,1,56962.0,1.8871394010020595,19700,True,17,0.05533400000000002
WC_n200_R1000_s1,GA-UCB,2,56962.0,2.2442645150003955,19700,True,17,0.036640000000000006
WC_n200_R1000_s1,GA-UCB,3,56962.0,1.9192564750010206,19700,True,18,0.04561600000000001
WC_n200_R1000_s1,GA-UCB,4,56962.0,2.305360803999065,19700,True,16,0.03814400000000001
WC_n200_R1000_s1,GA-UCB,5,56962.0,1.5237210930026777,19700,True,16,0.042538000000000006
WC_n200_R1000_s1,GA-UCB,6,56962.0,1.804294518999086,19700,True,20,0.007570000000000001
WC_n200_R1000_s1,GA-UCB,7,56962.0,1.868019750003441,19700,True,16,0.04191000000000001
WC_n200_R1000_s1,GA-UCB,8,56962.0,2.326889833999303,19700,True,19,0.03725800000000001
WC_n200_R1000_s1,GA-UCB,9,56962.0,2.13922220799941,19700,True,14,0.005104000000000002
WC_n200_R1000_s2,GA,0,55077.0,1.930282219000219,19700,True,20,0.008050000000000003
WC_n200_R1000_s2,GA,1,55080.0,2.109874724999827,19700,True,12,0.006086000000000003
WC_n200_R1000_s2,GA,2,55080.0,1.1488563810016785,19700,True,20,0.004498000000000001
WC_n200_R1000_s2,GA,3,55077.0,2.0691871760027425,19700,True,16,0.0035560000000000014
WC_n200_R1000_s2,GA,4,55080.0,2.0833127909972973,19700,True,13,0.005496000000000002
WC_n200_R1000_s2,GA,5,55080.0,2.080686818000686,19700,True,15,0.009430000000000004
WC_n200_R1000_s2,GA,6,55080.0,2.099036914998578,19700,True,169,0.002166000000000001
WC_n200_R1000_s2,GA,7,55079.0,1.488942660002067,19700,True,19,0.011866000000000003
WC_n200_R1000_s2,GA,8,55077.0,1.438503457000479,19700,True,17,0.0043440000000000015
WC_n200_R1000_s2,GA,9,55080.0,2.1448943720024545,19700,True,24,0.005254000000000001
WC_n200_R1000_s2,GA-FIX-UX+BF3,0,55080.0,2.4757597019997775,19700,True,21,0.04409600000000001
WC_n200_R1000_s2,GA-FIX-UX+BF3,1,55080.0,2.5158200090008904,19700,True,15,0.05527000000000002
WC_n200_R1000_s2,GA-FIX-UX+BF3,2,55080.0,2.3183591899978637,19700,True,17,0.06021200000000002
WC_n200_R1000_s2,GA-FIX-UX+BF3,3,55080.0,2.5215122340014204,19700,True,15,0.04896200000000001
WC_n200_R1000_s2,GA-FIX-UX+BF3,4,55080.0,1.6523911789990962,19700,True,14,0.04772000000000002
WC_n200_R1000_s2,GA-FIX-UX+BF3,5,55080.0,1.4353094440011773,19700,True,15,0.038888000000000006
WC_n200_R1000_s2,GA-FIX-UX+BF3,6,55080.0,2.468476810001448,19700,True,16,0.03976600000000001
WC_n200_R1000_s2,GA-FIX-UX+BF3,7,55080.0,2.462739184000384,19700,True,14,0.04664200000000001
WC_n200_R1000_s2,GA-FIX-UX+BF3,8,55080.0,2.472532133000641,19700,True,15,0.053000000000000026
WC_n200_R1000_s2,GA-FIX-UX+BF3,9,55080.0,2.4730142999978852,19700,True,16,0.039354000000000014
WC_n200_R1000_s2,GA-QL,0,55080.0,2.3270429510012036,19700,True,17,0.04088600000000001
WC_n200_R1000_s2,GA-QL,1,55080.0,1.4535086469986709,19700,True,16,0.022772000000000004
WC_n200_R1000_s2,GA-QL,2,55080.0,2.3259884839972074,19700,True,21,0.034558000000000005
WC_n200_R1000_s2,GA-QL,3,55092.0,2.3172058509990165,19700,True,36,0.018362000000000003
WC_n200_R1000_s2,GA-QL,4,55080.0,2.289053475000401,19700,True,15,0.04056800000000001
WC_n200_R1000_s2,GA-QL,5,55080.0,1.7478460060010548,19700,True,17,0.006086000000000003
WC_n200_R1000_s2,GA-QL,6,55080.0,2.336551110001892,19700,True,71,0.010016000000000002
WC_n200_R1000_s2,GA-QL,7,55080.0,1.2057526530006726,19700,True,14,0.048100000000000025
WC_n200_R1000_s2,GA-QL,8,55080.0,2.287947675999021,19700,True,15,0.032082000000000006
WC_n200_R1000_s2,GA-QL,9,55080.0,2.2922080530006497,19700,True,14,0.049844000000000006
WC_n200_R1000_s2,GA-QL-T,0,55080.0,1.1970333419994859,19700,True,14,0.060162000000000014
WC_n200_R1000_s2,GA-QL-T,1,55080.0,2.315017764998629,19700,True,15,0.051462000000000015
WC_n200_R1000_s2,GA-QL-T,2,55080.0,2.340931342998374,19700,True,14,0.04021600000000001
WC_n200_R1000_s2,GA-QL-T,3,55080.0,2.335983466000471,19700,True,15,0.04234400000000001
WC_n200_R1000_s2,GA-QL-T,4,55080.0,2.3159865099987655,19700,True,12,0.04645600000000002
WC_n200_R1000_s2,GA-QL-T,5,55080.0,2.377047031000984,19700,True,14,0.050726000000000014
WC_n200_R1000_s2,GA-QL-T,6,55080.0,1.1854790120014513,19700,True,12,0.051768000000000015
WC_n200_R1000_s2,GA-QL-T,7,55080.0,2.336248550000164,19700,True,15,0.04962200000000001
WC_n200_R1000_s2,GA-QL-T,8,55084.0,1.4442732820025412,19700,True,184,0.042296000000000014
WC_n200_R1000_s2,GA-QL-T,9,55080.0,2.313577326000086,19700,True,20,0.04795800000000001
WC_n200_R1000_s2,GA-QL-Tphi,0,55080.0,2.2519339790014783,19700,True,28,0.008306000000000003
WC_n200_R1000_s2,GA-QL-Tphi,1,55092.0,1.1828850389974832,19700,True,26,0.030400000000000003
WC_n200_R1000_s2,GA-QL-Tphi,2,55080.0,1.9676065489984467,19700,True,22,0.018036000000000007
WC_n200_R1000_s2,GA-QL-Tphi,3,55080.0,1.9998236410028767,19700,True,15,0.03662400000000001
WC_n200_R1000_s2,GA-QL-Tphi,4,55080.0,2.149685904998478,19700,True,22,0.007210000000000001
WC_n200_R1000_s2,GA-QL-Tphi,5,55080.0,2.2693190680001862,19700,True,16,0.037722000000000006
WC_n200_R1000_s2,GA-QL-Tphi,6,55080.0,2.3785467669986247,19700,True,141,0.010428000000000002
WC_n200_R1000_s2,GA-QL-Tphi,7,55080.0,2.3528244519984582,19700,True,20,0.015950000000000002
WC_n200_R1000_s2,GA-QL-Tphi,8,55092.0,1.9790985270010424,19700,True,37,0.050324000000000015
WC_n200_R1000_s2,GA-QL-Tphi,9,55080.0,1.5820191169987083,19700,True,18,0.005464000000000001
WC_n200_R1000_s2,GA-RAND,0,55080.0,2.2904776879986457,19700,True,16,0.03986600000000001
WC_n200_R1000_s2,GA-RAND,1,55092.0,2.2568739649977942,19700,True,25,0.04278000000000001
WC_n200_R1000_s2,GA-RAND,2,55080.0,2.337774323001213,19700,True,20,0.04472400000000002
WC_n200_R1000_s2,GA-RAND,3,55080.0,1.2460413209992112,19700,True,31,0.047022000000000015
WC_n200_R1000_s2,GA-RAND,4,55080.0,2.280570924998756,19700,True,15,0.03031600000000001
WC_n200_R1000_s2,GA-RAND,5,55080.0,2.210438530000829,19700,True,17,0.04987800000000002
WC_n200_R1000_s2,GA-RAND,6,55080.0,2.347269926998706,19700,True,14,0.033588000000000014
WC_n200_R1000_s2,GA-RAND,7,55080.0,2.0051527239993447,19700,True,15,0.0060700000000000025
WC_n200_R1000_s2,GA-RAND,8,55080.0,2.2928131480002776,19700,True,47,0.011988000000000006
WC_n200_R1000_s2,GA-RAND,9,55092.0,1.8203539509995608,19700,True,15,0.04585200000000001
WC_n200_R1000_s2,GA-UCB,0,55080.0,2.066417575999367,19700,True,14,0.018074000000000003
WC_n200_R1000_s2,GA-UCB,1,55080.0,2.216563647001749,19700,True,13,0.05676400000000003
WC_n200_R1000_s2,GA-UCB,2,55080.0,2.3070894240008784,19700,True,17,0.03503800000000001
WC_n200_R1000_s2,GA-UCB,3,55080.0,1.4972236470021016,19700,True,36,0.03815600000000001
WC_n200_R1000_s2,GA-UCB,4,55092.0,2.2984257789976255,19700,True,90,0.04180400000000001
WC_n200_R1000_s2,GA-UCB,5,55080.0,1.6040802720017382,19700,True,167,0.015062000000000002
WC_n200_R1000_s2,GA-UCB,6,55092.0,2.2643758990016067,19700,True,34,0.027010000000000006
WC_n200_R1000_s2,GA-UCB,7,55080.0,2.3949353429998155,19700,True,187,0.05089200000000002
WC_n200_R1000_s2,GA-UCB,8,55080.0,1.9876820979989134,19700,True,15,0.03463200000000001
WC_n200_R1000_s2,GA-UCB,9,55080.0,2.3399987119992147,19700,True,15,0.021026000000000006
WC_n500_R1000_s0,GA,0,142133.0,4.242565235999791,19700,True,36,0.004782400000000001
WC_n500_R1000_s0,GA,1,142141.0,4.6179338000001735,19700,True,31,0.0042944
WC_n500_R1000_s0,GA,2,142139.0,4.513221585999418,19700,True,85,0.004312000000000002
WC_n500_R1000_s0,GA,3,142148.0,4.660525475999748,19700,True,37,0.004380000000000001
WC_n500_R1000_s0,GA,4,142150.0,4.236057824000454,19700,True,41,0.0034888000000000007
WC_n500_R1000_s0,GA,5,142143.0,4.601058927997656,19700,True,44,0.0034192000000000007
WC_n500_R1000_s0,GA,6,142145.0,4.697737633003271,19700,True,38,0.0022792000000000003
WC_n500_R1000_s0,GA,7,142132.0,4.300629500001378,19700,True,47,0.0033480000000000007
WC_n500_R1000_s0,GA,8,142145.0,4.311988060002477,19700,True,45,0.002588000000000001
WC_n500_R1000_s0,GA,9,142148.0,3.4304237340002146,19700,True,44,0.004147200000000001
WC_n500_R1000_s0,GA-FIX-UX+BF3,0,142152.0,5.444447373000003,19700,True,44,0.032838400000000004
WC_n500_R1000_s0,GA-FIX-UX+BF3,1,142152.0,4.996016999000858,19700,True,110,0.02377840000000001
WC_n500_R1000_s0,GA-FIX-UX+BF3,2,142152.0,5.197154680001404,19700,True,87,0.028435200000000008
WC_n500_R1000_s0,GA-FIX-UX+BF3,3,142152.0,5.9935138580003695,19700,True,52,0.023614400000000008
WC_n500_R1000_s0,GA-FIX-UX+BF3,4,142152.0,5.926925794999988,19700,True,44,0.020882400000000002
WC_n500_R1000_s0,GA-FIX-UX+BF3,5,142152.0,5.6101368549971085,19700,True,58,0.028371200000000006
WC_n500_R1000_s0,GA-FIX-UX+BF3,6,142152.0,5.891014320000977,19700,True,32,0.03116320000000001
WC_n500_R1000_s0,GA-FIX-UX+BF3,7,142151.0,5.961215736999293,19700,True,97,0.023190400000000003
WC_n500_R1000_s0,GA-FIX-UX+BF3,8,142152.0,5.863590504999593,19700,True,34,0.019373600000000005
WC_n500_R1000_s0,GA-FIX-UX+BF3,9,142147.0,6.1317467789995135,19700,True,40,0.023044000000000005
WC_n500_R1000_s0,GA-QL,0,142149.0,4.2008735809977225,19700,True,137,0.022178400000000008
WC_n500_R1000_s0,GA-QL,1,142150.0,3.858769089998532,19700,True,31,0.024004000000000004
WC_n500_R1000_s0,GA-QL,2,142151.0,5.152516281999851,19700,True,117,0.024576800000000006
WC_n500_R1000_s0,GA-QL,3,142151.0,4.890376797000499,19700,True,110,0.015054400000000003
WC_n500_R1000_s0,GA-QL,4,142145.0,5.639629621000495,19700,True,49,0.011369600000000002
WC_n500_R1000_s0,GA-QL,5,142147.0,5.538336906996847,19700,True,30,0.021195200000000008
WC_n500_R1000_s0,GA-QL,6,142150.0,5.081483726000442,19700,True,66,0.025112800000000008
WC_n500_R1000_s0,GA-QL,7,142144.0,5.717591412001639,19700,True,190,0.023027200000000008
WC_n500_R1000_s0,GA-QL,8,142152.0,6.1844237799996336,19700,True,45,0.012614400000000003
WC_n500_R1000_s0,GA-QL,9,142145.0,6.2940568900012295,19700,True,47,0.024298400000000008
WC_n500_R1000_s0,GA-QL-T,0,142150.0,5.5103420880004705,19700,True,29,0.013961600000000005
WC_n500_R1000_s0,GA-QL-T,1,142147.0,5.890508966000198,19700,True,124,0.019775200000000007
WC_n500_R1000_s0,GA-QL-T,2,142152.0,6.182536100997822,19700,True,31,0.0163072
WC_n500_R1000_s0,GA-QL-T,3,142152.0,5.826217145000555,19700,True,30,0.007986400000000001
WC_n500_R1000_s0,GA-QL-T,4,142152.0,5.803548800999124,19700,True,32,0.007644800000000001
WC_n500_R1000_s0,GA-QL-T,5,142150.0,5.281517313000222,19700,True,33,0.021448800000000004
WC_n500_R1000_s0,GA-QL-T,6,142145.0,4.925871201001428,19700,True,34,0.0031072000000000005
WC_n500_R1000_s0,GA-QL-T,7,142152.0,4.872128425999108,19700,True,47,0.018948000000000003
WC_n500_R1000_s0,GA-QL-T,8,142150.0,4.783547155999258,19700,True,29,0.008013600000000003
WC_n500_R1000_s0,GA-QL-T,9,142144.0,4.638583115000074,19700,True,190,0.024224000000000006
WC_n500_R1000_s0,GA-QL-Tphi,0,142143.0,5.188617785999668,19700,True,52,0.010419200000000003
WC_n500_R1000_s0,GA-QL-Tphi,1,142150.0,5.191213813999639,19700,True,43,0.023900800000000003
WC_n500_R1000_s0,GA-QL-Tphi,2,142150.0,4.3815367329989385,19700,True,33,0.020938400000000006
WC_n500_R1000_s0,GA-QL-Tphi,3,142151.0,4.891361124999094,19700,True,74,0.0080072
WC_n500_R1000_s0,GA-QL-Tphi,4,142152.0,4.879741605996969,19700,True,74,0.018362400000000008
WC_n500_R1000_s0,GA-QL-Tphi,5,142148.0,4.376263783000468,19700,True,49,0.010008000000000003
WC_n500_R1000_s0,GA-QL-Tphi,6,142151.0,4.8428315080018365,19700,True,58,0.017897600000000003
WC_n500_R1000_s0,GA-QL-Tphi,7,142152.0,5.003836265997961,19700,True,65,0.0158848
WC_n500_R1000_s0,GA-QL-Tphi,8,142152.0,4.588013690998196,19700,True,72,0.014184000000000002
WC_n500_R1000_s0,GA-QL-Tphi,9,142152.0,4.4826269509976555,19700,True,64,0.020284800000000006
WC_n500_R1000_s0,GA-RAND,0,142152.0,4.706958705999568,19700,True,100,0.0120528
WC_n500_R1000_s0,GA-RAND,1,142148.0,3.3702925680008775,19700,True,32,0.011345600000000003
WC_n500_R1000_s0,GA-RAND,2,142152.0,4.920874930001446,19700,True,39,0.020900800000000004
WC_n500_R1000_s0,GA-RAND,3,142151.0,4.796540504001314,19700,True,39,0.022524800000000005
WC_n500_R1000_s0,GA-RAND,4,142145.0,4.919174427999678,19700,True,34,0.0194264
WC_n500_R1000_s0,GA-RAND,5,142143.0,4.678789713001606,19700,True,43,0.020020000000000007
WC_n500_R1000_s0,GA-RAND,6,142147.0,4.284789386001648,19700,True,34,0.021720000000000007
WC_n500_R1000_s0,GA-RAND,7,142150.0,3.7662462159969436,19700,True,30,0.012076
WC_n500_R1000_s0,GA-RAND,8,142150.0,3.519731316002435,19700,True,158,0.022912000000000002
WC_n500_R1000_s0,GA-RAND,9,142143.0,5.021267296997394,19700,True,148,0.021962400000000003
WC_n500_R1000_s0,GA-UCB,0,142148.0,4.884225970003172,19700,True,51,0.009749600000000002
WC_n500_R1000_s0,GA-UCB,1,142143.0,4.364830102000269,19700,True,51,0.02578320000000001
WC_n500_R1000_s0,GA-UCB,2,142148.0,4.343718679003359,19700,True,141,0.023816000000000007
WC_n500_R1000_s0,GA-UCB,3,142145.0,4.4560295400006,19700,True,36,0.019800000000000005
WC_n500_R1000_s0,GA-UCB,4,142145.0,4.966443992001587,19700,True,58,0.019220800000000003
WC_n500_R1000_s0,GA-UCB,5,142145.0,3.926814465001371,19700,True,38,0.019275200000000006
WC_n500_R1000_s0,GA-UCB,6,142145.0,4.959428643996944,19700,True,47,0.023698400000000005
WC_n500_R1000_s0,GA-UCB,7,142147.0,4.3684532920015045,19700,True,46,0.028435200000000008
WC_n500_R1000_s0,GA-UCB,8,142152.0,4.373447551999561,19700,True,105,0.019909600000000003
WC_n500_R1000_s0,GA-UCB,9,142150.0,5.001093148999644,19700,True,36,0.017802400000000006
WC_n500_R1000_s1,GA,0,139070.0,3.558582279001712,19700,True,59,0.0030360000000000005
WC_n500_R1000_s1,GA,1,139066.0,4.423104197001521,19700,True,33,0.004942400000000001
WC_n500_R1000_s1,GA,2,139066.0,4.676761280999926,19700,True,32,0.0016536000000000003
WC_n500_R1000_s1,GA,3,139071.0,4.082445539999753,19700,True,34,0.004999200000000002
WC_n500_R1000_s1,GA,4,139066.0,4.6884710680024,19700,True,146,0.0028048000000000005
WC_n500_R1000_s1,GA,5,139064.0,4.563293354000052,19700,True,65,0.005456000000000002
WC_n500_R1000_s1,GA,6,139066.0,4.80416649900144,19700,True,39,0.0039640000000000005
WC_n500_R1000_s1,GA,7,139066.0,4.495255379002629,19700,True,47,0.007381600000000001
WC_n500_R1000_s1,GA,8,139070.0,3.598877500000526,19700,True,86,0.0036000000000000008
WC_n500_R1000_s1,GA,9,139066.0,4.411957688000257,19700,True,93,0.003272000000000001
WC_n500_R1000_s1,GA-FIX-UX+BF3,0,139066.0,4.980383965001238,19700,True,25,0.019342400000000006
WC_n500_R1000_s1,GA-FIX-UX+BF3,1,139070.0,4.977072006000526,19700,True,43,0.02488480000000001
WC_n500_R1000_s1,GA-FIX-UX+BF3,2,139070.0,5.471040746000654,19700,True,38,0.02460880000000001
WC_n500_R1000_s1,GA-FIX-UX+BF3,3,139069.0,4.756397687000572,19700,True,37,0.019827200000000003
WC_n500_R1000_s1,GA-FIX-UX+BF3,4,139070.0,4.920845934000681,19700,True,54,0.02464880000000001
WC_n500_R1000_s1,GA-FIX-UX+BF3,5,139070.0,5.180181848998473,19700,True,144,0.021750400000000007
WC_n500_R1000_s1,GA-FIX-UX+BF3,6,139070.0,5.146933721996902,19700,True,33,0.024695200000000007
WC_n500_R1000_s1,GA-FIX-UX+BF3,7,139066.0,4.063494985999569,19700,True,31,0.022348000000000007
WC_n500_R1000_s1,GA-FIX-UX+BF3,8,139068.0,4.751562535002449,19700,True,29,0.018666400000000003
WC_n500_R1000_s1,GA-FIX-UX+BF3,9,139070.0,4.922766054998647,19700,True,29,0.020169600000000006
WC_n500_R1000_s1,GA-QL,0,139070.0,5.219473832999938,19700,True,67,0.02705440000000001
WC_n500_R1000_s1,GA-QL,1,139070.0,4.052247583997087,19700,True,52,0.020283200000000008
WC_n500_R1000_s1,GA-QL,2,139070.0,5.154735872998572,19700,True,31,0.024167200000000007
WC_n500_R1000_s1,GA-QL,3,139070.0,4.956951798998489,19700,True,134,0.021777600000000008
WC_n500_R1000_s1,GA-QL,4,139070.0,5.1182531739978,19700,True,30,0.004592000000000001
WC_n500_R1000_s1,GA-QL,5,139064.0,5.004505567001615,19700,True,51,0.014292800000000003
WC_n500_R1000_s1,GA-QL,6,139066.0,5.262323595001362,19700,True,38,0.021934400000000003
WC_n500_R1000_s1,GA-QL,7,139066.0,4.411878920000163,19700,True,39,0.018853600000000005
WC_n500_R1000_s1,GA-QL,8,139070.0,4.170716157001152,19700,True,23,0.025751200000000005
WC_n500_R1000_s1,GA-QL,9,139066.0,4.585976189999201,19700,True,38,0.023547200000000004
WC_n500_R1000_s1,GA-QL-T,0,139070.0,5.1176344719970075,19700,True,30,0.015876000000000005
WC_n500_R1000_s1,GA-QL-T,1,139070.0,4.629377970002679,19700,True,187,0.019114400000000004
WC_n500_R1000_s1,GA-QL-T,2,139069.0,4.532630914000038,19700,True,179,0.03306320000000001
WC_n500_R1000_s1,GA-QL-T,3,139070.0,4.933184508998238,19700,True,37,0.005110400000000002
WC_n500_R1000_s1,GA-QL-T,4,139070.0,5.047457597000175,19700,True,131,0.018328800000000003
WC_n500_R1000_s1,GA-QL-T,5,139070.0,4.3003520220008795,19700,True,53,0.029429600000000007
WC_n500_R1000_s1,GA-QL-T,6,139066.0,4.783690609001496,19700,True,26,0.0075736000000000015
WC_n500_R1000_s1,GA-QL-T,7,139070.0,4.638768348002486,19700,True,32,0.0055752000000000015
WC_n500_R1000_s1,GA-QL-T,8,139068.0,5.146774331002234,19700,True,83,0.0060760000000000015
WC_n500_R1000_s1,GA-QL-T,9,139070.0,5.22824577099891,19700,True,44,0.005632800000000001
WC_n500_R1000_s1,GA-QL-Tphi,0,139068.0,4.293449028999021,19700,True,50,0.024085600000000006
WC_n500_R1000_s1,GA-QL-Tphi,1,139066.0,4.144999959000415,19700,True,42,0.015828800000000004
WC_n500_R1000_s1,GA-QL-Tphi,2,139066.0,4.735025468999083,19700,True,66,0.010817600000000004
WC_n500_R1000_s1,GA-QL-Tphi,3,139070.0,4.534937477998028,19700,True,190,0.025368800000000007
WC_n500_R1000_s1,GA-QL-Tphi,4,139066.0,4.680648981000559,19700,True,59,0.018493600000000006
WC_n500_R1000_s1,GA-QL-Tphi,5,139066.0,3.831418372999906,19700,True,40,0.017526400000000004
WC_n500_R1000_s1,GA-QL-Tphi,6,139066.0,4.2736366459976125,19700,True,34,0.01841120000000001
WC_n500_R1000_s1,GA-QL-Tphi,7,139070.0,4.851271056999394,19700,True,192,0.021035200000000004
WC_n500_R1000_s1,GA-QL-Tphi,8,139070.0,4.9720120540005155,19700,True,65,0.017716800000000005
WC_n500_R1000_s1,GA-QL-Tphi,9,139069.0,4.942852082996978,19700,True,44,0.018885600000000002
WC_n500_R1000_s1,GA-RAND,0,139066.0,4.037900028000877,19700,True,31,0.010607200000000002
WC_n500_R1000_s1,GA-RAND,1,139066.0,4.346935544999724,19700,True,30,0.0068936000000000015
WC_n500_R1000_s1,GA-RAND,2,139071.0,4.933383187999425,19700,True,46,0.025004000000000005
WC_n500_R1000_s1,GA-RAND,3,139069.0,4.674745738000638,19700,True,101,0.019013600000000005
WC_n500_R1000_s1,GA-RAND,4,139069.0,4.839247464999062,19700,True,51,0.017210400000000008
WC_n500_R1000_s1,GA-RAND,5,139069.0,3.3612861549991067,19700,True,33,0.024544000000000003
WC_n500_R1000_s1,GA-RAND,6,139062.0,4.933682866001618,19700,True,36,0.019400000000000004
WC_n500_R1000_s1,GA-RAND,7,139070.0,4.954987003999122,19700,True,32,0.013271200000000004
WC_n500_R1000_s1,GA-RAND,8,139066.0,3.9448719850006455,19700,True,35,0.02379520000000001
WC_n500_R1000_s1,GA-RAND,9,139070.0,4.39443410199965,19700,True,57,0.02670960000000001
WC_n500_R1000_s1,GA-UCB,0,139066.0,4.1480098360007105,19700,True,78,0.023050400000000002
WC_n500_R1000_s1,GA-UCB,1,139068.0,4.392363850001857,19700,True,43,0.027200800000000008
WC_n500_R1000_s1,GA-UCB,2,139066.0,3.93596616600189,19700,True,39,0.0194384
WC_n500_R1000_s1,GA-UCB,3,139070.0,4.801043298000877,19700,True,37,0.013189600000000003
WC_n500_R1000_s1,GA-UCB,4,139066.0,4.8389876629989885,19700,True,44,0.010478400000000002
WC_n500_R1000_s1,GA-UCB,5,139071.0,4.838973906000319,19700,True,166,0.019695200000000006
WC_n500_R1000_s1,GA-UCB,6,139066.0,4.426227537001978,19700,True,39,0.008008000000000003
WC_n500_R1000_s1,GA-UCB,7,139070.0,5.015980380998371,19700,True,45,0.018233600000000003
WC_n500_R1000_s1,GA-UCB,8,139070.0,4.421729325000342,19700,True,151,0.028741600000000006
WC_n500_R1000_s1,GA-UCB,9,139066.0,3.173221065000689,19700,True,35,0.016250400000000005
WC_n500_R1000_s2,GA,0,137691.0,4.50854261099812,19700,True,35,0.006765600000000002
WC_n500_R1000_s2,GA,1,137692.0,3.661008058999869,19700,True,30,0.006920800000000001
WC_n500_R1000_s2,GA,2,137700.0,4.735022134002065,19700,True,36,0.004027200000000001
WC_n500_R1000_s2,GA,3,137693.0,4.225882347000152,19700,True,34,0.004274400000000002
WC_n500_R1000_s2,GA,4,137700.0,4.563808216997131,19700,True,104,0.0021208000000000004
WC_n500_R1000_s2,GA,5,137694.0,4.345193781999114,19700,True,37,0.0053408000000000014
WC_n500_R1000_s2,GA,6,137700.0,4.7951426899999205,19700,True,32,0.003264000000000001
WC_n500_R1000_s2,GA,7,137697.0,4.16947342200001,19700,True,34,0.007602400000000001
WC_n500_R1000_s2,GA,8,137700.0,4.478621717000351,19700,True,42,0.004074400000000001
WC_n500_R1000_s2,GA,9,137695.0,4.5885826960002305,19700,True,35,0.0044496000000000015
WC_n500_R1000_s2,GA-FIX-UX+BF3,0,137701.0,6.656926121002471,19700,True,113,0.03331440000000001
WC_n500_R1000_s2,GA-FIX-UX+BF3,1,137700.0,6.4602769640005135,19700,True,31,0.02634320000000001
WC_n500_R1000_s2,GA-FIX-UX+BF3,2,137700.0,6.767156691003038,19700,True,31,0.024199200000000004
WC_n500_R1000_s2,GA-FIX-UX+BF3,3,137700.0,6.1595687869994435,19700,True,127,0.028396000000000005
WC_n500_R1000_s2,GA-FIX-UX+BF3,4,137700.0,5.794020987999829,19700,True,42,0.023696000000000005
WC_n500_R1000_s2,GA-FIX-UX+BF3,5,137700.0,6.130760839001596,19700,True,105,0.03200240000000001
WC_n500_R1000_s2,GA-FIX-UX+BF3,6,137700.0,5.6308715070008475,19700,True,36,0.028903200000000007
WC_n500_R1000_s2,GA-FIX-UX+BF3,7,137700.0,5.344555016999948,19700,True,51,0.022052800000000004
WC_n500_R1000_s2,GA-FIX-UX+BF3,8,137701.0,5.471045559999766,19700,True,84,0.023253600000000006
WC_n500_R1000_s2,GA-FIX-UX+BF3,9,137701.0,5.1098696640001435,19700,True,44,0.022250400000000007
WC_n500_R1000_s2,GA-QL,0,137697.0,5.11350173900064,19700,True,198,0.010841600000000002
WC_n500_R1000_s2,GA-QL,1,137700.0,6.233343507999962,19700,True,28,0.01640800000000001
WC_n500_R1000_s2,GA-QL,2,137700.0,6.2846823609979765,19700,True,39,0.004291200000000002
WC_n500_R1000_s2,GA-QL,3,137700.0,6.328856676998839,19700,True,175,0.021450400000000005
WC_n500_R1000_s2,GA-QL,4,137696.0,5.732584901998052,19700,True,49,0.018473600000000003
WC_n500_R1000_s2,GA-QL,5,137700.0,5.399520228998881,19700,True,40,0.0189296
WC_n500_R1000_s2,GA-QL,6,137691.0,6.629425198003446,19700,True,33,0.025994400000000004
WC_n500_R1000_s2,GA-QL,7,137700.0,6.944355384999653,19700,True,29,0.025000800000000004
WC_n500_R1000_s2,GA-QL,8,137696.0,5.879727895000542,19700,True,28,0.020327200000000004
WC_n500_R1000_s2,GA-QL,9,137697.0,5.8030691999993,19700,True,125,0.003716800000000001
WC_n500_R1000_s2,GA-QL-T,0,137700.0,6.006801952000387,19700,True,30,0.006594400000000002
WC_n500_R1000_s2,GA-QL-T,1,137700.0,5.887247545000719,19700,True,27,0.020558400000000004
WC_n500_R1000_s2,GA-QL-T,2,137701.0,6.6294561110007635,19700,True,35,0.005724000000000001
WC_n500_R1000_s2,GA-QL-T,3,137700.0,5.624842904999241,19700,True,148,0.031049600000000007
WC_n500_R1000_s2,GA-QL-T,4,137700.0,5.889961362998292,19700,True,25,0.009544800000000003
WC_n500_R1000_s2,GA-QL-T,5,137698.0,6.396848880001926,19700,True,26,0.015677600000000007
WC_n500_R1000_s2,GA-QL-T,6,137698.0,6.308775572000741,19700,True,168,0.0211688
WC_n500_R1000_s2,GA-QL-T,7,137701.0,6.142975758997636,19700,True,102,0.017208800000000003
WC_n500_R1000_s2,GA-QL-T,8,137700.0,6.172853543001111,19700,True,33,0.011252800000000002
WC_n500_R1000_s2,GA-QL-T,9,137700.0,6.572069673002261,19700,True,30,0.0059440000000000005
WC_n500_R1000_s2,GA-QL-Tphi,0,137699.0,4.766640400997858,19700,True,44,0.006400800000000002
WC_n500_R1000_s2,GA-QL-Tphi,1,137697.0,4.989420447000157,19700,True,179,0.031228800000000008
WC_n500_R1000_s2,GA-QL-Tphi,2,137696.0,4.986373392999667,19700,True,87,0.014240800000000001
WC_n500_R1000_s2,GA-QL-Tphi,3,137701.0,3.6726653660007287,19700,True,73,0.013855200000000003
WC_n500_R1000_s2,GA-QL-Tphi,4,137696.0,3.6562027529980696,19700,True,39,0.027776800000000008
WC_n500_R1000_s2,GA-QL-Tphi,5,137699.0,4.2580518949980615,19700,True,39,0.015310400000000002
WC_n500_R1000_s2,GA-QL-Tphi,6,137700.0,4.835044701998413,19700,True,42,0.007028000000000002
WC_n500_R1000_s2,GA-QL-Tphi,7,137697.0,4.4654850299994,19700,True,44,0.018664000000000004
WC_n500_R1000_s2,GA-QL-Tphi,8,137701.0,3.5533290060011495,19700,True,64,0.010032800000000001
WC_n500_R1000_s2,GA-QL-Tphi,9,137700.0,4.852169506000791,19700,True,41,0.021841600000000006
WC_n500_R1000_s2,GA-RAND,0,137700.0,4.522855196999444,19700,True,30,0.012221600000000003
WC_n500_R1000_s2,GA-RAND,1,137700.0,4.783317468998575,19700,True,51,0.013600000000000003
WC_n500_R1000_s2,GA-RAND,2,137701.0,3.9052689470008772,19700,True,36,0.0210496
WC_n500_R1000_s2,GA-RAND,3,137700.0,4.588114171001507,19700,True,57,0.020363200000000005
WC_n500_R1000_s2,GA-RAND,4,137696.0,4.852967724000337,19700,True,29,0.02058800000000001
WC_n500_R1000_s2,GA-RAND,5,137695.0,3.5459784920021775,19700,True,33,0.022496800000000004
WC_n500_R1000_s2,GA-RAND,6,137700.0,4.661679116001324,19700,True,38,0.022745600000000005
WC_n500_R1000_s2,GA-RAND,7,137696.0,3.706595660001767,19700,True,149,0.017213600000000003
WC_n500_R1000_s2,GA-RAND,8,137697.0,4.464367442000366,19700,True,64,0.027409600000000006
WC_n500_R1000_s2,GA-RAND,9,137700.0,5.032150111001101,19700,True,198,0.029917600000000006
WC_n500_R1000_s2,GA-UCB,0,137696.0,3.7574445940008445,19700,True,30,0.013317600000000004
WC_n500_R1000_s2,GA-UCB,1,137697.0,4.827406469001289,19700,True,26,0.022978400000000006
WC_n500_R1000_s2,GA-UCB,2,137700.0,4.851402331998543,19700,True,32,0.004528800000000001
WC_n500_R1000_s2,GA-UCB,3,137700.0,2.904979883998749,19700,True,29,0.019467200000000004
WC_n500_R1000_s2,GA-UCB,4,137700.0,4.756176285001857,19700,True,42,0.032349600000000006
WC_n500_R1000_s2,GA-UCB,5,137700.0,4.668299102999299,19700,True,84,0.025057600000000006
WC_n500_R1000_s2,GA-UCB,6,137696.0,4.905447061999439,19700,True,31,0.021707200000000006
WC_n500_R1000_s2,GA-UCB,7,137699.0,4.589176569999836,19700,True,179,0.021695200000000005
WC_n500_R1000_s2,GA-UCB,8,137700.0,4.124013692002336,19700,True,36,0.010664800000000002
WC_n500_R1000_s2,GA-UCB,9,137700.0,5.1357495470001595,19700,True,29,0.017728
